il,ilce,mahalle,lat,lon,m2,yapim_yili,yapi_tarzi_kod,yapi_kalitesi_kod,fiyat,tarih,konut_tipi,kat,rapor_yili,bina_yasi,m2_fiyat
KAYSERİ,YAHYALI,SEYDİLİ MAHALLESİ,38.099917,35.357396,111.0,2015.0,1.0,2.0,160000.0,2018-10-15 17:04:00,Apartman/Mesken,3.0,2018.0,3.0,1441.4414414414414
KAYSERİ,MELİKGAZİ,ALPASLAN MAHALLESİ,38.725291,35.515845,190.0,2002.0,1.0,2.0,475000.0,2018-10-11 09:20:00,Apartman/Mesken,9.0,2018.0,16.0,2500.0
KAYSERİ,MELİKGAZİ,ALPASLAN MAHALLESİ,38.724408,35.511009,122.0,1990.0,1.0,3.0,200000.0,2019-09-30 00:00:00,Apartman/Mesken,1.0,2019.0,29.0,1639.344262295082
KAYSERİ,MELİKGAZİ,KANLIYURT MAHALLESİ,38.736025,35.410169,110.0,2015.0,1.0,3.0,205000.0,2019-09-30 00:00:00,Apartman/Mesken,3.0,2019.0,4.0,1863.6363636363637
KAYSERİ,HACILAR,AŞAĞI MAHALLESİ,38.636748,35.47128,130.0,1978.0,1.0,3.0,440000.0,2019-09-30 00:00:00,Apartman/Mesken,,2019.0,41.0,3384.6153846153848
KAYSERİ,İNCESU,VALİ İHSAN ARAS MAHALLESİ,38.62914,35.186067,155.0,2017.0,1.0,2.0,185000.0,2019-09-30 00:00:00,Apartman/Mesken,5.0,2019.0,2.0,1193.5483870967741
KAYSERİ,TALAS,KİÇİKÖY MAHALLESİ,38.696765,35.542134,114.0,1984.0,1.0,4.0,150000.0,2019-09-30 00:00:00,Apartman/Mesken,1.0,2019.0,35.0,1315.7894736842106
KAYSERİ,TALAS,TALAS MAHALLESİ,38.699201,35.552369,110.0,1999.0,1.0,3.0,185000.0,2019-09-30 00:00:00,Apartman/Mesken,4.0,2019.0,20.0,1681.8181818181818
KAYSERİ,KOCASİNAN,YENİPERVANE MAHALLESİ,38.746847,35.510674,158.0,1994.0,1.0,3.0,150000.0,2019-09-30 00:00:00,Apartman/Mesken,3.0,2019.0,25.0,949.367088607595
KAYSERİ,MELİKGAZİ,1. ESKİŞEHİR MAHALLESİ,38.689856,35.493414,130.0,2006.0,1.0,3.0,210000.0,2019-09-30 00:00:00,Apartman/Mesken,1.0,2019.0,13.0,1615.3846153846155
KAYSERİ,TALAS,KİÇİKÖY MAHALLESİ,38.690161,35.560555,130.0,2010.0,1.0,2.0,260000.0,2019-09-30 00:00:00,Apartman/Mesken,9.0,2019.0,9.0,2000.0
KAYSERİ,KOCASİNAN,ZİYA GÖKALP MAHALLESİ,38.741427,35.442098,97.0,1992.0,1.0,3.0,155000.0,2019-09-30 00:00:00,Apartman/Mesken,3.0,2019.0,27.0,1597.9381443298969
KAYSERİ,KOCASİNAN,YENİDOĞAN MAHALLESİ,38.743596,35.434588,131.0,2014.0,1.0,1.0,500000.0,2019-09-30 00:00:00,Apartman/Mesken,3.0,2019.0,5.0,3816.793893129771
KAYSERİ,MELİKGAZİ,BAHÇELİEVLER MAHALLESİ,38.768987,35.598229,115.0,,,,170000.0,2019-09-30 00:00:00,Apartman/Mesken,3.0,2019.0,,1478.2608695652175
KAYSERİ,TALAS,KİÇİKÖY MAHALLESİ,38.688298,35.555829,100.0,1985.0,1.0,4.0,130000.0,2019-01-10 16:47:00,Apartman/Mesken,1.0,2019.0,34.0,1300.0
KAYSERİ,HACILAR,,38.679965,35.359776,404.0,2015.0,1.0,2.0,390000.0,2019-09-30 00:00:00,Apartman/Mesken,,2019.0,4.0,965.3465346534654
KAYSERİ,KOCASİNAN,PERVANE MAHALLESİ,38.746308,35.499956,142.0,2019.0,1.0,2.0,320000.0,2019-09-30 00:00:00,Apartman/Mesken,6.0,2019.0,0.0,2253.521126760563
KAYSERİ,MELİKGAZİ,ÇAY MAHALLESİ,38.688411,35.520858,421.0,2003.0,1.0,2.0,1100000.0,2019-09-30 00:00:00,Villa,0.0,2019.0,16.0,2612.826603325416
KAYSERİ,MELİKGAZİ,AYDINLIKEVLER MAHALLESİ,38.71994,35.471154,84.0,1977.0,1.0,4.0,100000.0,2019-09-30 00:00:00,Apartman/Mesken,0.0,2019.0,42.0,1190.4761904761904
KAYSERİ,MELİKGAZİ,ÇAY MAHALLESİ,38.689278,35.524688,259.0,2017.0,1.0,2.0,825000.0,2019-09-30 00:00:00,Villa,1.0,2019.0,2.0,3185.3281853281856
KAYSERİ,KOCASİNAN,ERKİLET MAHALLESİ,38.78585,35.457421,144.0,2016.0,1.0,1.0,455000.0,2019-09-30 00:00:00,Apartman/Mesken,7.0,2019.0,3.0,3159.722222222222
KAYSERİ,MELİKGAZİ,GESİ MAHALLESİ,38.794832,35.641,408.0,2004.0,1.0,3.0,375000.0,2019-09-30 00:00:00,Apartman/Mesken,,2019.0,15.0,919.1176470588235
KAYSERİ,KOCASİNAN,SÜMER MAHALLESİ,38.738436,35.464392,109.0,2001.0,1.0,3.0,150000.0,2019-09-30 00:00:00,Apartman/Mesken,3.0,2019.0,18.0,1376.1467889908256
KAYSERİ,TALAS,TALAS MAHALLESİ,38.7171,35.557765,148.0,,,,255000.0,2019-09-30 00:00:00,Apartman/Mesken,5.0,2019.0,,1722.972972972973
KAYSERİ,TALAS,YUKARI TALAS MAHALLESİ,38.670582,35.570048,216.0,,,,695000.0,2019-09-30 00:00:00,Apartman/Mesken,1.0,2019.0,,3217.5925925925926
KAYSERİ,MELİKGAZİ,OSMANLI MAHALLESİ,38.69126,35.479292,340.0,1997.0,1.0,3.0,275000.0,2019-09-30 00:00:00,Apartman/Mesken,,2019.0,22.0,808.8235294117648
KAYSERİ,MELİKGAZİ,AYDINLIKEVLER MAHALLESİ,38.721897,35.463636,103.0,2006.0,1.0,3.0,200000.0,2019-09-30 00:00:00,Apartman/Mesken,6.0,2019.0,13.0,1941.7475728155339
KAYSERİ,KOCASİNAN,SÜMER MAHALLESİ,38.73995,35.462099,110.0,2011.0,1.0,3.0,180000.0,2019-09-30 00:00:00,Apartman/Mesken,9.0,2019.0,8.0,1636.3636363636363
KAYSERİ,KOCASİNAN,KARPUZATAN DÜZ MAHALLESİ,38.750305,35.461984,108.0,2000.0,1.0,3.0,150000.0,2019-09-30 00:00:00,Apartman/Mesken,3.0,2019.0,19.0,1388.888888888889
KAYSERİ,DEVELİ,FENESEAŞAĞI MAHALLESİ,38.390513,35.499444,135.0,,,,180000.0,2019-09-30 00:00:00,Apartman/Mesken,4.0,2019.0,,1333.3333333333333
KAYSERİ,MELİKGAZİ,KEYKUBAT MAHALLESİ,38.741268,35.407472,101.0,2016.0,1.0,2.0,210000.0,2019-09-30 00:00:00,Apartman/Mesken,3.0,2019.0,3.0,2079.207920792079
KAYSERİ,MELİKGAZİ,GESİ MAHALLESİ,38.791682,35.59507,118.0,2018.0,1.0,2.0,175000.0,2019-09-30 00:00:00,Apartman/Mesken,2.0,2019.0,1.0,1483.050847457627
KAYSERİ,KOCASİNAN,BEYAZŞEHİR MAHALLESİ,38.78104,35.594539,116.0,2008.0,1.0,3.0,155000.0,2019-09-30 00:00:00,Apartman/Mesken,7.0,2019.0,11.0,1336.2068965517242
KAYSERİ,KOCASİNAN,ERKİLET MAHALLESİ,38.787241,35.452939,129.0,2016.0,1.0,2.0,200000.0,2019-09-30 00:00:00,Apartman/Mesken,8.0,2019.0,3.0,1550.3875968992247
KAYSERİ,KOCASİNAN,ZİYA GÖKALP MAHALLESİ,38.745054,35.442436,75.0,1992.0,1.0,3.0,100000.0,2019-09-30 00:00:00,Apartman/Mesken,0.0,2019.0,27.0,1333.3333333333333
KAYSERİ,TALAS,HARMAN MAHALLESİ,38.685359,35.545738,150.0,2010.0,1.0,2.0,260000.0,2019-09-30 00:00:00,Apartman/Mesken,1.0,2019.0,9.0,1733.3333333333333
KAYSERİ,MELİKGAZİ,ANBAR MAHALLESİ,38.74672,35.384098,130.0,2015.0,1.0,2.0,225000.0,2019-09-30 00:00:00,Apartman/Mesken,12.0,2019.0,4.0,1730.7692307692307
KAYSERİ,TALAS,TALAS MAHALLESİ,38.710186,35.565791,138.0,,1.0,2.0,920000.0,2019-09-30 00:00:00,Apartman/Mesken,4.0,2019.0,,6666.666666666667
KAYSERİ,KOCASİNAN,ERKİLET MAHALLESİ,38.785995,35.457183,144.0,2016.0,1.0,2.0,230000.0,2019-09-30 00:00:00,Apartman/Mesken,6.0,2019.0,3.0,1597.2222222222222
KAYSERİ,TALAS,TALAS MAHALLESİ,38.700817,35.549504,146.0,2012.0,1.0,2.0,220000.0,2019-09-30 00:00:00,Apartman/Mesken,3.0,2019.0,7.0,1506.849315068493
KAYSERİ,MELİKGAZİ,MELİKGAZİ MAHALLESİ,38.7282,35.52593,159.0,2001.0,1.0,2.0,420000.0,2019-09-30 00:00:00,Apartman/Mesken,4.0,2019.0,18.0,2641.509433962264
KAYSERİ,TALAS,TALAS MAHALLESİ,38.702692,35.558356,164.0,2008.0,1.0,2.0,250000.0,2019-09-30 00:00:00,Apartman/Mesken,10.0,2019.0,11.0,1524.3902439024391
KAYSERİ,KOCASİNAN,KAVAKYAZISI MAHALLESİ,38.73924,35.517029,163.0,2007.0,1.0,2.0,350000.0,2019-09-30 00:00:00,Apartman/Mesken,8.0,2019.0,12.0,2147.239263803681
KAYSERİ,KOCASİNAN,SÜMER MAHALLESİ,38.74636,35.46981,124.0,2011.0,1.0,2.0,205000.0,2019-09-30 00:00:00,Apartman/Mesken,13.0,2019.0,8.0,1653.225806451613
KAYSERİ,MELİKGAZİ,AYDINLIKEVLER MAHALLESİ,38.714794,35.473437,180.0,,,,310000.0,2019-09-30 00:00:00,Apartman/Mesken,3.0,2019.0,,1722.2222222222222
KAYSERİ,MELİKGAZİ,MELİKGAZİ MAHALLESİ,38.730349,35.520043,98.0,,,,185000.0,2019-09-30 00:00:00,Apartman/Mesken,1.0,2019.0,,1887.7551020408164
KAYSERİ,KOCASİNAN,PERVANE MAHALLESİ,38.738222,35.4885,104.0,1978.0,1.0,3.0,155000.0,2019-09-30 00:00:00,Apartman/Mesken,5.0,2019.0,41.0,1490.3846153846155
KAYSERİ,AKKIŞLA,YENİ MAHALLE  MAHALLESİ,38.996957,36.170348,379.0,2001.0,1.0,3.0,215000.0,2019-09-30 00:00:00,Apartman/Mesken,,2019.0,18.0,567.2823218997362
KAYSERİ,YAHYALI,100. YIL MAHALLESİ,38.108296,35.36094,167.0,,,,235000.0,2019-09-30 00:00:00,Apartman/Mesken,1.0,2019.0,,1407.185628742515
KAYSERİ,MELİKGAZİ,1. ESKİŞEHİR MAHALLESİ,38.696073,35.478992,91.0,,,,135000.0,2019-09-30 00:00:00,Apartman/Mesken,3.0,2019.0,,1483.5164835164835
KAYSERİ,KOCASİNAN,KÖTÜGÖLLER MAHALLESİ,38.761677,35.493451,115.0,,,,250000.0,2019-09-30 00:00:00,Apartman/Mesken,7.0,2019.0,,2173.913043478261
KAYSERİ,İNCESU,VALİ İHSAN ARAS MAHALLESİ,38.629007,35.186033,127.0,2019.0,1.0,2.0,180000.0,2019-09-30 00:00:00,Apartman/Mesken,1.0,2019.0,0.0,1417.3228346456692
KAYSERİ,KOCASİNAN,PERVANE MAHALLESİ,38.729876,35.490871,104.0,,,,170000.0,2019-09-30 00:00:00,Apartman/Mesken,1.0,2019.0,,1634.6153846153845
KAYSERİ,DEVELİ,HARMAN MAHALLESİ,38.400149,35.493564,111.0,,,,155000.0,2019-09-30 00:00:00,Apartman/Mesken,1.0,2019.0,,1396.3963963963963
KAYSERİ,TALAS,HARMAN MAHALLESİ,38.684337,35.546958,173.0,2006.0,1.0,1.0,330000.0,2019-09-30 00:00:00,Apartman/Mesken,8.0,2019.0,13.0,1907.5144508670521
KAYSERİ,TALAS,REŞADİYE  MAHALLESİ,38.65678,35.581304,120.0,1980.0,3.0,4.0,70000.0,2019-09-30 00:00:00,Apartman/Mesken,,2019.0,39.0,583.3333333333334
KAYSERİ,KOCASİNAN,YEMLİHA  MAHALLESİ,38.882792,35.250326,349.0,,,,190000.0,2019-09-30 00:00:00,Apartman/Mesken,,2019.0,,544.4126074498568
KAYSERİ,KOCASİNAN,PERVANE MAHALLESİ,38.736301,35.491831,104.0,,,,130000.0,2019-09-30 00:00:00,Apartman/Mesken,4.0,2019.0,,1250.0
KAYSERİ,KOCASİNAN,DÜVER  MAHALLESİ,38.956491,35.091176,227.0,,,,120000.0,2019-09-30 00:00:00,Apartman/Mesken,,2019.0,,528.6343612334801
KAYSERİ,KOCASİNAN,CENGİZTOPEL  MAHALLESİ,38.746759,35.522384,103.0,1995.0,3.0,3.0,160000.0,2019-09-30 00:00:00,Apartman/Mesken,,2019.0,24.0,1553.3980582524273
KAYSERİ,KOCASİNAN,KAVAKYAZISI MAHALLESİ,38.736542,35.516712,164.0,,,,400000.0,2019-09-30 00:00:00,Apartman/Mesken,12.0,2019.0,,2439.0243902439024
KAYSERİ,MELİKGAZİ,YILDIRIM BEYAZIT MAHALLESİ,38.724806,35.537381,154.0,,,,275000.0,2019-09-30 00:00:00,Apartman/Mesken,3.0,2019.0,,1785.7142857142858
KAYSERİ,TALAS,TALAS MAHALLESİ,38.708524,35.55445,127.0,,,,195000.0,2019-09-30 00:00:00,Apartman/Mesken,9.0,2019.0,,1535.4330708661416
KAYSERİ,KOCASİNAN,YENİDOĞAN MAHALLESİ,38.74349,35.434577,131.0,,,,500000.0,2019-09-30 00:00:00,Apartman/Mesken,3.0,2019.0,,3816.793893129771
KAYSERİ,KOCASİNAN,KÖTÜGÖLLER MAHALLESİ,38.773133,35.468877,100.0,,,,70000.0,2019-09-30 00:00:00,Apartman/Mesken,,2019.0,,700.0
KAYSERİ,YAHYALI,FETULLAH MAHALLESİ,38.127243,35.357327,145.0,2007.0,1.0,2.0,170000.0,2019-09-30 00:00:00,Apartman/Mesken,0.0,2019.0,12.0,1172.4137931034484
KAYSERİ,KOCASİNAN,ZİYA GÖKALP  MAHALLESİ,38.740948,35.434449,96.0,,,,135000.0,2019-09-30 00:00:00,Apartman/Mesken,1.0,2019.0,,1406.25
KAYSERİ,KOCASİNAN,KAVAKYAZISI MAHALLESİ,38.737397,35.508939,120.0,,,,175000.0,2019-09-30 00:00:00,Apartman/Mesken,5.0,2019.0,,1458.3333333333333
KAYSERİ,MELİKGAZİ,YANIKOĞLU MAHALLESİ,38.719829,35.493425,86.0,1966.0,1.0,3.0,145000.0,2019-09-30 00:00:00,Apartman/Mesken,0.0,2019.0,53.0,1686.046511627907
KAYSERİ,MELİKGAZİ,SAKARYA MAHALLESİ,38.739431,35.404987,140.0,2007.0,1.0,2.0,490000.0,2019-09-30 00:00:00,Apartman/Mesken,5.0,2019.0,12.0,3500.0
KAYSERİ,KOCASİNAN,ALSANCAK MAHALLESİ,38.745094,35.512079,129.0,,,,145000.0,2019-09-30 00:00:00,Apartman/Mesken,3.0,2019.0,,1124.031007751938
KAYSERİ,KOCASİNAN,KAVAKYAZISI MAHALLESİ,38.735594,35.504921,98.0,,,,150000.0,2019-09-30 00:00:00,Apartman/Mesken,1.0,2019.0,,1530.6122448979593
KAYSERİ,KOCASİNAN,KAVAKYAZISI MAHALLESİ,38.731405,35.512672,90.0,1981.0,1.0,3.0,90000.0,2019-09-30 00:00:00,Apartman/Mesken,-1.0,2019.0,38.0,1000.0
KAYSERİ,KOCASİNAN,PERVANE MAHALLESİ,38.738063,35.487929,106.0,,,,140000.0,2019-09-30 00:00:00,Apartman/Mesken,3.0,2019.0,,1320.754716981132
KAYSERİ,MELİKGAZİ,GESİ MAHALLESİ,38.788038,35.59059,86.0,,,,135000.0,2019-09-30 00:00:00,Apartman/Mesken,1.0,2019.0,,1569.7674418604652
KAYSERİ,MELİKGAZİ,DEMİRCİYAZISI MAHALLESİ,38.704049,35.44419,136.0,2018.0,1.0,2.0,240000.0,2019-09-30 00:00:00,Apartman/Mesken,8.0,2019.0,1.0,1764.7058823529412
KAYSERİ,MELİKGAZİ,KANLIYURT MAHALLESİ,38.7288,35.447747,221.0,,,,285000.0,2019-09-30 00:00:00,Apartman/Mesken,1.0,2019.0,,1289.5927601809956
KAYSERİ,TALAS,TABLAKAYA MAHALLESİ,38.696965,35.562116,157.0,,,,380000.0,2019-09-30 00:00:00,Apartman/Mesken,6.0,2019.0,,2420.3821656050955
KAYSERİ,MELİKGAZİ,DANACILAR MAHALLESİ,38.7151,35.471484,163.0,,,,340000.0,2019-09-30 00:00:00,Apartman/Mesken,11.0,2019.0,,2085.8895705521472
KAYSERİ,KOCASİNAN,YILDIZEVLER MAHALLESİ,38.743921,35.536635,144.0,,,,210000.0,2019-09-30 00:00:00,Apartman/Mesken,1.0,2019.0,,1458.3333333333333
KAYSERİ,KOCASİNAN,ZEKAİBEY MAHALLESİ,38.726249,35.49335,168.0,1988.0,1.0,3.0,280000.0,2019-09-30 00:00:00,Apartman/Mesken,5.0,2019.0,31.0,1666.6666666666667
KAYSERİ,TALAS,YUKARI TALAS  MAHALLESİ,38.672263,35.565938,210.0,,,,1160000.0,2019-09-30 00:00:00,Apartman/Mesken,,2019.0,,5523.809523809524
KAYSERİ,MELİKGAZİ,OSMAN KAVUNCU MAHALLESİ,38.734318,35.436366,153.0,,,,300000.0,2019-09-30 00:00:00,Apartman/Mesken,6.0,2019.0,,1960.7843137254902
KAYSERİ,KOCASİNAN,ERKİLET MAHALLESİ,38.787793,35.454873,127.0,,,,240000.0,2019-09-30 00:00:00,Apartman/Mesken,9.0,2019.0,,1889.763779527559
KAYSERİ,MELİKGAZİ,KANLIYURT MAHALLESİ,38.731578,35.418804,125.0,,,,180000.0,2019-09-30 00:00:00,Apartman/Mesken,5.0,2019.0,,1440.0
KAYSERİ,KOCASİNAN,GAZİOSMAN PAŞA MAHALLESİ,38.731365,35.463885,124.0,,,,165000.0,2019-09-30 00:00:00,Apartman/Mesken,5.0,2019.0,,1330.6451612903227
KAYSERİ,MELİKGAZİ,KANLIYURT MAHALLESİ,38.726586,35.412249,117.0,,,,150000.0,2019-09-30 00:00:00,Apartman/Mesken,5.0,2019.0,,1282.051282051282
KAYSERİ,KOCASİNAN,PERVANE MAHALLESİ,38.737869,35.493049,147.0,,,,370000.0,2019-09-30 00:00:00,Apartman/Mesken,5.0,2019.0,,2517.0068027210887
KAYSERİ,MELİKGAZİ,ÇORAKÇILAR MAHALLESİ,38.720321,35.464207,128.0,,,,240000.0,2019-09-30 00:00:00,Apartman/Mesken,5.0,2019.0,,1875.0
KAYSERİ,MELİKGAZİ,ÇORAKÇILAR MAHALLESİ,38.720185,35.46444,171.0,,,,305000.0,2019-09-30 00:00:00,Apartman/Mesken,2.0,2019.0,,1783.625730994152
KAYSERİ,DEVELİ,FENESEAŞAĞI MAHALLESİ,38.389752,35.494594,90.0,,,,110000.0,2019-09-30 00:00:00,Apartman/Mesken,2.0,2019.0,,1222.2222222222222
KAYSERİ,MELİKGAZİ,TONTAR MAHALLESİ,38.697792,35.493824,112.0,,,,140000.0,2019-09-30 00:00:00,Apartman/Mesken,2.0,2019.0,,1250.0
KAYSERİ,TALAS,KİÇİKÖY MAHALLESİ,38.699308,35.541927,140.0,,,,180000.0,2019-09-30 00:00:00,Apartman/Mesken,0.0,2019.0,,1285.7142857142858
KAYSERİ,KOCASİNAN,BEYAZŞEHİR MAHALLESİ,38.778804,35.581715,122.0,,,,175000.0,2019-09-30 00:00:00,Apartman/Mesken,2.0,2019.0,,1434.4262295081967
KAYSERİ,MELİKGAZİ,ALPASLAN MAHALLESİ,38.727425,35.51555,223.0,,,,500000.0,2019-09-30 00:00:00,Apartman/Mesken,1.0,2019.0,,2242.152466367713
KAYSERİ,MELİKGAZİ,DEMİRCİYAZISI MAHALLESİ,38.718703,35.458132,155.0,,,,270000.0,2019-09-30 00:00:00,Apartman/Mesken,8.0,2019.0,,1741.9354838709678
KAYSERİ,DEVELİ,REŞADİYE MAHALLESİ,38.38282,35.482854,129.0,,,,150000.0,2019-09-30 00:00:00,Apartman/Mesken,2.0,2019.0,,1162.7906976744187
KAYSERİ,TALAS,TALAS MAHALLESİ,38.701177,35.546945,164.0,,,,520000.0,2019-09-30 00:00:00,Apartman/Mesken,4.0,2019.0,,3170.731707317073
KAYSERİ,MELİKGAZİ,DANACILAR MAHALLESİ,38.716,35.47555,128.0,,,,200000.0,2019-09-30 00:00:00,Apartman/Mesken,1.0,2019.0,,1562.5
KAYSERİ,MELİKGAZİ,GESİ MAHALLESİ,38.793366,35.593524,97.0,,,,42000.0,2019-09-30 00:00:00,Apartman/Mesken,6.0,2019.0,,432.9896907216495
KAYSERİ,TALAS,HARMAN MAHALLESİ,38.687806,35.549123,154.0,,,,315000.0,2019-09-30 00:00:00,Apartman/Mesken,6.0,2019.0,,2045.4545454545455
KAYSERİ,MELİKGAZİ,MİMARSİNAN MAHALLESİ,38.76556,35.595197,132.0,,,,200000.0,2019-09-30 00:00:00,Apartman/Mesken,4.0,2019.0,,1515.1515151515152
KAYSERİ,MELİKGAZİ,MİMARSİNAN  MAHALLESİ,38.727506,35.594161,305.0,,,,255000.0,2019-09-30 00:00:00,Apartman/Mesken,,2019.0,,836.0655737704918
KAYSERİ,KOCASİNAN,ERKİLET MAHALLESİ,38.781921,35.45347,141.0,,,,205000.0,2019-09-30 00:00:00,Apartman/Mesken,8.0,2019.0,,1453.900709219858
KAYSERİ,MELİKGAZİ,DEMİRCİYAZISI MAHALLESİ,38.704647,35.4509,125.0,,,,300000.0,2019-09-30 00:00:00,Apartman/Mesken,1.0,2019.0,,2400.0
KAYSERİ,MELİKGAZİ,1. ESKİŞEHİR MAHALLESİ,38.691865,35.492531,171.0,,,,340000.0,2019-09-30 00:00:00,Apartman/Mesken,2.0,2019.0,,1988.3040935672514
KAYSERİ,TALAS,TALAS MAHALLESİ,38.696745,35.551339,140.0,,,,270000.0,2019-09-30 00:00:00,Apartman/Mesken,4.0,2019.0,,1928.5714285714287
KAYSERİ,MELİKGAZİ,ALPASLAN MAHALLESİ,38.725454,35.513611,160.0,,,,500000.0,2019-09-30 00:00:00,Apartman/Mesken,12.0,2019.0,,3125.0
KAYSERİ,KOCASİNAN,YAVUZSELİM MAHALLESİ,38.756315,35.564761,124.0,,,,250000.0,2019-09-30 00:00:00,Apartman/Mesken,9.0,2019.0,,2016.1290322580646
KAYSERİ,MELİKGAZİ,GESİ CUMHURİYET MAHALLESİ,38.783364,35.612483,160.0,,,,235000.0,2019-09-30 00:00:00,Apartman/Mesken,1.0,2019.0,,1468.75
KAYSERİ,MELİKGAZİ,MİMARSİNAN  MAHALLESİ,38.728162,35.593643,415.0,,,,66000.0,2019-09-30 00:00:00,Apartman/Mesken,,2019.0,,159.03614457831324
KAYSERİ,TALAS,TALAS MAHALLESİ,38.709346,35.571032,46.0,,,,90000.0,2019-09-30 00:00:00,Apartman/Mesken,12.0,2019.0,,1956.5217391304348
KAYSERİ,MELİKGAZİ,GESİ MAHALLESİ,38.789244,35.601051,130.0,,,,190000.0,2019-09-30 00:00:00,Apartman/Mesken,5.0,2019.0,,1461.5384615384614
KAYSERİ,MELİKGAZİ,BAHÇELİEVLER  MAHALLESİ,38.778342,35.594619,334.0,,,,2020000.0,2019-09-30 00:00:00,Apartman/Mesken,,2019.0,,6047.904191616766
KAYSERİ,DEVELİ,İBRAHİMAĞA MAHALLESİ,38.390391,35.486955,130.0,,,,135000.0,2019-09-30 00:00:00,Apartman/Mesken,0.0,2019.0,,1038.4615384615386
KAYSERİ,MELİKGAZİ,MİMARSİNAN MAHALLESİ,38.761142,35.603717,122.0,,,,135000.0,2019-09-30 00:00:00,Apartman/Mesken,0.0,2019.0,,1106.5573770491803
KAYSERİ,MELİKGAZİ,ÇORAKÇILAR MAHALLESİ,38.714028,35.469706,163.0,,,,180000.0,2019-09-30 00:00:00,Apartman/Mesken,3.0,2019.0,,1104.2944785276075
KAYSERİ,MELİKGAZİ,GESİ MAHALLESİ,38.787916,35.593141,132.0,,,,160000.0,2019-09-30 00:00:00,Apartman/Mesken,3.0,2019.0,,1212.121212121212
KAYSERİ,MELİKGAZİ,AYDINLIKEVLER MAHALLESİ,38.721503,35.46918,143.0,,,,270000.0,2019-09-30 00:00:00,Apartman/Mesken,2.0,2019.0,,1888.1118881118882
KAYSERİ,KOCASİNAN,SÜMER MAHALLESİ,38.732912,35.470264,111.0,,,,190000.0,2019-09-30 00:00:00,Apartman/Mesken,11.0,2019.0,,1711.7117117117118
KAYSERİ,MELİKGAZİ,YILDIRIM BEYAZIT MAHALLESİ,38.724465,35.529779,192.0,,,,500000.0,2019-09-30 00:00:00,Apartman/Mesken,12.0,2019.0,,2604.1666666666665
KAYSERİ,KOCASİNAN,MUAMMERBEY MAHALLESİ,38.723619,35.49243,92.0,,,,170000.0,2019-09-30 00:00:00,Apartman/Mesken,7.0,2019.0,,1847.8260869565217
KAYSERİ,MELİKGAZİ,KEYKUBAT MAHALLESİ,38.740427,35.38708,105.0,,,,125000.0,2019-09-30 00:00:00,Apartman/Mesken,0.0,2019.0,,1190.4761904761904
KAYSERİ,TALAS,TALAS MAHALLESİ,38.698008,35.553689,175.0,,,,350000.0,2019-09-30 00:00:00,Apartman/Mesken,14.0,2019.0,,2000.0
KAYSERİ,MELİKGAZİ,AYDINLIKEVLER MAHALLESİ,38.724103,35.464671,113.0,,,,160000.0,2019-09-30 00:00:00,Apartman/Mesken,2.0,2019.0,,1415.929203539823
KAYSERİ,KOCASİNAN,PERVANE MAHALLESİ,38.758973,35.497249,138.0,,,,240000.0,2019-09-30 00:00:00,Apartman/Mesken,5.0,2019.0,,1739.1304347826087
KAYSERİ,MELİKGAZİ,DEMİRCİYAZISI MAHALLESİ,38.699029,35.441449,127.0,,,,200000.0,2019-09-30 00:00:00,Apartman/Mesken,1.0,2019.0,,1574.8031496062993
KAYSERİ,TALAS,TALAS MAHALLESİ,38.701503,35.565498,115.0,,,,140000.0,2019-09-30 00:00:00,Apartman/Mesken,0.0,2019.0,,1217.391304347826
KAYSERİ,KOCASİNAN,SÜMER MAHALLESİ,38.737293,35.470116,178.0,,,,480000.0,2019-09-30 00:00:00,Apartman/Mesken,7.0,2019.0,,2696.629213483146
KAYSERİ,MELİKGAZİ,ERENKÖY MAHALLESİ,38.694533,35.518788,422.0,2019.0,1.0,1.0,1850000.0,2019-09-30 00:00:00,Apartman/Mesken,0.0,2019.0,0.0,4383.886255924171
KAYSERİ,DEVELİ,YENİMAHALLE MAHALLESİ,38.397946,35.47091,138.0,,,,170000.0,2019-09-30 00:00:00,Apartman/Mesken,2.0,2019.0,,1231.8840579710145
KAYSERİ,HACILAR,,38.678836,35.35373,175.0,,,,250000.0,2019-09-30 00:00:00,Apartman/Mesken,,2019.0,,1428.5714285714287
KAYSERİ,MELİKGAZİ,KANLIYURT MAHALLESİ,38.733305,35.438343,154.0,,,,245000.0,2019-09-30 00:00:00,Apartman/Mesken,11.0,2019.0,,1590.909090909091
KAYSERİ,MELİKGAZİ,1. ESKİŞEHİR MAHALLESİ,38.701508,35.488747,148.0,,,,230000.0,2019-09-30 00:00:00,Apartman/Mesken,1.0,2019.0,,1554.054054054054
KAYSERİ,TALAS,TALAS MAHALLESİ,38.70917,35.560088,143.0,,,,235000.0,2019-09-30 00:00:00,Apartman/Mesken,14.0,2019.0,,1643.3566433566434
KAYSERİ,MELİKGAZİ,ANBAR MAHALLESİ,38.736728,35.382032,115.0,,,,205000.0,2019-09-30 00:00:00,Apartman/Mesken,8.0,2019.0,,1782.608695652174
KAYSERİ,KOCASİNAN,KÖTÜGÖLLER MAHALLESİ,38.758778,35.484504,79.0,,,,130000.0,2019-09-30 00:00:00,Apartman/Mesken,6.0,2019.0,,1645.5696202531647
KAYSERİ,MELİKGAZİ,OSMANLI  MAHALLESİ,38.690609,35.479552,406.0,,,,300000.0,2019-09-30 00:00:00,Apartman/Mesken,,2019.0,,738.9162561576354
KAYSERİ,KOCASİNAN,BEYAZŞEHİR MAHALLESİ,38.782165,35.585368,124.0,,,,180000.0,2019-09-30 00:00:00,Apartman/Mesken,9.0,2019.0,,1451.6129032258063
KAYSERİ,KOCASİNAN,KAVAKYAZISI MAHALLESİ,38.729838,35.504757,101.0,,,,135000.0,2019-09-30 00:00:00,Apartman/Mesken,3.0,2019.0,,1336.6336633663366
KAYSERİ,KOCASİNAN,PERVANE MAHALLESİ,38.72952,35.490641,145.0,,,,225000.0,2019-09-30 00:00:00,Apartman/Mesken,7.0,2019.0,,1551.7241379310344
KAYSERİ,YAHYALI,DİKME  MAHALLESİ,38.012916,35.531016,190.0,,3.0,4.0,90000.0,2019-09-30 00:00:00,Apartman/Mesken,,2019.0,,473.6842105263158
KAYSERİ,MELİKGAZİ,YILDIRIM BEYAZIT MAHALLESİ,38.728089,35.533483,147.0,,,,365000.0,2019-09-30 00:00:00,Apartman/Mesken,7.0,2019.0,,2482.9931972789113
KAYSERİ,TALAS,HARMAN MAHALLESİ,38.6832,35.551068,125.0,,,,300000.0,2019-09-30 00:00:00,Apartman/Mesken,7.0,2019.0,,2400.0
KAYSERİ,MELİKGAZİ,KONAKLAR MAHALLESİ,38.744331,35.561381,135.0,,,,240000.0,2019-09-30 00:00:00,Apartman/Mesken,4.0,2019.0,,1777.7777777777778
KAYSERİ,MELİKGAZİ,KANLIYURT MAHALLESİ,38.732225,35.43411,112.0,,,,160000.0,2019-09-30 00:00:00,Apartman/Mesken,3.0,2019.0,,1428.5714285714287
KAYSERİ,KOCASİNAN,KAVAKYAZISI MAHALLESİ,38.725513,35.495372,217.0,,,,400000.0,2019-09-30 00:00:00,Apartman/Mesken,9.0,2019.0,,1843.3179723502303
KAYSERİ,MELİKGAZİ,KAZIM KARABEKİR MAHALLESİ,38.715167,35.441915,122.0,,,,220000.0,2019-09-30 00:00:00,Apartman/Mesken,5.0,2019.0,,1803.27868852459
KAYSERİ,HACILAR,AKYAZI  MAHALLESİ,38.665394,35.457531,300.0,,,,230000.0,2019-09-30 00:00:00,Apartman/Mesken,,2019.0,,766.6666666666666
KAYSERİ,MELİKGAZİ,DANİŞMENTGAZİ  MAHALLESİ,38.679393,35.472605,391.0,,,,250000.0,2019-09-30 00:00:00,Apartman/Mesken,,2019.0,,639.386189258312
KAYSERİ,MELİKGAZİ,DEMİRCİYAZISI MAHALLESİ,38.702324,35.448288,152.0,,,,190000.0,2019-09-30 00:00:00,Apartman/Mesken,3.0,2019.0,,1250.0
KAYSERİ,KOCASİNAN,SÜMER MAHALLESİ,38.74677,35.45777,109.0,,,,135000.0,2019-09-30 00:00:00,Apartman/Mesken,1.0,2019.0,,1238.532110091743
KAYSERİ,TALAS,TALAS MAHALLESİ,38.713363,35.558042,138.0,,,,230000.0,2019-09-30 00:00:00,Apartman/Mesken,1.0,2019.0,,1666.6666666666667
KAYSERİ,KOCASİNAN,AHİEVRAN MAHALLESİ,38.764563,35.57013,130.0,,,,180000.0,2019-09-30 00:00:00,Apartman/Mesken,8.0,2019.0,,1384.6153846153845
KAYSERİ,MELİKGAZİ,GERMİR MAHALLESİ,38.745615,35.552739,120.0,,,,220000.0,2019-09-30 00:00:00,Apartman/Mesken,9.0,2019.0,,1833.3333333333333
KAYSERİ,MELİKGAZİ,KÜÇÜKALİ MAHALLESİ,38.712314,35.473069,119.0,,,,260000.0,2019-09-30 00:00:00,Apartman/Mesken,9.0,2019.0,,2184.873949579832
KAYSERİ,İNCESU,BAHÇESARAY MAHALLESİ,38.633881,35.19041,134.0,,,,225000.0,2019-09-30 00:00:00,Apartman/Mesken,3.0,2019.0,,1679.1044776119404
KAYSERİ,KOCASİNAN,SÜMER MAHALLESİ,38.743322,35.461496,107.0,,,,200000.0,2019-09-30 00:00:00,Apartman/Mesken,8.0,2019.0,,1869.1588785046729
KAYSERİ,MELİKGAZİ,KEYKUBAT MAHALLESİ,38.74285,35.400242,84.0,,,,130000.0,2019-09-30 00:00:00,Apartman/Mesken,2.0,2019.0,,1547.6190476190477
KAYSERİ,KOCASİNAN,ZİYA GÖKALP MAHALLESİ,38.743877,35.441771,101.0,,,,150000.0,2019-09-30 00:00:00,Apartman/Mesken,5.0,2019.0,,1485.148514851485
KAYSERİ,KOCASİNAN,KAVAKYAZISI MAHALLESİ,38.734219,35.504655,120.0,,,,210000.0,2019-09-30 00:00:00,Apartman/Mesken,4.0,2019.0,,1750.0
KAYSERİ,KOCASİNAN,SÜMER MAHALLESİ,38.740927,35.460412,112.0,,,,200000.0,2019-09-30 00:00:00,Apartman/Mesken,4.0,2019.0,,1785.7142857142858
KAYSERİ,TALAS,TALAS MAHALLESİ,38.700312,35.560869,126.0,,,,205000.0,2019-09-30 00:00:00,Apartman/Mesken,1.0,2019.0,,1626.984126984127
KAYSERİ,TALAS,HARMAN MAHALLESİ,38.686627,35.547165,140.0,,,,360000.0,2019-09-30 00:00:00,Apartman/Mesken,4.0,2019.0,,2571.4285714285716
KAYSERİ,KOCASİNAN,SÜMER MAHALLESİ,38.745086,35.459809,116.0,,,,210000.0,2019-09-30 00:00:00,Apartman/Mesken,3.0,2019.0,,1810.344827586207
KAYSERİ,TALAS,HARMAN MAHALLESİ,38.68945,35.54253,154.0,,,,305000.0,2019-09-30 00:00:00,Apartman/Mesken,4.0,2019.0,,1980.5194805194806
KAYSERİ,MELİKGAZİ,SAKARYA MAHALLESİ,38.737473,35.402358,120.0,,,,240000.0,2019-09-30 00:00:00,Apartman/Mesken,11.0,2019.0,,2000.0
KAYSERİ,MELİKGAZİ,MİMARSİNAN MAHALLESİ,38.766391,35.60806,55.0,,,,90000.0,2019-09-30 00:00:00,Apartman/Mesken,0.0,2019.0,,1636.3636363636363
KAYSERİ,MELİKGAZİ,TONTAR MAHALLESİ,38.709539,35.490383,94.0,,,,130000.0,2019-09-30 00:00:00,Apartman/Mesken,2.0,2019.0,,1382.9787234042553
KAYSERİ,KOCASİNAN,SÜMER MAHALLESİ,38.732845,35.477675,73.0,,,,220000.0,2019-09-30 00:00:00,Apartman/Mesken,4.0,2019.0,,3013.698630136986
KAYSERİ,MELİKGAZİ,DANİŞMENTGAZİ  MAHALLESİ,38.680685,35.47267,426.0,,,,310000.0,2019-09-30 00:00:00,Apartman/Mesken,,2019.0,,727.6995305164319
KAYSERİ,MELİKGAZİ,MİMARSİNAN MAHALLESİ,38.753924,35.60722,101.0,,,,125000.0,2019-09-30 00:00:00,Apartman/Mesken,5.0,2019.0,,1237.6237623762377
KAYSERİ,TALAS,TALAS MAHALLESİ,38.7003,35.571399,44.0,,,,100000.0,2019-09-30 00:00:00,Apartman/Mesken,12.0,2019.0,,2272.7272727272725
KAYSERİ,KOCASİNAN,PERVANE MAHALLESİ,38.735441,35.486403,110.0,,,,145000.0,2019-09-30 00:00:00,Apartman/Mesken,1.0,2019.0,,1318.1818181818182
KAYSERİ,TALAS,TALAS MAHALLESİ,38.702299,35.560491,132.0,,,,165000.0,2019-09-30 00:00:00,Apartman/Mesken,14.0,2019.0,,1250.0
KAYSERİ,MELİKGAZİ,1. ESKİŞEHİR MAHALLESİ,38.704388,35.482057,99.0,,,,120000.0,2019-09-30 00:00:00,Apartman/Mesken,4.0,2019.0,,1212.121212121212
KAYSERİ,TALAS,TALAS MAHALLESİ,38.7115,35.565442,143.0,,,,260000.0,2019-09-30 00:00:00,Apartman/Mesken,3.0,2019.0,,1818.1818181818182
KAYSERİ,MELİKGAZİ,3. ESKİŞEHİR  MAHALLESİ,38.69581,35.476765,405.0,,,,235000.0,2019-09-30 00:00:00,Apartman/Mesken,,2019.0,,580.2469135802469
KAYSERİ,MELİKGAZİ,KEYKUBAT MAHALLESİ,38.740942,35.407758,100.0,,,,200000.0,2019-09-30 00:00:00,Apartman/Mesken,2.0,2019.0,,2000.0
KAYSERİ,MELİKGAZİ,KONAKLAR MAHALLESİ,38.725023,35.558302,140.0,,,,350000.0,2019-09-30 00:00:00,Apartman/Mesken,10.0,2019.0,,2500.0
KAYSERİ,KOCASİNAN,YENİDOĞAN MAHALLESİ,38.742649,35.432297,137.0,,,,250000.0,2019-09-30 00:00:00,Apartman/Mesken,2.0,2019.0,,1824.8175182481752
KAYSERİ,MELİKGAZİ,YAZIBAĞLARI MAHALLESİ,38.734498,35.397101,115.0,,,,140000.0,2019-09-30 00:00:00,Apartman/Mesken,0.0,2019.0,,1217.391304347826
KAYSERİ,MELİKGAZİ,2. ESKİŞEHİR  MAHALLESİ,38.673897,35.491652,723.0,,,,1030000.0,2019-09-30 00:00:00,Apartman/Mesken,,2019.0,,1424.6196403872752
KAYSERİ,MELİKGAZİ,ANBAR MAHALLESİ,38.734516,35.379273,114.0,,,,200000.0,2019-09-30 00:00:00,Apartman/Mesken,7.0,2019.0,,1754.3859649122808
KAYSERİ,MELİKGAZİ,KEYKUBAT MAHALLESİ,38.740523,35.401017,83.0,,,,130000.0,2019-09-30 00:00:00,Apartman/Mesken,4.0,2019.0,,1566.2650602409637
KAYSERİ,MELİKGAZİ,BAHÇELİEVLER MAHALLESİ,38.770471,35.594614,130.0,,,,220000.0,2019-09-30 00:00:00,Apartman/Mesken,13.0,2019.0,,1692.3076923076924
KAYSERİ,MELİKGAZİ,MELİKGAZİ MAHALLESİ,38.72663,35.522559,215.0,,,,580000.0,2019-09-30 00:00:00,Apartman/Mesken,13.0,2019.0,,2697.6744186046512
KAYSERİ,KOCASİNAN,KAVAKYAZISI MAHALLESİ,38.730097,35.499722,120.0,,,,295000.0,2019-09-30 00:00:00,Apartman/Mesken,8.0,2019.0,,2458.3333333333335
KAYSERİ,MELİKGAZİ,YILDIRIM BEYAZIT MAHALLESİ,38.73338,35.531136,160.0,,,,300000.0,2019-09-30 00:00:00,Apartman/Mesken,1.0,2019.0,,1875.0
KAYSERİ,MELİKGAZİ,ERENKÖY MAHALLESİ,38.693766,35.51566,290.0,,,,1250000.0,2019-09-30 00:00:00,Apartman/Mesken,0.0,2019.0,,4310.3448275862065
KAYSERİ,MELİKGAZİ,DEMİRCİYAZISI MAHALLESİ,38.701512,35.44044,135.0,,,,270000.0,2019-09-30 00:00:00,Apartman/Mesken,1.0,2019.0,,2000.0
KAYSERİ,KOCASİNAN,KAVAKYAZISI MAHALLESİ,38.730819,35.51654,203.0,,,,600000.0,2019-09-30 00:00:00,Apartman/Mesken,11.0,2019.0,,2955.6650246305417
KAYSERİ,MELİKGAZİ,HUNAT MAHALLESİ,38.720587,35.494626,43.0,,,,70000.0,2019-09-30 00:00:00,Apartman/Mesken,0.0,2019.0,,1627.906976744186
KAYSERİ,MELİKGAZİ,DEMİRCİYAZISI MAHALLESİ,38.708848,35.453969,158.0,,,,335000.0,2019-09-30 00:00:00,Apartman/Mesken,7.0,2019.0,,2120.253164556962
KAYSERİ,TALAS,KİÇİKÖY MAHALLESİ,38.689916,35.55544,156.0,,,,220000.0,2019-09-30 00:00:00,Apartman/Mesken,0.0,2019.0,,1410.2564102564102
KAYSERİ,MELİKGAZİ,HÜRRİYET MAHALLESİ,38.71751,35.46596,150.0,1992.0,1.0,4.0,290000.0,2019-09-30 00:00:00,Apartman/Mesken,1.0,2019.0,27.0,1933.3333333333333
KAYSERİ,MELİKGAZİ,MİMARSİNAN MAHALLESİ,38.762215,35.603057,101.0,,,,140000.0,2019-09-30 00:00:00,Apartman/Mesken,4.0,2019.0,,1386.1386138613861
KAYSERİ,MELİKGAZİ,GESİ MAHALLESİ,38.785543,35.622214,135.0,,,,210000.0,2019-09-30 00:00:00,Apartman/Mesken,6.0,2019.0,,1555.5555555555557
KAYSERİ,YAHYALI,SEYDİLİ MAHALLESİ,38.102338,35.355001,112.0,,,,155000.0,2019-09-30 00:00:00,Apartman/Mesken,3.0,2019.0,,1383.9285714285713
KAYSERİ,KOCASİNAN,SÜMER MAHALLESİ,38.747483,35.465964,122.0,,,,220000.0,2019-09-30 00:00:00,Apartman/Mesken,4.0,2019.0,,1803.27868852459
KAYSERİ,MELİKGAZİ,GESİ  MAHALLESİ,38.798975,35.662028,505.0,,,,475000.0,2019-09-30 00:00:00,Apartman/Mesken,,2019.0,,940.5940594059406
KAYSERİ,MELİKGAZİ,MİMARSİNAN MAHALLESİ,38.7299,35.5948,113.0,,,,95000.0,2019-09-30 00:00:00,Apartman/Mesken,2.0,2019.0,,840.70796460177
KAYSERİ,MELİKGAZİ,KONAKLAR MAHALLESİ,38.741757,35.546071,138.0,,,,210000.0,2019-09-30 00:00:00,Apartman/Mesken,3.0,2019.0,,1521.7391304347825
KAYSERİ,TALAS,TALAS MAHALLESİ,38.71087,35.565463,140.0,,,,215000.0,2019-09-30 00:00:00,Apartman/Mesken,6.0,2019.0,,1535.7142857142858
KAYSERİ,MELİKGAZİ,KANLIYURT MAHALLESİ,38.729614,35.446137,141.0,,,,225000.0,2019-09-30 00:00:00,Apartman/Mesken,1.0,2019.0,,1595.7446808510638
KAYSERİ,KOCASİNAN,SÜMER MAHALLESİ,38.747121,35.483895,126.0,,,,265000.0,2019-09-30 00:00:00,Apartman/Mesken,3.0,2019.0,,2103.1746031746034
KAYSERİ,MELİKGAZİ,MELİKGAZİ MAHALLESİ,38.728195,35.520853,207.0,,,,625000.0,2019-09-30 00:00:00,Apartman/Mesken,12.0,2019.0,,3019.3236714975847
KAYSERİ,MELİKGAZİ,KEYKUBAT MAHALLESİ,38.743849,35.412631,146.0,,,,200000.0,2019-09-30 00:00:00,Apartman/Mesken,4.0,2019.0,,1369.86301369863
KAYSERİ,KOCASİNAN,PERVANE MAHALLESİ,38.730455,35.49487,112.0,,,,220000.0,2019-09-30 00:00:00,Apartman/Mesken,3.0,2019.0,,1964.2857142857142
KAYSERİ,MELİKGAZİ,GESİ MAHALLESİ,38.792,35.5904,85.0,,,,95000.0,2019-09-30 00:00:00,Apartman/Mesken,2.0,2019.0,,1117.6470588235295
KAYSERİ,MELİKGAZİ,TALAS MAHALLESİ,38.718166,35.527304,248.0,,,,900000.0,2019-09-30 00:00:00,Apartman/Mesken,11.0,2019.0,,3629.032258064516
KAYSERİ,KOCASİNAN,PERVANE MAHALLESİ,38.7597,35.4974,136.0,,,,250000.0,2019-09-30 00:00:00,Apartman/Mesken,5.0,2019.0,,1838.235294117647
KAYSERİ,MELİKGAZİ,YENİ MAHALLE MAHALLESİ,38.718276,35.545722,130.0,,,,250000.0,2019-09-30 00:00:00,Apartman/Mesken,5.0,2019.0,,1923.076923076923
KAYSERİ,MELİKGAZİ,1. ESKİŞEHİR MAHALLESİ,38.6894,35.4906,134.0,,,,250000.0,2019-09-30 00:00:00,Apartman/Mesken,6.0,2019.0,,1865.6716417910447
KAYSERİ,KOCASİNAN,CENGİZTOPEL MAHALLESİ,38.744009,35.524583,128.0,,,,215000.0,2019-09-30 00:00:00,Apartman/Mesken,9.0,2019.0,,1679.6875
KAYSERİ,DEVELİ,REŞADİYE  MAHALLESİ,38.381218,35.479244,700.0,,,,740000.0,2019-09-30 00:00:00,Apartman/Mesken,,2019.0,,1057.142857142857
KAYSERİ,MELİKGAZİ,ANBAR MAHALLESİ,38.7322,35.3836,117.0,,,,180000.0,2019-09-30 00:00:00,Apartman/Mesken,8.0,2019.0,,1538.4615384615386
KAYSERİ,MELİKGAZİ,1. ESKİŞEHİR MAHALLESİ,38.6924,35.4762,106.0,,,,145000.0,2019-09-30 00:00:00,Apartman/Mesken,1.0,2019.0,,1367.9245283018868
KAYSERİ,DEVELİ,AŞAĞIEVEREK MAHALLESİ,38.3743,35.4805,111.0,,,,100000.0,2019-09-30 00:00:00,Apartman/Mesken,0.0,2019.0,,900.9009009009009
KAYSERİ,MELİKGAZİ,GÜLTEPE MAHALLESİ,38.722,35.5135,183.0,,,,400000.0,2019-09-30 00:00:00,Apartman/Mesken,10.0,2019.0,,2185.792349726776
KAYSERİ,MELİKGAZİ,GÜLTEPE MAHALLESİ,38.7164,35.5029,209.0,,,,620000.0,2019-09-30 00:00:00,Apartman/Mesken,11.0,2019.0,,2966.507177033493
KAYSERİ,MELİKGAZİ,DEMİRCİYAZISI MAHALLESİ,38.7157,35.4539,132.0,,,,240000.0,2019-09-30 00:00:00,Apartman/Mesken,6.0,2019.0,,1818.1818181818182
KAYSERİ,MELİKGAZİ,ALPASLAN MAHALLESİ,38.7248,35.5091,213.0,,,,430000.0,2019-09-30 00:00:00,Apartman/Mesken,5.0,2019.0,,2018.7793427230047
KAYSERİ,DEVELİ,GÜNEYAŞAĞI MAHALLESİ,38.3738,35.462,100.0,1991.0,1.0,3.0,95000.0,2019-09-30 00:00:00,Apartman/Mesken,0.0,2019.0,28.0,950.0
KAYSERİ,MELİKGAZİ,AYDINLAR MAHALLESİ,38.6995,35.5938,266.0,,,,750000.0,2019-09-30 00:00:00,Apartman/Mesken,4.0,2019.0,,2819.5488721804513
KAYSERİ,MELİKGAZİ,GESİ MAHALLESİ,38.7884,35.6036,130.0,,,,190000.0,2019-09-30 00:00:00,Apartman/Mesken,11.0,2019.0,,1461.5384615384614
KAYSERİ,MELİKGAZİ,2. ESKİŞEHİR MAHALLESİ,38.6802,35.493,568.0,,,,835000.0,2019-09-30 00:00:00,Apartman/Mesken,1.0,2019.0,,1470.0704225352113
KAYSERİ,TALAS,TALAS MAHALLESİ,38.7109,35.5678,45.0,,,,110000.0,2019-09-30 00:00:00,Apartman/Mesken,10.0,2019.0,,2444.4444444444443
KAYSERİ,KOCASİNAN,YILDIZEVLER MAHALLESİ,38.7421,35.5404,200.0,2014.0,1.0,2.0,800000.0,2019-09-30 00:00:00,Apartman/Mesken,11.0,2019.0,5.0,4000.0
KAYSERİ,MELİKGAZİ,3. ESKİŞEHİR  MAHALLESİ,38.695,35.4752,350.0,,,,200000.0,2019-09-30 00:00:00,Apartman/Mesken,,2019.0,,571.4285714285714
KAYSERİ,TALAS,TALAS MAHALLESİ,38.7094,35.571,45.0,,,,95000.0,2019-09-30 00:00:00,Apartman/Mesken,3.0,2019.0,,2111.1111111111113
KAYSERİ,MELİKGAZİ,ALPASLAN MAHALLESİ,38.724,35.5168,160.0,,,,335000.0,2019-09-30 00:00:00,Apartman/Mesken,10.0,2019.0,,2093.75
KAYSERİ,MELİKGAZİ,AYDINLIKEVLER MAHALLESİ,38.7217,35.4659,100.0,1994.0,1.0,3.0,125000.0,2019-09-30 00:00:00,Apartman/Mesken,0.0,2019.0,25.0,1250.0
KAYSERİ,MELİKGAZİ,SAKARYA MAHALLESİ,38.7302,35.4103,85.0,,,,150000.0,2019-09-30 00:00:00,Apartman/Mesken,14.0,2019.0,,1764.7058823529412
KAYSERİ,MELİKGAZİ,DEMİRCİYAZISI MAHALLESİ,38.7125,35.4481,150.0,,,,120000.0,2019-09-30 00:00:00,Apartman/Mesken,1.0,2019.0,,800.0
KAYSERİ,MELİKGAZİ,KÖŞKDAĞI MAHALLESİ,38.7163,35.5138,130.0,,,,400000.0,2019-09-30 00:00:00,Apartman/Mesken,4.0,2019.0,,3076.923076923077
KAYSERİ,MELİKGAZİ,AYDINLIKEVLER MAHALLESİ,38.7205,35.4688,121.0,,,,200000.0,2019-09-30 00:00:00,Apartman/Mesken,3.0,2019.0,,1652.892561983471
KAYSERİ,MELİKGAZİ,BİLLUR MAHALLESİ,38.6813,35.5163,357.0,,,,1000000.0,2019-09-30 00:00:00,Villa,,2019.0,,2801.1204481792715
KAYSERİ,KOCASİNAN,PERVANE MAHALLESİ,38.7487,35.4966,100.0,,,,250000.0,2019-09-30 00:00:00,Apartman/Mesken,6.0,2019.0,,2500.0
KAYSERİ,MELİKGAZİ,GESİ MAHALLESİ,38.7895,35.5981,130.0,,,,215000.0,2019-09-30 00:00:00,Apartman/Mesken,5.0,2019.0,,1653.8461538461538
KAYSERİ,MELİKGAZİ,GESİ MAHALLESİ,38.7881,35.5937,83.0,,,,135000.0,2019-09-30 00:00:00,Apartman/Mesken,1.0,2019.0,,1626.5060240963855
KAYSERİ,MELİKGAZİ,ALPASLAN MAHALLESİ,38.7261,35.5111,160.0,,,,340000.0,2019-09-30 00:00:00,Apartman/Mesken,0.0,2019.0,,2125.0
KAYSERİ,MELİKGAZİ,DEMİRCİYAZISI MAHALLESİ,38.7266,35.4476,120.0,,,,175000.0,2019-09-30 00:00:00,Apartman/Mesken,1.0,2019.0,,1458.3333333333333
KAYSERİ,TALAS,TALAS MAHALLESİ,38.7115,35.5632,140.0,,,,260000.0,2019-09-30 00:00:00,Apartman/Mesken,10.0,2019.0,,1857.142857142857
KAYSERİ,MELİKGAZİ,ALTINOLUK MAHALLESİ,38.7029,35.4329,48.0,,,,210000.0,2019-09-30 00:00:00,Apartman/Mesken,0.0,2019.0,,4375.0
KAYSERİ,MELİKGAZİ,YEŞİLYURT MAHALLESİ,38.7919,35.5973,139.0,,,,200000.0,2019-09-30 00:00:00,Apartman/Mesken,14.0,2019.0,,1438.8489208633093
KAYSERİ,TALAS,TALAS MAHALLESİ,38.7123,35.5619,48.0,,,,105000.0,2019-09-30 00:00:00,Apartman/Mesken,10.0,2019.0,,2187.5
KAYSERİ,KOCASİNAN,KAVAKYAZISI MAHALLESİ,38.7299,35.5027,108.0,,,,270000.0,2019-09-30 00:00:00,Apartman/Mesken,4.0,2019.0,,2500.0
KAYSERİ,MELİKGAZİ,1. ESKİŞEHİR MAHALLESİ,38.693,35.4913,119.0,,,,200000.0,2019-09-30 00:00:00,Apartman/Mesken,9.0,2019.0,,1680.672268907563
KAYSERİ,KOCASİNAN,PERVANE MAHALLESİ,38.7443,35.4869,177.0,,,,460000.0,2019-09-30 00:00:00,Apartman/Mesken,7.0,2019.0,,2598.870056497175
KAYSERİ,MELİKGAZİ,MİMARSİNAN MAHALLESİ,38.7296,35.5841,126.0,,,,225000.0,2019-09-30 00:00:00,Apartman/Mesken,1.0,2019.0,,1785.7142857142858
KAYSERİ,TOMARZA,3. MINTIKA  MAHALLESİ,38.4466,35.8069,549.0,,,,487000.0,2019-09-30 00:00:00,Apartman/Mesken,,2019.0,,887.0673952641166
KAYSERİ,MELİKGAZİ,KILIÇASLAN MAHALLESİ,38.7218,35.5036,112.0,2017.0,1.0,2.0,400000.0,2019-09-30 00:00:00,Apartman/Mesken,9.0,2019.0,2.0,3571.4285714285716
KAYSERİ,KOCASİNAN,CAMİKEBİR  MAHALLESİ,38.7529,35.5209,124.0,,,,95000.0,2019-09-30 00:00:00,Apartman/Mesken,,2019.0,,766.1290322580645
KAYSERİ,KOCASİNAN,SÜMER MAHALLESİ,38.7363,35.4719,176.0,,,,500000.0,2019-09-30 00:00:00,Apartman/Mesken,10.0,2019.0,,2840.909090909091
KAYSERİ,MELİKGAZİ,1. ESKİŞEHİR  MAHALLESİ,38.6998,35.4703,378.0,,,,260000.0,2019-09-30 00:00:00,Apartman/Mesken,,2019.0,,687.8306878306878
KAYSERİ,MELİKGAZİ,GESİ MAHALLESİ,38.788,35.6233,105.0,2015.0,1.0,3.0,150000.0,2019-09-30 00:00:00,Apartman/Mesken,6.0,2019.0,4.0,1428.5714285714287
KAYSERİ,MELİKGAZİ,3. ESKİŞEHİR  MAHALLESİ,38.6996,35.4668,444.0,,,,315000.0,2019-09-30 00:00:00,Apartman/Mesken,,2019.0,,709.4594594594595
KAYSERİ,KOCASİNAN,SÜMER MAHALLESİ,38.7365,35.4683,114.0,,,,200000.0,2019-09-30 00:00:00,Apartman/Mesken,1.0,2019.0,,1754.3859649122808
KAYSERİ,MELİKGAZİ,ESENTEPE MAHALLESİ,38.7313,35.4228,120.0,2010.0,1.0,2.0,225000.0,2019-09-30 00:00:00,Apartman/Mesken,5.0,2019.0,9.0,1875.0
KAYSERİ,TALAS,TALAS MAHALLESİ,38.6998,35.5679,83.0,2010.0,1.0,2.0,135000.0,2019-09-30 00:00:00,Apartman/Mesken,11.0,2019.0,9.0,1626.5060240963855
KAYSERİ,KOCASİNAN,KAVAKYAZISI MAHALLESİ,38.7352,35.502,125.0,,,,180000.0,2019-09-30 00:00:00,Apartman/Mesken,5.0,2019.0,,1440.0
KAYSERİ,TALAS,TALAS MAHALLESİ,38.7082,35.571,114.0,,,,210000.0,2019-09-30 00:00:00,Apartman/Mesken,13.0,2019.0,,1842.1052631578948
KAYSERİ,KOCASİNAN,PERVANE MAHALLESİ,38.7561,35.4979,120.0,2019.0,1.0,2.0,1130000.0,2019-09-30 00:00:00,Apartman/Mesken,1.0,2019.0,0.0,9416.666666666666
KAYSERİ,KOCASİNAN,KAVAKYAZISI MAHALLESİ,38.7311,35.5044,113.0,,,,160000.0,2019-09-30 00:00:00,Apartman/Mesken,,2019.0,,1415.929203539823
KAYSERİ,MELİKGAZİ,ÇAY MAHALLESİ,38.6905,35.5165,328.0,2013.0,1.0,1.0,1750000.0,2019-09-30 00:00:00,Apartman/Mesken,1.0,2019.0,6.0,5335.365853658536
KAYSERİ,MELİKGAZİ,KEYKUBAT MAHALLESİ,38.7455,35.3964,120.0,1997.0,1.0,3.0,145000.0,2019-09-30 00:00:00,Apartman/Mesken,0.0,2019.0,22.0,1208.3333333333333
KAYSERİ,MELİKGAZİ,SAKARYA MAHALLESİ,38.7398,35.4064,142.0,,,,225000.0,2019-09-30 00:00:00,Apartman/Mesken,12.0,2019.0,,1584.5070422535211
KAYSERİ,MELİKGAZİ,KEYKUBAT MAHALLESİ,38.7427,35.4107,108.0,2010.0,1.0,3.0,195000.0,2019-09-30 00:00:00,Apartman/Mesken,3.0,2019.0,9.0,1805.5555555555557
KAYSERİ,TALAS,TALAS MAHALLESİ,38.7039,35.5645,114.0,,,,140000.0,2019-09-30 00:00:00,Apartman/Mesken,0.0,2019.0,,1228.0701754385964
KAYSERİ,MELİKGAZİ,CAFERBEY MAHALLESİ,38.714587,35.482071,166.0,,,,425000.0,2019-09-30 00:00:00,Apartman/Mesken,3.0,2019.0,,2560.240963855422
KAYSERİ,KOCASİNAN,KAVAKYAZISI MAHALLESİ,38.7328,35.5216,135.0,1990.0,1.0,3.0,230000.0,2019-09-30 00:00:00,Apartman/Mesken,0.0,2019.0,29.0,1703.7037037037037
KAYSERİ,MELİKGAZİ,KANLIYURT MAHALLESİ,38.7389,35.42,121.0,,,,210000.0,2019-09-30 00:00:00,Apartman/Mesken,1.0,2019.0,,1735.5371900826447
KAYSERİ,KOCASİNAN,SÜMER MAHALLESİ,38.7409,35.4639,122.0,,,,205000.0,2019-09-30 00:00:00,Apartman/Mesken,10.0,2019.0,,1680.327868852459
KAYSERİ,MELİKGAZİ,GÜLTEPE MAHALLESİ,38.7172,35.5123,166.0,,,,520000.0,2019-09-30 00:00:00,Apartman/Mesken,12.0,2019.0,,3132.5301204819275
KAYSERİ,TALAS,YUKARI TALAS  MAHALLESİ,38.6686,35.5704,154.0,,,,510000.0,2019-09-30 00:00:00,Apartman/Mesken,,2019.0,,3311.688311688312
KAYSERİ,KOCASİNAN,PERVANE MAHALLESİ,38.7418,35.5056,164.0,,,,395000.0,2019-09-30 00:00:00,Apartman/Mesken,11.0,2019.0,,2408.5365853658536
KAYSERİ,YAHYALI,100. YIL MAHALLESİ,38.1108,35.3616,136.0,2017.0,1.0,2.0,170000.0,2019-09-30 00:00:00,Apartman/Mesken,2.0,2019.0,2.0,1250.0
KAYSERİ,KOCASİNAN,SARAYCIK  MAHALLESİ,38.9164,35.6689,240.0,2008.0,3.0,3.0,270000.0,2019-08-01 10:28:00,Apartman/Mesken,,2019.0,11.0,1125.0
KAYSERİ,MELİKGAZİ,YEŞİLYURT MAHALLESİ,38.7912,35.6053,124.0,2016.0,1.0,3.0,190000.0,2019-08-01 14:49:00,Apartman/Mesken,1.0,2019.0,3.0,1532.258064516129
KAYSERİ,KOCASİNAN,KAVAKYAZISI MAHALLESİ,38.7321,35.5057,101.0,1991.0,1.0,3.0,170000.0,2019-09-30 00:00:00,Apartman/Mesken,1.0,2019.0,28.0,1683.1683168316831
KAYSERİ,BÜNYAN,GERGEME MAHALLESİ,38.8559,35.8415,157.0,2015.0,1.0,2.0,160000.0,2019-08-01 15:00:00,Apartman/Mesken,0.0,2019.0,4.0,1019.108280254777
KAYSERİ,KOCASİNAN,ERKİLET MAHALLESİ,38.800854,35.453621,92.0,,,,310000.0,2019-09-30 00:00:00,Apartman/Mesken,1.0,2019.0,,3369.5652173913045
KAYSERİ,TALAS,HARMAN MAHALLESİ,38.6837,35.5527,137.0,,,,320000.0,2019-09-30 00:00:00,Apartman/Mesken,3.0,2019.0,,2335.7664233576643
KAYSERİ,MELİKGAZİ,KANLIYURT MAHALLESİ,38.7329,35.4344,95.0,,,,135000.0,2019-09-30 00:00:00,Apartman/Mesken,1.0,2019.0,,1421.0526315789473
KAYSERİ,MELİKGAZİ,1. ESKİŞEHİR MAHALLESİ,38.6964,35.4791,92.0,2014.0,1.0,2.0,125000.0,2019-09-30 00:00:00,Apartman/Mesken,0.0,2019.0,5.0,1358.695652173913
KAYSERİ,DEVELİ,FENESEYUKARI MAHALLESİ,38.3905,35.5033,122.0,,,,160000.0,2019-09-30 00:00:00,Apartman/Mesken,2.0,2019.0,,1311.4754098360656
KAYSERİ,KOCASİNAN,YAVUZSELİM MAHALLESİ,38.756315,35.564761,124.0,2017.0,1.0,2.0,255000.0,2019-09-30 00:00:00,Apartman/Mesken,10.0,2019.0,2.0,2056.451612903226
KAYSERİ,KOCASİNAN,PERVANE MAHALLESİ,38.7361,35.4976,165.0,2020.0,1.0,1.0,500000.0,2019-09-30 00:00:00,Apartman/Mesken,,2019.0,,3030.3030303030305
KAYSERİ,TALAS,TALAS MAHALLESİ,38.7065,35.5503,135.0,,,,230000.0,2019-09-30 00:00:00,Apartman/Mesken,7.0,2019.0,,1703.7037037037037
KAYSERİ,MELİKGAZİ,ALPASLAN MAHALLESİ,38.726099,35.510838,152.0,1989.0,1.0,3.0,310000.0,2019-09-30 00:00:00,Apartman/Mesken,12.0,2019.0,30.0,2039.4736842105262
KAYSERİ,MELİKGAZİ,YILDIRIM BEYAZIT MAHALLESİ,38.7303,35.5347,184.0,,,,445000.0,2019-09-30 00:00:00,Apartman/Mesken,12.0,2019.0,,2418.478260869565
KAYSERİ,TALAS,HARMAN MAHALLESİ,38.6836,35.5456,148.0,,,,250000.0,2019-09-30 00:00:00,Apartman/Mesken,7.0,2019.0,,1689.1891891891892
KAYSERİ,MELİKGAZİ,BAHÇELİEVLER MAHALLESİ,38.7676,35.5967,127.0,,,,185000.0,2019-09-30 00:00:00,Apartman/Mesken,14.0,2019.0,,1456.6929133858268
KAYSERİ,TALAS,KİÇİKÖY MAHALLESİ,38.6979,35.5489,136.0,,,,230000.0,2019-09-30 00:00:00,Apartman/Mesken,10.0,2019.0,,1691.1764705882354
KAYSERİ,MELİKGAZİ,GESİ MAHALLESİ,38.7867,35.5999,121.0,2012.0,1.0,2.0,170000.0,2019-08-05 11:15:00,Apartman/Mesken,1.0,2019.0,7.0,1404.9586776859503
KAYSERİ,TALAS,HARMAN MAHALLESİ,38.686,35.5445,150.0,2014.0,1.0,3.0,265000.0,2019-09-30 00:00:00,Apartman/Mesken,3.0,2019.0,5.0,1766.6666666666667
KAYSERİ,DEVELİ,GÜNEYAŞAĞI MAHALLESİ,38.3618,35.476,96.0,,,,85000.0,2019-09-30 00:00:00,Apartman/Mesken,1.0,2019.0,,885.4166666666666
KAYSERİ,MELİKGAZİ,KONAKLAR MAHALLESİ,38.7293,35.5478,111.0,2013.0,1.0,2.0,210000.0,2019-09-30 00:00:00,Apartman/Mesken,8.0,2019.0,6.0,1891.8918918918919
KAYSERİ,MELİKGAZİ,ANBAR MAHALLESİ,38.737,35.3873,105.0,1995.0,1.0,3.0,135000.0,2019-08-05 13:41:00,Apartman/Mesken,2.0,2019.0,24.0,1285.7142857142858
KAYSERİ,KOCASİNAN,YENİDOĞAN  MAHALLESİ,38.7555,35.4381,225.0,,3.0,3.0,220000.0,2019-09-30 00:00:00,Apartman/Mesken,,2019.0,,977.7777777777778
KAYSERİ,DEVELİ,YENİMAHALLE MAHALLESİ,38.398,35.4709,143.0,,,,170000.0,2019-09-30 00:00:00,Apartman/Mesken,2.0,2019.0,,1188.811188811189
KAYSERİ,TALAS,TALAS MAHALLESİ,38.7031,35.559,131.0,,,,190000.0,2019-09-30 00:00:00,Apartman/Mesken,10.0,2019.0,,1450.381679389313
KAYSERİ,KOCASİNAN,OYMAAĞAÇ MAHALLESİ,38.7756,35.3839,80.0,,,,109000.0,2019-09-30 00:00:00,Apartman/Mesken,4.0,2019.0,,1362.5
KAYSERİ,TOMARZA,YUKARI MAHALLE MAHALLESİ,38.4478,35.7998,107.0,1988.0,1.0,3.0,371400.0,2019-09-30 00:00:00,Apartman/Mesken,2.0,2019.0,31.0,3471.0280373831774
KAYSERİ,MELİKGAZİ,DEMİRCİYAZISI MAHALLESİ,38.7017,35.4423,159.0,,,,400000.0,2019-09-30 00:00:00,Apartman/Mesken,3.0,2019.0,,2515.723270440252
KAYSERİ,DEVELİ,CAMİCEDİT MAHALLESİ,38.395718,35.471146,145.0,2014.0,1.0,2.0,170000.0,2019-07-19 16:34:00,Apartman/Mesken,2.0,2019.0,5.0,1172.4137931034484
KAYSERİ,MELİKGAZİ,YILDIRIM BEYAZIT MAHALLESİ,38.7227,35.5387,133.0,,,,180000.0,2019-09-30 00:00:00,Apartman/Mesken,5.0,2019.0,,1353.3834586466166
KAYSERİ,DEVELİ,GÜNEYAŞAĞI MAHALLESİ,38.375774,35.475805,93.0,2019.0,1.0,2.0,125000.0,2019-07-22 11:38:00,Apartman/Mesken,3.0,2019.0,0.0,1344.0860215053763
KAYSERİ,TALAS,TALAS MAHALLESİ,38.7065,35.5495,135.0,,,,220000.0,2019-09-30 00:00:00,Apartman/Mesken,1.0,2019.0,,1629.6296296296296
KAYSERİ,KOCASİNAN,SÜMER MAHALLESİ,38.7423,35.4579,91.0,,,,120000.0,2019-09-30 00:00:00,Apartman/Mesken,0.0,2019.0,,1318.6813186813188
KAYSERİ,MELİKGAZİ,MİMARSİNAN MAHALLESİ,38.761713,35.598959,99.0,,,,135000.0,2019-09-30 00:00:00,Apartman/Mesken,2.0,2019.0,,1363.6363636363637
KAYSERİ,TALAS,TALAS MAHALLESİ,38.711,35.5575,164.0,,,,425000.0,2019-09-30 00:00:00,Apartman/Mesken,10.0,2019.0,,2591.4634146341464
KAYSERİ,MELİKGAZİ,KÜÇÜKALİ MAHALLESİ,38.7109,35.4719,117.0,,,,240000.0,2019-09-30 00:00:00,Apartman/Mesken,8.0,2019.0,,2051.2820512820513
KAYSERİ,KOCASİNAN,UĞUREVLER MAHALLESİ,38.7369,35.532,140.0,,,,350000.0,2019-09-30 00:00:00,Apartman/Mesken,4.0,2019.0,,2500.0
KAYSERİ,YAHYALI,MADAZI  MAHALLESİ,38.0977,35.3609,480.0,,,,185000.0,2019-09-30 00:00:00,Apartman/Mesken,,2019.0,,385.4166666666667
KAYSERİ,MELİKGAZİ,MİMARSİNAN MAHALLESİ,38.7718,35.5816,134.0,,,,220000.0,2019-09-30 00:00:00,Apartman/Mesken,10.0,2019.0,,1641.7910447761194
KAYSERİ,TALAS,HARMAN MAHALLESİ,38.685308,35.555856,195.0,2009.0,1.0,2.0,400000.0,2019-09-30 00:00:00,Apartman/Mesken,9.0,2019.0,10.0,2051.2820512820513
KAYSERİ,MELİKGAZİ,YILDIRIM BEYAZIT MAHALLESİ,38.7304,35.5351,228.0,,,,900000.0,2019-09-30 00:00:00,Apartman/Mesken,12.0,2019.0,,3947.3684210526317
KAYSERİ,MELİKGAZİ,AKKAYA MAHALLESİ,38.6968,35.4344,132.0,,,,550000.0,2019-09-30 00:00:00,Apartman/Mesken,,2019.0,,4166.666666666667
KAYSERİ,MELİKGAZİ,KEYKUBAT MAHALLESİ,38.7373,35.4166,133.0,,,,290000.0,2019-09-30 00:00:00,Apartman/Mesken,2.0,2019.0,,2180.4511278195487
KAYSERİ,DEVELİ,HARMAN MAHALLESİ,38.3906,35.4917,139.0,,,,155000.0,2019-09-30 00:00:00,Apartman/Mesken,4.0,2019.0,,1115.1079136690648
KAYSERİ,MELİKGAZİ,ESENTEPE MAHALLESİ,38.7296,35.4244,143.0,,,,250000.0,2019-09-30 00:00:00,Apartman/Mesken,4.0,2019.0,,1748.2517482517483
KAYSERİ,KOCASİNAN,ERKİLET MAHALLESİ,38.78592,35.457183,147.0,,,,240000.0,2019-09-30 00:00:00,Apartman/Mesken,5.0,2019.0,,1632.6530612244899
KAYSERİ,KOCASİNAN,KAVAKYAZISI 2. MINTIKA MAHALLESİ,38.737,35.5076,102.0,,,,150000.0,2019-09-30 00:00:00,Apartman/Mesken,1.0,2019.0,,1470.5882352941176
KAYSERİ,KOCASİNAN,CUMHURİYET MAHALLESİ,38.743029,35.511782,105.0,2007.0,1.0,3.0,205000.0,2019-08-06 13:25:00,Apartman/Mesken,6.0,2019.0,12.0,1952.3809523809523
KAYSERİ,TALAS,TALAS MAHALLESİ,38.706814,35.571587,115.0,,,,175000.0,2019-09-30 00:00:00,Apartman/Mesken,1.0,2019.0,,1521.7391304347825
KAYSERİ,BÜNYAN,ELBAŞI  MAHALLESİ,38.674,35.9658,94.0,1.0,3.0,4.0,40000.0,2019-09-30 00:00:00,Apartman/Mesken,,2019.0,,425.531914893617
KAYSERİ,KOCASİNAN,KAVAKYAZISI MAHALLESİ,38.7369,35.5074,105.0,,,,160000.0,2019-09-30 00:00:00,Apartman/Mesken,3.0,2019.0,,1523.8095238095239
KAYSERİ,MELİKGAZİ,YEŞİLYURT MAHALLESİ,38.7908,35.5996,133.0,,,,165000.0,2019-09-30 00:00:00,Apartman/Mesken,6.0,2019.0,,1240.6015037593984
KAYSERİ,KOCASİNAN,ERKİLET MAHALLESİ,38.7855,35.4508,137.0,,,,465000.0,2019-09-04 10:39:00,Apartman/Mesken,13.0,2019.0,,3394.1605839416056
KAYSERİ,MELİKGAZİ,DEMİRCİYAZISI MAHALLESİ,38.707025,35.448192,100.0,,,,160000.0,2019-09-30 00:00:00,Apartman/Mesken,3.0,2019.0,,1600.0
KAYSERİ,MELİKGAZİ,MİMARSİNAN MAHALLESİ,38.76521,35.606147,78.0,2009.0,,2.0,215000.0,2019-08-05 17:04:00,Apartman/Mesken,5.0,2019.0,10.0,2756.4102564102564
KAYSERİ,MELİKGAZİ,KONAKLAR MAHALLESİ,38.743,35.5633,133.0,,,,190000.0,2019-09-30 00:00:00,Apartman/Mesken,7.0,2019.0,,1428.5714285714287
KAYSERİ,MELİKGAZİ,YILDIRIM BEYAZIT MAHALLESİ,38.7213,35.5429,141.0,2018.0,1.0,3.0,315000.0,2019-09-30 00:00:00,Apartman/Mesken,1.0,2019.0,1.0,2234.0425531914893
KAYSERİ,MELİKGAZİ,YILDIRIM BEYAZIT MAHALLESİ,38.7281,35.5325,152.0,,,,320000.0,2019-09-30 00:00:00,Apartman/Mesken,1.0,2019.0,,2105.2631578947367
KAYSERİ,KOCASİNAN,ESENTEPE MAHALLESİ,38.7543,35.5348,110.0,,,,110000.0,2019-09-30 00:00:00,Apartman/Mesken,1.0,2019.0,,1000.0
KAYSERİ,MELİKGAZİ,ALPASLAN MAHALLESİ,38.7251,35.5176,225.0,,,,650000.0,2019-09-30 00:00:00,Apartman/Mesken,6.0,2019.0,,2888.8888888888887
KAYSERİ,MELİKGAZİ,KEYKUBAT MAHALLESİ,38.7368,35.4309,140.0,,,,175000.0,2019-09-30 00:00:00,Apartman/Mesken,2.0,2019.0,,1250.0
KAYSERİ,KOCASİNAN,ERKİLET MAHALLESİ,38.794968,35.455471,128.0,2019.0,1.0,2.0,165000.0,2019-08-05 19:07:00,Apartman/Mesken,11.0,2019.0,0.0,1289.0625
KAYSERİ,TALAS,TALAS MAHALLESİ,38.6976,35.5515,136.0,,,,250000.0,2019-09-30 00:00:00,Apartman/Mesken,0.0,2019.0,,1838.235294117647
KAYSERİ,MELİKGAZİ,OSMANLI  MAHALLESİ,38.6813,35.481,378.0,,,,435000.0,2019-09-30 00:00:00,Apartman/Mesken,,2019.0,,1150.7936507936508
KAYSERİ,DEVELİ,YENİMAHALLE MAHALLESİ,38.3942,35.4762,116.0,2019.0,1.0,2.0,340000.0,2019-09-30 00:00:00,Apartman/Mesken,1.0,2019.0,0.0,2931.0344827586205
KAYSERİ,KOCASİNAN,KÖTÜGÖLLER MAHALLESİ,38.761596,35.489291,120.0,,,,250000.0,2019-09-30 00:00:00,Apartman/Mesken,3.0,2019.0,,2083.3333333333335
KAYSERİ,DEVELİ,REŞADİYE MAHALLESİ,38.3783,35.478,176.0,,,,190000.0,2019-09-30 00:00:00,Apartman/Mesken,3.0,2019.0,,1079.5454545454545
KAYSERİ,MELİKGAZİ,MİMARSİNAN MAHALLESİ,38.769702,35.587243,115.0,,,,185000.0,2019-09-30 00:00:00,Apartman/Mesken,7.0,2019.0,,1608.695652173913
KAYSERİ,TALAS,TALAS MAHALLESİ,38.7135,35.5574,50.0,2014.0,1.0,1.0,110000.0,2019-09-30 00:00:00,Apartman/Mesken,11.0,2019.0,5.0,2200.0
KAYSERİ,KOCASİNAN,KUŞÇU  MAHALLESİ,38.950748,35.491204,140.0,2011.0,,4.0,170000.0,2019-09-30 00:00:00,Apartman/Mesken,,2019.0,8.0,1214.2857142857142
KAYSERİ,MELİKGAZİ,KÖŞKDAĞI MAHALLESİ,38.7261,35.4954,218.0,,,,665000.0,2019-09-30 00:00:00,Apartman/Mesken,10.0,2019.0,,3050.4587155963304
KAYSERİ,MELİKGAZİ,MİMARSİNAN MAHALLESİ,38.740921,35.574679,100.0,2008.0,1.0,3.0,125000.0,2019-09-30 00:00:00,Apartman/Mesken,1.0,2019.0,11.0,1250.0
KAYSERİ,KOCASİNAN,ERKİLET DERE MAHALLESİ,38.7873,35.4507,135.0,,,,300000.0,2019-09-30 00:00:00,Apartman/Mesken,5.0,2019.0,,2222.222222222222
KAYSERİ,KOCASİNAN,ERKİLET MAHALLESİ,38.7828,35.4506,125.0,,,,165000.0,2019-09-30 00:00:00,Apartman/Mesken,0.0,2019.0,,1320.0
KAYSERİ,KOCASİNAN,UĞUREVLER MAHALLESİ,38.7397,35.5262,127.0,,,,330000.0,2019-09-30 00:00:00,Apartman/Mesken,3.0,2019.0,,2598.4251968503936
KAYSERİ,MELİKGAZİ,HUNAT MAHALLESİ,38.72,35.4963,82.0,1962.0,1.0,3.0,140000.0,2019-09-30 00:00:00,Apartman/Mesken,4.0,2019.0,57.0,1707.3170731707316
KAYSERİ,TALAS,TALAS MAHALLESİ,38.7068,35.565,117.0,,,,200000.0,2019-09-30 00:00:00,Apartman/Mesken,14.0,2019.0,,1709.4017094017095
KAYSERİ,KOCASİNAN,ERKİLET MAHALLESİ,38.7897,35.4591,122.0,,,,240000.0,2019-09-30 00:00:00,Apartman/Mesken,4.0,2019.0,,1967.2131147540983
KAYSERİ,MELİKGAZİ,GÜLÜK MAHALLESİ,38.7218,35.4732,100.0,1979.0,1.0,4.0,140000.0,2019-09-30 00:00:00,Apartman/Mesken,1.0,2019.0,40.0,1400.0
KAYSERİ,YAHYALI,SEYDİLİ MAHALLESİ,38.1034,35.3582,142.0,,,,235000.0,2019-09-30 00:00:00,Apartman/Mesken,4.0,2019.0,,1654.9295774647887
KAYSERİ,KOCASİNAN,OYMAAĞAÇ MAHALLESİ,38.7756,35.3839,80.0,2019.0,1.0,2.0,114000.0,2019-09-30 00:00:00,Apartman/Mesken,3.0,2019.0,0.0,1425.0
KAYSERİ,TALAS,TALAS MAHALLESİ,38.7075,35.5651,121.0,2010.0,1.0,2.0,195000.0,2019-09-30 00:00:00,Apartman/Mesken,6.0,2019.0,9.0,1611.5702479338843
KAYSERİ,KOCASİNAN,KAVAKYAZISI MAHALLESİ,38.7261,35.4954,202.0,,,,295000.0,2019-09-30 00:00:00,Apartman/Mesken,3.0,2019.0,,1460.3960396039604
KAYSERİ,MELİKGAZİ,DEMİRCİYAZISI MAHALLESİ,38.704928,35.452505,126.0,,,,280000.0,2019-09-30 00:00:00,Apartman/Mesken,9.0,2019.0,,2222.222222222222
KAYSERİ,KOCASİNAN,BEYAZŞEHİR MAHALLESİ,38.7846,35.5929,110.0,,,,200000.0,2019-09-30 00:00:00,Apartman/Mesken,8.0,2019.0,,1818.1818181818182
KAYSERİ,MELİKGAZİ,DANİŞMENTGAZİ  MAHALLESİ,38.6839,35.4719,324.0,,,,300000.0,2019-09-30 00:00:00,Apartman/Mesken,,2019.0,,925.925925925926
KAYSERİ,KOCASİNAN,YENİDOĞAN MAHALLESİ,38.744126,35.432227,137.0,2019.0,1.0,1.0,270000.0,2019-09-30 00:00:00,Apartman/Mesken,4.0,2019.0,0.0,1970.802919708029
KAYSERİ,YAHYALI,SEYDİLİ MAHALLESİ,38.103697,35.356653,112.0,2018.0,1.0,2.0,240000.0,2019-09-30 00:00:00,Apartman/Mesken,3.0,2019.0,1.0,2142.8571428571427
KAYSERİ,KOCASİNAN,SEYRANİ MAHALLESİ,38.753217,35.480979,135.0,,,,330000.0,2019-09-30 00:00:00,Apartman/Mesken,13.0,2019.0,,2444.4444444444443
KAYSERİ,KOCASİNAN,SÜMER MAHALLESİ,38.736075,35.471999,176.0,,,,440000.0,2019-09-30 00:00:00,Apartman/Mesken,1.0,2019.0,,2500.0
KAYSERİ,MELİKGAZİ,KANLIYURT MAHALLESİ,38.730951,35.41124,109.0,,,,170000.0,2019-09-30 00:00:00,Apartman/Mesken,3.0,2019.0,,1559.633027522936
KAYSERİ,MELİKGAZİ,GESİ MAHALLESİ,38.788575,35.615803,102.0,2002.0,1.0,3.0,160000.0,2019-09-30 00:00:00,Apartman/Mesken,4.0,2019.0,17.0,1568.6274509803923
KAYSERİ,MELİKGAZİ,1. ESKİŞEHİR MAHALLESİ,38.70926,35.477106,92.0,2012.0,1.0,2.0,200000.0,2019-09-30 00:00:00,Apartman/Mesken,7.0,2019.0,7.0,2173.913043478261
KAYSERİ,MELİKGAZİ,GESİ MAHALLESİ,38.79,35.6166,130.0,,,,190000.0,2019-09-30 00:00:00,Apartman/Mesken,6.0,2019.0,,1461.5384615384614
KAYSERİ,MELİKGAZİ,ESENTEPE MAHALLESİ,38.7296,35.4295,131.0,,,,320000.0,2019-09-30 00:00:00,Apartman/Mesken,2.0,2019.0,,2442.7480916030536
KAYSERİ,YAHYALI,SEYDİLİ MAHALLESİ,38.0987,35.3562,140.0,,,,280000.0,2019-09-30 00:00:00,Apartman/Mesken,3.0,2019.0,,2000.0
KAYSERİ,MELİKGAZİ,BECEN MAHALLESİ,38.670467,35.500227,201.0,,,,900000.0,2019-09-30 00:00:00,Villa,-1.0,2019.0,,4477.611940298508
KAYSERİ,MELİKGAZİ,ESENTEPE MAHALLESİ,38.728861,35.440328,117.0,,,,225000.0,2019-09-30 00:00:00,Apartman/Mesken,2.0,2019.0,,1923.076923076923
KAYSERİ,MELİKGAZİ,MİMARSİNAN MAHALLESİ,38.7319,35.5785,108.0,,,,165000.0,2019-09-30 00:00:00,Apartman/Mesken,2.0,2019.0,,1527.7777777777778
KAYSERİ,DEVELİ,İBRAHİMAĞA MAHALLESİ,38.386771,35.489047,150.0,,,,260000.0,2019-09-30 00:00:00,Apartman/Mesken,3.0,2019.0,,1733.3333333333333
KAYSERİ,KOCASİNAN,BEYAZŞEHİR MAHALLESİ,38.78418,35.583815,122.0,,,,200000.0,2019-09-30 00:00:00,Apartman/Mesken,10.0,2019.0,,1639.344262295082
KAYSERİ,MELİKGAZİ,KONAKLAR MAHALLESİ,38.748213,35.561649,120.0,1998.0,1.0,2.0,130000.0,2019-09-30 00:00:00,Apartman/Mesken,3.0,2019.0,21.0,1083.3333333333333
KAYSERİ,MELİKGAZİ,ALPASLAN MAHALLESİ,38.7255,35.5119,192.0,,,,500000.0,2019-09-30 00:00:00,Apartman/Mesken,4.0,2019.0,,2604.1666666666665
KAYSERİ,TALAS,TALAS MAHALLESİ,38.6992,35.5493,159.0,,,,410000.0,2019-09-30 00:00:00,Apartman/Mesken,9.0,2019.0,,2578.616352201258
KAYSERİ,KOCASİNAN,ÖRNEKEVLER MAHALLESİ,38.7284,35.4792,115.0,,,,200000.0,2019-09-30 00:00:00,Apartman/Mesken,1.0,2019.0,,1739.1304347826087
KAYSERİ,MELİKGAZİ,YAZIBAĞLARI MAHALLESİ,38.729547,35.407605,116.0,2018.0,1.0,2.0,235000.0,2019-09-30 00:00:00,Apartman/Mesken,2.0,2019.0,1.0,2025.8620689655172
KAYSERİ,MELİKGAZİ,SAKARYA MAHALLESİ,38.739,35.4042,143.0,,,,320000.0,2019-09-30 00:00:00,Apartman/Mesken,7.0,2019.0,,2237.762237762238
KAYSERİ,KOCASİNAN,ZİYA GÖKALP MAHALLESİ,38.7415,35.4413,97.0,,,,150000.0,2019-09-30 00:00:00,Apartman/Mesken,,2019.0,,1546.3917525773195
KAYSERİ,MELİKGAZİ,KEYKUBAT MAHALLESİ,38.7426,35.3955,108.0,1995.0,1.0,3.0,135000.0,2019-09-30 00:00:00,Apartman/Mesken,0.0,2019.0,24.0,1250.0
KAYSERİ,MELİKGAZİ,DEMİRCİYAZISI MAHALLESİ,38.713342,35.460498,91.0,,,,210000.0,2019-09-30 00:00:00,Apartman/Mesken,8.0,2019.0,,2307.6923076923076
KAYSERİ,TALAS,TALAS MAHALLESİ,38.7055,35.5661,110.0,,,,165000.0,2019-09-30 00:00:00,Apartman/Mesken,4.0,2019.0,,1500.0
KAYSERİ,MELİKGAZİ,YILDIRIM BEYAZIT MAHALLESİ,38.7273,35.5324,160.0,2008.0,1.0,2.0,410000.0,2019-09-30 00:00:00,Apartman/Mesken,1.0,2019.0,11.0,2562.5
KAYSERİ,KOCASİNAN,SEYRANİ MAHALLESİ,38.7515,35.4789,122.0,,,,240000.0,2019-09-30 00:00:00,Apartman/Mesken,5.0,2019.0,,1967.2131147540983
KAYSERİ,DEVELİ,REŞADİYE MAHALLESİ,38.3791,35.476,124.0,,,,170000.0,2019-09-30 00:00:00,Apartman/Mesken,1.0,2019.0,,1370.967741935484
KAYSERİ,MELİKGAZİ,YEŞİLYURT MAHALLESİ,38.7921,35.5971,139.0,2017.0,1.0,2.0,215000.0,2019-09-30 00:00:00,Apartman/Mesken,13.0,2019.0,2.0,1546.7625899280577
KAYSERİ,MELİKGAZİ,HUNAT MAHALLESİ,38.721679,35.498628,183.0,,,,800000.0,2019-09-30 00:00:00,Apartman/Mesken,3.0,2019.0,,4371.584699453552
KAYSERİ,MELİKGAZİ,HUNAT MAHALLESİ,38.7202,35.4941,60.0,,,,90000.0,2019-09-30 00:00:00,Apartman/Mesken,3.0,2019.0,,1500.0
KAYSERİ,KOCASİNAN,KAVAKYAZISI 2. MINTIKA MAHALLESİ,38.7355,35.5247,192.0,,,,580000.0,2019-09-30 00:00:00,Apartman/Mesken,1.0,2019.0,,3020.8333333333335
KAYSERİ,KOCASİNAN,YILDIZEVLER MAHALLESİ,38.7457,35.5331,127.0,,,,200000.0,2019-09-30 00:00:00,Apartman/Mesken,6.0,2019.0,,1574.8031496062993
KAYSERİ,KOCASİNAN,ERKİLET MAHALLESİ,38.7861,35.4572,147.0,2016.0,1.0,2.0,240000.0,2019-09-30 00:00:00,Apartman/Mesken,4.0,2019.0,3.0,1632.6530612244899
KAYSERİ,DEVELİ,YENİMAHALLE MAHALLESİ,38.4015,35.4856,98.0,,,,135000.0,2019-09-30 00:00:00,Apartman/Mesken,1.0,2019.0,,1377.5510204081634
KAYSERİ,MELİKGAZİ,KEYKUBAT MAHALLESİ,38.7368,35.4174,169.0,2018.0,1.0,1.0,500000.0,2019-09-30 00:00:00,Apartman/Mesken,4.0,2019.0,1.0,2958.579881656805
KAYSERİ,DEVELİ,İBRAHİMAĞA MAHALLESİ,38.3874,35.4892,151.0,,,,300000.0,2019-09-30 00:00:00,Apartman/Mesken,4.0,2019.0,,1986.7549668874171
KAYSERİ,TALAS,TALAS MAHALLESİ,38.7075,35.5515,118.0,2010.0,1.0,2.0,210000.0,2019-09-30 00:00:00,Apartman/Mesken,1.0,2019.0,9.0,1779.6610169491526
KAYSERİ,KOCASİNAN,KAVAKYAZISI MAHALLESİ,38.733272,35.522072,110.0,1993.0,1.0,2.0,225000.0,2019-09-30 00:00:00,Apartman/Mesken,4.0,2019.0,26.0,2045.4545454545455
KAYSERİ,MELİKGAZİ,BATTALGAZİ MAHALLESİ,38.710868,35.474714,118.0,,,,245000.0,2019-09-30 00:00:00,Apartman/Mesken,13.0,2019.0,,2076.271186440678
KAYSERİ,KOCASİNAN,KAVAKYAZISI MAHALLESİ,38.733908,35.521963,138.0,,,,290000.0,2019-09-30 00:00:00,Apartman/Mesken,5.0,2019.0,,2101.449275362319
KAYSERİ,MELİKGAZİ,YAZIBAĞLARI MAHALLESİ,38.7354,35.3968,106.0,1995.0,1.0,3.0,160000.0,2019-09-30 00:00:00,Apartman/Mesken,5.0,2019.0,24.0,1509.433962264151
KAYSERİ,MELİKGAZİ,BAHÇELİEVLER MAHALLESİ,38.770973,35.601775,117.0,,,,180000.0,2019-09-30 00:00:00,Apartman/Mesken,4.0,2019.0,,1538.4615384615386
KAYSERİ,MELİKGAZİ,GESİ MAHALLESİ,38.788056,35.590553,88.0,,,,145000.0,2019-09-30 00:00:00,Apartman/Mesken,9.0,2019.0,,1647.7272727272727
KAYSERİ,MELİKGAZİ,DEMİRCİYAZISI MAHALLESİ,38.7082,35.448,117.0,2001.0,1.0,3.0,210000.0,2019-09-30 00:00:00,Apartman/Mesken,6.0,2019.0,18.0,1794.871794871795
KAYSERİ,MELİKGAZİ,ANBAR MAHALLESİ,38.74605,35.384119,106.0,,,,190000.0,2019-09-30 00:00:00,Apartman/Mesken,8.0,2019.0,,1792.4528301886792
KAYSERİ,KOCASİNAN,ERKİLET MAHALLESİ,38.7872,35.4518,138.0,,,,235000.0,2019-09-30 00:00:00,Apartman/Mesken,2.0,2019.0,,1702.8985507246377
KAYSERİ,MELİKGAZİ,1. ESKİŞEHİR MAHALLESİ,38.691572,35.492577,118.0,,,,210000.0,2019-09-30 00:00:00,Apartman/Mesken,8.0,2019.0,,1779.6610169491526
KAYSERİ,KOCASİNAN,SÜMER MAHALLESİ,38.73487,35.449737,129.0,,,,225000.0,2019-09-30 00:00:00,Apartman/Mesken,14.0,2019.0,,1744.1860465116279
KAYSERİ,KOCASİNAN,PERVANE MAHALLESİ,38.7485,35.4973,130.0,,,,290000.0,2019-09-30 00:00:00,Apartman/Mesken,1.0,2019.0,,2230.769230769231
KAYSERİ,MELİKGAZİ,ESENTEPE MAHALLESİ,38.7302,35.4303,115.0,,,,210000.0,2019-09-30 00:00:00,Apartman/Mesken,7.0,2019.0,,1826.0869565217392
KAYSERİ,MELİKGAZİ,GESİ MAHALLESİ,38.785644,35.597237,130.0,2013.0,1.0,3.0,180000.0,2019-09-30 00:00:00,Apartman/Mesken,4.0,2019.0,6.0,1384.6153846153845
KAYSERİ,MELİKGAZİ,DEMİRCİYAZISI MAHALLESİ,38.7146,35.4604,133.0,2013.0,1.0,2.0,220000.0,2019-09-30 00:00:00,Apartman/Mesken,5.0,2019.0,6.0,1654.1353383458647
KAYSERİ,MELİKGAZİ,KONAKLAR MAHALLESİ,38.749,35.5569,137.0,2008.0,1.0,3.0,190000.0,2019-09-30 00:00:00,Apartman/Mesken,1.0,2019.0,11.0,1386.8613138686133
KAYSERİ,MELİKGAZİ,GESİ MAHALLESİ,38.7895,35.6102,127.0,,,,180000.0,2019-09-30 00:00:00,Apartman/Mesken,7.0,2019.0,,1417.3228346456692
KAYSERİ,İNCESU,KARAMUSTAFAPAŞA MAHALLESİ,38.6262,35.1816,162.0,2019.0,1.0,2.0,230000.0,2019-09-30 00:00:00,Apartman/Mesken,1.0,2019.0,0.0,1419.7530864197531
KAYSERİ,KOCASİNAN,KAVAKYAZISI MAHALLESİ,38.7358,35.5123,81.0,,,,90000.0,2019-09-30 00:00:00,Apartman/Mesken,-1.0,2019.0,,1111.111111111111
KAYSERİ,MELİKGAZİ,KEYKUBAT MAHALLESİ,38.7381,35.3893,82.0,,,,125000.0,2019-09-30 00:00:00,Apartman/Mesken,4.0,2019.0,,1524.3902439024391
KAYSERİ,KOCASİNAN,BEYAZŞEHİR MAHALLESİ,38.783,35.5891,115.0,,,,165000.0,2019-09-30 00:00:00,Apartman/Mesken,6.0,2019.0,,1434.7826086956522
KAYSERİ,KOCASİNAN,PERVANE MAHALLESİ,38.7431,35.5046,157.0,,,,400000.0,2019-09-30 00:00:00,Apartman/Mesken,6.0,2019.0,,2547.770700636943
KAYSERİ,KOCASİNAN,ERKİLET MAHALLESİ,38.7861,35.4572,147.0,,,,240000.0,2019-09-30 00:00:00,Apartman/Mesken,9.0,2019.0,,1632.6530612244899
KAYSERİ,MELİKGAZİ,ANBAR MAHALLESİ,38.737824,35.381614,118.0,2014.0,1.0,2.0,280000.0,2019-09-30 00:00:00,Apartman/Mesken,8.0,2019.0,5.0,2372.8813559322034
KAYSERİ,TALAS,TALAS MAHALLESİ,38.7109,35.5512,146.0,2007.0,1.0,2.0,275000.0,2019-09-30 00:00:00,Apartman/Mesken,6.0,2019.0,12.0,1883.5616438356165
KAYSERİ,KOCASİNAN,KAVAKYAZISI MAHALLESİ,38.7342,35.5028,75.0,,,,125000.0,2019-09-30 00:00:00,Apartman/Mesken,0.0,2019.0,,1666.6666666666667
KAYSERİ,KOCASİNAN,SÜMER MAHALLESİ,38.7406,35.4609,126.0,,,,220000.0,2019-09-30 00:00:00,Apartman/Mesken,8.0,2019.0,,1746.031746031746
KAYSERİ,HACILAR,AKYAZI MAHALLESİ,38.6574,35.4531,108.0,2019.0,1.0,2.0,160000.0,2019-09-30 00:00:00,Apartman/Mesken,2.0,2019.0,0.0,1481.4814814814815
KAYSERİ,MELİKGAZİ,AYDINLIKEVLER MAHALLESİ,38.718869,35.473445,130.0,2000.0,1.0,3.0,225000.0,2019-09-30 00:00:00,Apartman/Mesken,4.0,2019.0,19.0,1730.7692307692307
KAYSERİ,TALAS,TALAS MAHALLESİ,38.7118,35.5663,143.0,,,,275000.0,2019-09-30 00:00:00,Apartman/Mesken,10.0,2019.0,,1923.076923076923
KAYSERİ,MELİKGAZİ,GESİ MAHALLESİ,38.7895,35.6202,100.0,,,,145000.0,2019-09-30 00:00:00,Apartman/Mesken,0.0,2019.0,,1450.0
KAYSERİ,MELİKGAZİ,ALTINOLUK MAHALLESİ,38.687959,35.4369,182.0,,,,745000.0,2019-09-30 00:00:00,Villa,-1.0,2019.0,,4093.4065934065934
KAYSERİ,MELİKGAZİ,KÖŞKDAĞI MAHALLESİ,38.7148,35.507,168.0,,,,560000.0,2019-09-30 00:00:00,Apartman/Mesken,10.0,2019.0,,3333.3333333333335
KAYSERİ,MELİKGAZİ,MİMARSİNAN MAHALLESİ,38.7329,35.5859,103.0,,,,175000.0,2019-09-30 00:00:00,Apartman/Mesken,1.0,2019.0,,1699.0291262135922
KAYSERİ,KOCASİNAN,PERVANE MAHALLESİ,38.737,35.4872,107.0,,,,115000.0,2019-09-30 00:00:00,Apartman/Mesken,0.0,2019.0,,1074.766355140187
KAYSERİ,MELİKGAZİ,ANBAR MAHALLESİ,38.7486,35.3774,90.0,,,,140000.0,2019-09-30 00:00:00,Apartman/Mesken,0.0,2019.0,,1555.5555555555557
KAYSERİ,KOCASİNAN,ERKİLET MAHALLESİ,38.7848,35.4495,110.0,,,,145000.0,2019-09-30 00:00:00,Apartman/Mesken,1.0,2019.0,,1318.1818181818182
KAYSERİ,BÜNYAN,CUMHURİYET MAHALLESİ,38.8534,35.8481,101.0,,,,100000.0,2019-09-30 00:00:00,Apartman/Mesken,1.0,2019.0,,990.0990099009902
KAYSERİ,MELİKGAZİ,MAHRUMLAR MAHALLESİ,38.706937,35.437903,114.0,,,,170000.0,2019-09-30 00:00:00,Apartman/Mesken,5.0,2019.0,,1491.2280701754387
KAYSERİ,MELİKGAZİ,MİMARSİNAN MAHALLESİ,38.7687,35.6083,42.0,,,,70000.0,2019-09-30 00:00:00,Apartman/Mesken,2.0,2019.0,,1666.6666666666667
KAYSERİ,YAHYALI,YENİCE MAHALLESİ,38.0896,35.3606,120.0,,,,270000.0,2019-09-30 00:00:00,Apartman/Mesken,0.0,2019.0,,2250.0
KAYSERİ,MELİKGAZİ,YILDIRIM BEYAZIT MAHALLESİ,38.7287,35.5319,150.0,,,,335000.0,2019-09-30 00:00:00,Apartman/Mesken,1.0,2019.0,,2233.3333333333335
KAYSERİ,DEVELİ,HARMAN MAHALLESİ,38.4,35.4918,126.0,,,,175000.0,2019-09-30 00:00:00,Apartman/Mesken,2.0,2019.0,,1388.888888888889
KAYSERİ,KOCASİNAN,ERKİLET MAHALLESİ,38.7874,35.4584,125.0,,,,190000.0,2019-09-30 00:00:00,Apartman/Mesken,6.0,2019.0,,1520.0
KAYSERİ,KOCASİNAN,SÜMER MAHALLESİ,38.7435,35.4673,149.0,,,,460000.0,2019-09-30 00:00:00,Apartman/Mesken,5.0,2019.0,,3087.248322147651
KAYSERİ,YEŞİLHİSAR,HACIBEKTAŞ MAHALLESİ,38.3573,35.0875,123.0,2019.0,1.0,2.0,180000.0,2019-09-30 00:00:00,Apartman/Mesken,1.0,2019.0,0.0,1463.4146341463415
KAYSERİ,YAHYALI,100. YIL MAHALLESİ,38.1083,35.3609,163.0,2019.0,1.0,2.0,300000.0,2019-09-30 00:00:00,Apartman/Mesken,2.0,2019.0,0.0,1840.4907975460123
KAYSERİ,TALAS,TALAS MAHALLESİ,38.708,35.5728,114.0,,,,195000.0,2019-09-30 00:00:00,Apartman/Mesken,1.0,2019.0,,1710.5263157894738
KAYSERİ,MELİKGAZİ,MİMARSİNAN MAHALLESİ,38.7658,35.5854,131.0,,,,260000.0,2019-09-30 00:00:00,Apartman/Mesken,4.0,2019.0,,1984.7328244274809
KAYSERİ,MELİKGAZİ,KANLIYURT MAHALLESİ,38.7337,35.4329,130.0,,,,220000.0,2019-09-30 00:00:00,Apartman/Mesken,6.0,2019.0,,1692.3076923076924
KAYSERİ,KOCASİNAN,FEVZİOĞLU MAHALLESİ,38.7586,35.5178,116.0,2011.0,1.0,2.0,220000.0,2019-09-30 00:00:00,Apartman/Mesken,11.0,2019.0,8.0,1896.551724137931
KAYSERİ,KOCASİNAN,ERKİLET DERE MAHALLESİ,38.788,35.4507,117.0,,,,270000.0,2019-09-30 00:00:00,Apartman/Mesken,8.0,2019.0,,2307.6923076923076
KAYSERİ,MELİKGAZİ,KONAKLAR MAHALLESİ,38.7427,35.5546,165.0,,,,400000.0,2019-09-30 00:00:00,Apartman/Mesken,9.0,2019.0,,2424.242424242424
KAYSERİ,KOCASİNAN,SÜMER MAHALLESİ,38.7361,35.4499,126.0,,,,190000.0,2019-09-30 00:00:00,Apartman/Mesken,6.0,2019.0,,1507.936507936508
KAYSERİ,MELİKGAZİ,EĞRİBUCAK MAHALLESİ,38.674,35.4366,68.0,,,,275000.0,2019-09-30 00:00:00,Villa,0.0,2019.0,,4044.1176470588234
KAYSERİ,MELİKGAZİ,KAZIM KARABEKİR MAHALLESİ,38.7208,35.4485,111.0,,,,220000.0,2019-09-30 00:00:00,Apartman/Mesken,1.0,2019.0,,1981.981981981982
KAYSERİ,MELİKGAZİ,KONAKLAR MAHALLESİ,38.741,35.5655,130.0,,,,220000.0,2019-09-30 00:00:00,Apartman/Mesken,8.0,2019.0,,1692.3076923076924
KAYSERİ,KOCASİNAN,KARPUZATAN DÜZ MAHALLESİ,38.759094,35.462279,120.0,2019.0,1.0,1.0,300000.0,2019-09-30 00:00:00,Apartman/Mesken,3.0,2019.0,0.0,2500.0
KAYSERİ,KOCASİNAN,ERKİLET MAHALLESİ,38.8019,35.4549,102.0,,,,190000.0,2019-09-30 00:00:00,Apartman/Mesken,4.0,2019.0,,1862.7450980392157
KAYSERİ,YAHYALI,SEYDİLİ MAHALLESİ,38.1028,35.3597,160.0,,,,280000.0,2019-09-30 00:00:00,Apartman/Mesken,2.0,2019.0,,1750.0
KAYSERİ,TALAS,TALAS MAHALLESİ,38.698,35.5574,138.0,,,,240000.0,2019-09-30 00:00:00,Apartman/Mesken,8.0,2019.0,,1739.1304347826087
KAYSERİ,MELİKGAZİ,BATTALGAZİ MAHALLESİ,38.711165,35.475229,92.0,2019.0,1.0,2.0,200000.0,2019-09-30 00:00:00,Apartman/Mesken,10.0,2019.0,0.0,2173.913043478261
KAYSERİ,KOCASİNAN,PERVANE MAHALLESİ,38.7414,35.5061,161.0,,,,400000.0,2019-09-30 00:00:00,Apartman/Mesken,1.0,2019.0,,2484.472049689441
KAYSERİ,KOCASİNAN,ZİYA GÖKALP MAHALLESİ,38.741,35.4369,92.0,,,,155000.0,2019-09-30 00:00:00,Apartman/Mesken,3.0,2019.0,,1684.7826086956522
KAYSERİ,KOCASİNAN,YENİDOĞAN MAHALLESİ,38.7442,35.4322,130.0,,,,270000.0,2019-09-30 00:00:00,Apartman/Mesken,8.0,2019.0,,2076.923076923077
KAYSERİ,HACILAR,HACILAR MAHALLESİ,38.646,35.4562,143.0,,,,145000.0,2019-09-30 00:00:00,Apartman/Mesken,1.0,2019.0,,1013.986013986014
KAYSERİ,KOCASİNAN,KAVAKYAZISI MAHALLESİ,38.7263,35.5012,63.0,,,,90000.0,2019-09-30 00:00:00,Apartman/Mesken,0.0,2019.0,,1428.5714285714287
KAYSERİ,TALAS,TALAS MAHALLESİ,38.7098,35.5706,110.0,,,,210000.0,2019-09-30 00:00:00,Apartman/Mesken,6.0,2019.0,,1909.090909090909
KAYSERİ,MELİKGAZİ,YILDIRIM BEYAZIT MAHALLESİ,38.7262,35.5421,169.0,,,,500000.0,2019-09-30 00:00:00,Apartman/Mesken,4.0,2019.0,,2958.579881656805
KAYSERİ,MELİKGAZİ,MİMARSİNAN MAHALLESİ,38.7392,35.5804,118.0,2019.0,1.0,2.0,210000.0,2019-09-30 00:00:00,Apartman/Mesken,10.0,2019.0,0.0,1779.6610169491526
KAYSERİ,KOCASİNAN,ERKİLET MAHALLESİ,38.8003,35.4481,105.0,2008.0,1.0,3.0,150000.0,2019-09-30 00:00:00,Apartman/Mesken,0.0,2019.0,11.0,1428.5714285714287
KAYSERİ,KOCASİNAN,SEYRANİ MAHALLESİ,38.7533,35.481,135.0,2019.0,1.0,2.0,335000.0,2019-09-30 00:00:00,Apartman/Mesken,13.0,2019.0,0.0,2481.4814814814813
KAYSERİ,KOCASİNAN,ŞEKER MAHALLESİ,38.7682,35.4005,52.0,,,,150000.0,2019-09-30 00:00:00,Apartman/Mesken,2.0,2019.0,,2884.6153846153848
KAYSERİ,MELİKGAZİ,MİMARSİNAN MAHALLESİ,38.739201,35.580398,118.0,,,,210000.0,2019-09-30 00:00:00,Apartman/Mesken,5.0,2019.0,,1779.6610169491526
KAYSERİ,KOCASİNAN,KAVAKYAZISI MAHALLESİ,38.7343,35.514,166.0,2005.0,1.0,2.0,350000.0,2019-09-30 00:00:00,Apartman/Mesken,1.0,2019.0,14.0,2108.4337349397592
KAYSERİ,MELİKGAZİ,ESENTEPE MAHALLESİ,38.728907,35.440368,117.0,,,,225000.0,2019-09-30 00:00:00,Apartman/Mesken,3.0,2019.0,,1923.076923076923
KAYSERİ,KOCASİNAN,YENİDOĞAN MAHALLESİ,38.739272,35.441427,117.0,,,,200000.0,2019-09-30 00:00:00,Apartman/Mesken,8.0,2019.0,,1709.4017094017095
KAYSERİ,MELİKGAZİ,GESİ MAHALLESİ,38.7897,35.6002,130.0,,,,190000.0,2019-09-30 00:00:00,Apartman/Mesken,0.0,2019.0,,1461.5384615384614
KAYSERİ,MELİKGAZİ,KILIÇASLAN MAHALLESİ,38.7224,35.5005,87.0,,,,200000.0,2019-09-30 00:00:00,Apartman/Mesken,1.0,2019.0,,2298.8505747126437
KAYSERİ,KOCASİNAN,MİTHATPAŞA MAHALLESİ,38.756,35.4636,120.0,2019.0,1.0,2.0,216000.0,2019-09-30 00:00:00,Apartman/Mesken,1.0,2019.0,0.0,1800.0
KAYSERİ,MELİKGAZİ,KANLIYURT MAHALLESİ,38.7272,35.4123,126.0,2017.0,1.0,2.0,230000.0,2019-09-30 00:00:00,Apartman/Mesken,4.0,2019.0,2.0,1825.3968253968253
KAYSERİ,MELİKGAZİ,GESİ MAHALLESİ,38.7856,35.6083,130.0,2010.0,1.0,2.0,200000.0,2019-09-30 00:00:00,Apartman/Mesken,12.0,2019.0,9.0,1538.4615384615386
KAYSERİ,MELİKGAZİ,BATTALGAZİ MAHALLESİ,38.7108,35.4746,118.0,,,,250000.0,2019-09-30 00:00:00,Apartman/Mesken,8.0,2019.0,,2118.64406779661
KAYSERİ,MELİKGAZİ,TONTAR MAHALLESİ,38.7041,35.4927,93.0,,,,150000.0,2019-09-30 00:00:00,Apartman/Mesken,0.0,2019.0,,1612.9032258064517
KAYSERİ,SARIOĞLAN,GÜZELYAZI MAHALLESİ,39.0773,35.9599,130.0,,,,370000.0,2019-09-30 00:00:00,Apartman/Mesken,1.0,2019.0,,2846.153846153846
KAYSERİ,KOCASİNAN,KAVAKYAZISI MAHALLESİ,38.7271,35.4963,212.0,,,,400000.0,2019-09-30 00:00:00,Apartman/Mesken,5.0,2019.0,,1886.7924528301887
KAYSERİ,MELİKGAZİ,ESENTEPE MAHALLESİ,38.729095,35.430564,125.0,,,,515000.0,2019-09-30 00:00:00,Apartman/Mesken,1.0,2019.0,,4120.0
KAYSERİ,MELİKGAZİ,GESİ MAHALLESİ,38.7913,35.622,140.0,2019.0,1.0,2.0,230000.0,2019-09-30 00:00:00,Apartman/Mesken,13.0,2019.0,0.0,1642.857142857143
KAYSERİ,MELİKGAZİ,YILDIRIM BEYAZIT MAHALLESİ,38.7272,35.5324,167.0,,,,400000.0,2019-09-30 00:00:00,Apartman/Mesken,10.0,2019.0,,2395.2095808383233
KAYSERİ,KOCASİNAN,PERVANE MAHALLESİ,38.7419,35.4987,152.0,,,,376000.0,2019-09-30 00:00:00,Apartman/Mesken,6.0,2019.0,,2473.684210526316
KAYSERİ,MELİKGAZİ,AYDINLIKEVLER MAHALLESİ,38.7185,35.4697,85.0,,,,65000.0,2019-09-30 00:00:00,Apartman/Mesken,-1.0,2019.0,,764.7058823529412
KAYSERİ,KOCASİNAN,SÜMER MAHALLESİ,38.7454,35.4508,109.0,,,,150000.0,2019-09-30 00:00:00,Apartman/Mesken,2.0,2019.0,,1376.1467889908256
KAYSERİ,TALAS,TALAS MAHALLESİ,38.699259,35.567926,130.0,,,,200000.0,2019-09-30 00:00:00,Apartman/Mesken,4.0,2019.0,,1538.4615384615386
KAYSERİ,BÜNYAN,BAYRAMLI MAHALLESİ,38.848352,35.858275,92.0,,,,75000.0,2019-09-30 00:00:00,Apartman/Mesken,1.0,2019.0,,815.2173913043479
KAYSERİ,MELİKGAZİ,KANLIYURT MAHALLESİ,38.726,35.413,102.0,,,,160000.0,2019-09-30 00:00:00,Apartman/Mesken,7.0,2019.0,,1568.6274509803923
KAYSERİ,MELİKGAZİ,KÖŞKDAĞI MAHALLESİ,38.715954,35.51249,107.0,2013.0,1.0,2.0,350000.0,2019-09-30 00:00:00,Apartman/Mesken,3.0,2019.0,6.0,3271.0280373831774
KAYSERİ,MELİKGAZİ,HÜRRİYET MAHALLESİ,38.718,35.4667,167.0,,,,280000.0,2019-09-30 00:00:00,Apartman/Mesken,3.0,2019.0,,1676.6467065868264
KAYSERİ,MELİKGAZİ,1. ESKİŞEHİR MAHALLESİ,38.6923,35.4919,108.0,,,,160000.0,2019-09-30 00:00:00,Apartman/Mesken,2.0,2019.0,,1481.4814814814815
KAYSERİ,DEVELİ,GÜNEYAŞAĞI MAHALLESİ,38.374782,35.466031,78.0,2019.0,1.0,2.0,110000.0,2019-09-30 00:00:00,Apartman/Mesken,4.0,2019.0,0.0,1410.2564102564102
KAYSERİ,MELİKGAZİ,GESİ MAHALLESİ,38.790197,35.621978,100.0,2003.0,1.0,3.0,155000.0,2019-09-30 00:00:00,Apartman/Mesken,6.0,2019.0,16.0,1550.0
KAYSERİ,KOCASİNAN,KAVAKYAZISI MAHALLESİ,38.7357,35.5124,95.0,,,,95000.0,2019-09-30 00:00:00,Apartman/Mesken,-1.0,2019.0,,1000.0
KAYSERİ,KOCASİNAN,PERVANE MAHALLESİ,38.7408,35.495,137.0,,,,300000.0,2019-09-30 00:00:00,Apartman/Mesken,1.0,2019.0,,2189.78102189781
KAYSERİ,MELİKGAZİ,BAHÇELİEVLER MAHALLESİ,38.7678,35.5964,124.0,,,,215000.0,2019-09-30 00:00:00,Apartman/Mesken,10.0,2019.0,,1733.8709677419354
KAYSERİ,MELİKGAZİ,GESİ MAHALLESİ,38.7856,35.6222,135.0,2010.0,1.0,2.0,245000.0,2019-09-30 00:00:00,Apartman/Mesken,8.0,2019.0,9.0,1814.8148148148148
KAYSERİ,MELİKGAZİ,GESİ MAHALLESİ,38.788454,35.599324,127.0,2015.0,1.0,2.0,250000.0,2019-09-30 00:00:00,Apartman/Mesken,9.0,2019.0,4.0,1968.5039370078741
KAYSERİ,MELİKGAZİ,MİMARSİNAN MAHALLESİ,38.757848,35.604028,74.0,,,,120000.0,2019-09-30 00:00:00,Apartman/Mesken,3.0,2019.0,,1621.6216216216217
KAYSERİ,YEŞİLHİSAR,DEREBAĞ MAHALLESİ,38.3575,35.0839,120.0,,,,140000.0,2019-09-30 00:00:00,Apartman/Mesken,1.0,2019.0,,1166.6666666666667
KAYSERİ,KOCASİNAN,ESENTEPE MAHALLESİ,38.7617,35.5245,120.0,,,,175000.0,2019-09-30 00:00:00,Apartman/Mesken,7.0,2019.0,,1458.3333333333333
KAYSERİ,MELİKGAZİ,KONAKLAR MAHALLESİ,38.742749,35.554633,165.0,,,,400000.0,2019-09-30 00:00:00,Apartman/Mesken,9.0,2019.0,,2424.242424242424
KAYSERİ,TALAS,TALAS MAHALLESİ,38.6945,35.5716,115.0,2015.0,1.0,2.0,240000.0,2019-09-30 00:00:00,Apartman/Mesken,8.0,2019.0,4.0,2086.9565217391305
KAYSERİ,MELİKGAZİ,MİMARSİNAN MAHALLESİ,38.765912,35.598331,109.0,2010.0,1.0,2.0,145000.0,2019-09-30 00:00:00,Apartman/Mesken,2.0,2019.0,9.0,1330.2752293577983
KAYSERİ,TALAS,TALAS MAHALLESİ,38.7087,35.5722,115.0,,,,150000.0,2019-09-30 00:00:00,Apartman/Mesken,0.0,2019.0,,1304.3478260869565
KAYSERİ,MELİKGAZİ,KEYKUBAT MAHALLESİ,38.738,35.4171,129.0,,,,330000.0,2019-09-30 00:00:00,Apartman/Mesken,9.0,2019.0,,2558.139534883721
KAYSERİ,MELİKGAZİ,ANBAR MAHALLESİ,38.7299,35.3798,115.0,2006.0,1.0,2.0,200000.0,2019-09-30 00:00:00,Apartman/Mesken,12.0,2019.0,13.0,1739.1304347826087
KAYSERİ,TALAS,TALAS MAHALLESİ,38.7123,35.564,138.0,,,,310000.0,2019-09-30 00:00:00,Apartman/Mesken,11.0,2019.0,,2246.376811594203
KAYSERİ,MELİKGAZİ,ESENTEPE MAHALLESİ,38.7295,35.438,120.0,,,,250000.0,2019-09-30 00:00:00,Apartman/Mesken,1.0,2019.0,,2083.3333333333335
KAYSERİ,KOCASİNAN,ZİYA GÖKALP MAHALLESİ,38.7406,35.4352,104.0,,,,150000.0,2019-09-30 00:00:00,Apartman/Mesken,4.0,2019.0,,1442.3076923076924
KAYSERİ,KOCASİNAN,KARPUZATAN DÜZ MAHALLESİ,38.759,35.4607,120.0,,,,270000.0,2019-09-30 00:00:00,Apartman/Mesken,4.0,2019.0,,2250.0
KAYSERİ,KOCASİNAN,MAHZEMİN  MAHALLESİ,38.855316,35.311099,710.0,,,,460000.0,2019-09-30 00:00:00,Apartman/Mesken,,2019.0,,647.887323943662
KAYSERİ,TALAS,TALAS MAHALLESİ,38.7043,35.5666,115.0,,,,175000.0,2019-09-30 00:00:00,Apartman/Mesken,6.0,2019.0,,1521.7391304347825
KAYSERİ,KOCASİNAN,SÜMER MAHALLESİ,38.7437,35.4671,135.0,,,,380000.0,2019-09-30 00:00:00,Apartman/Mesken,9.0,2019.0,,2814.814814814815
KAYSERİ,DEVELİ,YENİMAHALLE MAHALLESİ,38.3962,35.4783,105.0,,,,150000.0,2019-09-30 00:00:00,Apartman/Mesken,3.0,2019.0,,1428.5714285714287
KAYSERİ,KOCASİNAN,SÜMER MAHALLESİ,38.7453,35.4806,121.0,,,,140000.0,2019-09-30 00:00:00,Apartman/Mesken,1.0,2019.0,,1157.0247933884298
KAYSERİ,MELİKGAZİ,ERENKÖY MAHALLESİ,38.6839,35.5233,316.0,,,,1580000.0,2019-09-30 00:00:00,Villa,0.0,2019.0,,5000.0
KAYSERİ,YAHYALI,100. YIL MAHALLESİ,38.1149,35.3694,115.0,,,,130000.0,2019-09-30 00:00:00,Apartman/Mesken,0.0,2019.0,,1130.4347826086957
KAYSERİ,KOCASİNAN,PERVANE MAHALLESİ,38.7421,35.4916,166.0,,,,200000.0,2019-09-30 00:00:00,Apartman/Mesken,1.0,2019.0,,1204.8192771084337
KAYSERİ,MELİKGAZİ,DEMİRCİYAZISI MAHALLESİ,38.7037,35.4496,135.0,,,,210000.0,2019-09-30 00:00:00,Apartman/Mesken,11.0,2019.0,,1555.5555555555557
KAYSERİ,MELİKGAZİ,MİMARSİNAN MAHALLESİ,38.7405,35.5764,98.0,2008.0,1.0,3.0,145000.0,2019-09-30 00:00:00,Apartman/Mesken,9.0,2019.0,11.0,1479.591836734694
KAYSERİ,KOCASİNAN,ZİYA GÖKALP MAHALLESİ,38.7425,35.4431,80.0,,,,120000.0,2019-09-30 00:00:00,Apartman/Mesken,0.0,2019.0,,1500.0
KAYSERİ,KOCASİNAN,ERKİLET MAHALLESİ,38.7889,35.4516,146.0,,,,205000.0,2019-09-30 00:00:00,Apartman/Mesken,1.0,2019.0,,1404.109589041096
KAYSERİ,KOCASİNAN,ERKİLET MAHALLESİ,38.7865,35.4505,143.0,,,,250000.0,2019-09-30 00:00:00,Apartman/Mesken,7.0,2019.0,,1748.2517482517483
KAYSERİ,TALAS,TALAS MAHALLESİ,38.7086,35.5537,124.0,,,,200000.0,2019-09-30 00:00:00,Apartman/Mesken,3.0,2019.0,,1612.9032258064517
KAYSERİ,MELİKGAZİ,ANBAR MAHALLESİ,38.7472,35.3803,107.0,,,,185000.0,2019-09-30 00:00:00,Apartman/Mesken,9.0,2019.0,,1728.9719626168223
KAYSERİ,DEVELİ,AŞAĞIEVEREK MAHALLESİ,38.3771,35.4812,137.0,,,,200000.0,2019-09-30 00:00:00,Apartman/Mesken,2.0,2019.0,,1459.85401459854
KAYSERİ,TALAS,TALAS MAHALLESİ,38.7046,35.5694,111.0,,,,250000.0,2019-09-30 00:00:00,Apartman/Mesken,6.0,2019.0,,2252.252252252252
KAYSERİ,KOCASİNAN,SÜMER MAHALLESİ,38.7434,35.4672,158.0,,,,485000.0,2019-09-30 00:00:00,Apartman/Mesken,6.0,2019.0,,3069.6202531645567
KAYSERİ,TALAS,HARMAN MAHALLESİ,38.6917,35.5502,149.0,,,,250000.0,2019-09-30 00:00:00,Apartman/Mesken,1.0,2019.0,,1677.8523489932886
KAYSERİ,DEVELİ,CAMİCEDİT MAHALLESİ,38.3851,35.487,126.0,,,,150000.0,2019-09-30 00:00:00,Apartman/Mesken,0.0,2019.0,,1190.4761904761904
KAYSERİ,YEŞİLHİSAR,KÖŞK MAHALLESİ,38.3542,35.0895,95.0,,,,135000.0,2019-09-30 00:00:00,Apartman/Mesken,4.0,2019.0,,1421.0526315789473
KAYSERİ,TALAS,TALAS MAHALLESİ,38.709,35.5541,166.0,,,,350000.0,2019-09-30 00:00:00,Apartman/Mesken,1.0,2019.0,,2108.4337349397592
KAYSERİ,MELİKGAZİ,KEYKUBAT MAHALLESİ,38.740444,35.398871,100.0,1995.0,1.0,3.0,165000.0,2019-09-30 00:00:00,Apartman/Mesken,1.0,2019.0,24.0,1650.0
KAYSERİ,TALAS,YUKARI TALAS  MAHALLESİ,38.6655,35.572,283.0,,,,900000.0,2019-09-30 00:00:00,Apartman/Mesken,,2019.0,,3180.2120141342757
KAYSERİ,TALAS,TALAS MAHALLESİ,38.7046,35.5694,111.0,,,,250000.0,2019-09-30 00:00:00,Apartman/Mesken,8.0,2019.0,,2252.252252252252
KAYSERİ,KOCASİNAN,PERVANE MAHALLESİ,38.743,35.4865,115.0,,,,185000.0,2019-09-30 00:00:00,Apartman/Mesken,1.0,2019.0,,1608.695652173913
KAYSERİ,TALAS,KİÇİKÖY MAHALLESİ,38.6879,35.5571,33.0,,,,90000.0,2019-09-30 00:00:00,Apartman/Mesken,2.0,2019.0,,2727.2727272727275
KAYSERİ,KOCASİNAN,ERKİLET MAHALLESİ,38.786639,35.450005,144.0,,,,255000.0,2019-09-30 00:00:00,Apartman/Mesken,11.0,2019.0,,1770.8333333333333
KAYSERİ,KOCASİNAN,MİTHATPAŞA MAHALLESİ,38.7605,35.4647,115.0,2010.0,1.0,3.0,200000.0,2019-09-30 00:00:00,Apartman/Mesken,5.0,2019.0,9.0,1739.1304347826087
KAYSERİ,KOCASİNAN,SÜMER MAHALLESİ,38.7416,35.4453,144.0,,,,215000.0,2019-09-30 00:00:00,Apartman/Mesken,11.0,2019.0,,1493.0555555555557
KAYSERİ,MELİKGAZİ,GESİ MAHALLESİ,38.7904,35.6184,102.0,2003.0,1.0,3.0,160000.0,2019-09-30 00:00:00,Apartman/Mesken,5.0,2019.0,16.0,1568.6274509803923
KAYSERİ,MELİKGAZİ,YEŞİLYURT MAHALLESİ,38.790766,35.608851,140.0,2019.0,1.0,2.0,250000.0,2019-09-30 00:00:00,Apartman/Mesken,7.0,2019.0,0.0,1785.7142857142858
KAYSERİ,KOCASİNAN,AHİEVRAN MAHALLESİ,38.76065,35.571262,18.0,2007.0,1.0,2.0,160000.0,2019-09-30 00:00:00,Apartman/Mesken,4.0,2019.0,12.0,8888.888888888889
KAYSERİ,DEVELİ,YENİMAHALLE MAHALLESİ,38.3953,35.4738,200.0,,,,240000.0,2019-09-30 00:00:00,Apartman/Mesken,2.0,2019.0,,1200.0
KAYSERİ,TALAS,TALAS MAHALLESİ,38.7122,35.5618,50.0,,,,100000.0,2019-09-30 00:00:00,Apartman/Mesken,14.0,2019.0,,2000.0
KAYSERİ,DEVELİ,HARMAN MAHALLESİ,38.3937,35.5004,131.0,,,,175000.0,2019-09-30 00:00:00,Apartman/Mesken,1.0,2019.0,,1335.8778625954199
KAYSERİ,MELİKGAZİ,GESİ MAHALLESİ,38.7876,35.625,140.0,2020.0,1.0,1.0,170000.0,2019-09-30 00:00:00,Apartman/Mesken,10.0,2019.0,,1214.2857142857142
KAYSERİ,KOCASİNAN,ERKİLET MAHALLESİ,38.7938,35.4472,132.0,,,,245000.0,2019-09-30 00:00:00,Apartman/Mesken,4.0,2019.0,,1856.060606060606
KAYSERİ,MELİKGAZİ,KEYKUBAT MAHALLESİ,38.7439,35.3987,107.0,,,,165000.0,2019-09-30 00:00:00,Apartman/Mesken,3.0,2019.0,,1542.056074766355
KAYSERİ,MELİKGAZİ,BAHÇELİEVLER MAHALLESİ,38.7705,35.5947,127.0,2013.0,1.0,2.0,170000.0,2019-09-30 00:00:00,Apartman/Mesken,14.0,2019.0,6.0,1338.5826771653544
KAYSERİ,MELİKGAZİ,3. ESKİŞEHİR  MAHALLESİ,38.694,35.4687,519.0,2010.0,1.0,3.0,350000.0,2019-09-30 00:00:00,Apartman/Mesken,,2019.0,9.0,674.373795761079
KAYSERİ,TALAS,TALAS MAHALLESİ,38.708,35.5561,120.0,,,,230000.0,2019-10-02 13:32:00,Apartman/Mesken,11.0,2019.0,,1916.6666666666667
KAYSERİ,TALAS,HARMAN MAHALLESİ,38.6875,35.5471,130.0,,,,310000.0,2019-09-30 00:00:00,Apartman/Mesken,4.0,2019.0,,2384.6153846153848
KAYSERİ,MELİKGAZİ,MİMARSİNAN MAHALLESİ,38.7421,35.5788,127.0,,,,182000.0,2019-10-04 11:34:00,Apartman/Mesken,2.0,2019.0,,1433.0708661417323
KAYSERİ,KOCASİNAN,PERVANE MAHALLESİ,38.7607,35.497,120.0,,,,120000.0,2019-10-04 11:34:00,Apartman/Mesken,9.0,2019.0,,1000.0
KAYSERİ,MELİKGAZİ,KANLIYURT MAHALLESİ,38.732,35.4393,130.0,,,,140000.0,2019-10-04 11:35:00,Apartman/Mesken,3.0,2019.0,,1076.923076923077
KAYSERİ,MELİKGAZİ,GESİ MAHALLESİ,38.7911,35.62,134.0,2019.0,1.0,1.0,270000.0,2020-01-16 09:51:00,Apartman/Mesken,12.0,2020.0,1.0,2014.9253731343283
KAYSERİ,MELİKGAZİ,KÖŞKDAĞI MAHALLESİ,38.7174,35.516,300.0,,,,1250000.0,2019-10-07 15:29:00,Apartman/Mesken,6.0,2019.0,,4166.666666666667
KAYSERİ,DEVELİ,AŞAĞIEVEREK MAHALLESİ,38.3769,35.4809,140.0,,,,200000.0,2019-10-06 22:34:00,Apartman/Mesken,1.0,2019.0,,1428.5714285714287
KAYSERİ,MELİKGAZİ,BİLLUR  MAHALLESİ,38.6808,35.5167,416.0,2009.0,1.0,1.0,1030000.0,2019-10-09 09:35:00,Apartman/Mesken,,2019.0,10.0,2475.9615384615386
KAYSERİ,MELİKGAZİ,MİMARSİNAN MAHALLESİ,38.735242,35.576482,96.0,2006.0,1.0,3.0,145000.0,2019-10-03 10:46:00,Apartman/Mesken,12.0,2019.0,13.0,1510.4166666666667
KAYSERİ,MELİKGAZİ,GESİ MAHALLESİ,38.7819,35.613,162.0,,,,600000.0,2019-10-09 09:39:00,Apartman/Mesken,1.0,2019.0,,3703.703703703704
KAYSERİ,MELİKGAZİ,GESİ MAHALLESİ,38.79,35.59,82.0,,,,100000.0,2019-10-09 09:40:00,Apartman/Mesken,4.0,2019.0,,1219.5121951219512
KAYSERİ,DEVELİ,CAMİCEDİT MAHALLESİ,38.3842,35.487,133.0,,,,250000.0,2019-10-09 10:10:00,Apartman/Mesken,,2019.0,,1879.6992481203008
KAYSERİ,MELİKGAZİ,ANBAR MAHALLESİ,38.739,35.3962,125.0,2019.0,1.0,2.0,275000.0,2019-10-09 10:12:00,Apartman/Mesken,2.0,2019.0,0.0,2200.0
KAYSERİ,MELİKGAZİ,ALPASLAN MAHALLESİ,38.7253,35.5131,140.0,,,,390000.0,2019-10-09 10:26:00,Apartman/Mesken,3.0,2019.0,,2785.714285714286
KAYSERİ,KOCASİNAN,ERKİLET MAHALLESİ,38.785334,35.448589,120.0,,,,250000.0,2019-10-09 10:27:00,Apartman/Mesken,10.0,2019.0,,2083.3333333333335
KAYSERİ,MELİKGAZİ,KANLIYURT MAHALLESİ,38.7329,35.4223,130.0,,,,505000.0,2019-11-04 16:52:00,Apartman/Mesken,4.0,2019.0,,3884.6153846153848
KAYSERİ,YAHYALI,ÇİĞİLLİ  MAHALLESİ,38.1192,35.3584,372.0,,,,550000.0,2019-10-09 10:56:00,Apartman/Mesken,,2019.0,,1478.494623655914
KAYSERİ,DEVELİ,FENESEAŞAĞI MAHALLESİ,38.3923,35.5047,96.0,2019.0,1.0,2.0,120000.0,2020-01-17 12:38:00,Apartman/Mesken,5.0,2020.0,1.0,1250.0
KAYSERİ,MELİKGAZİ,GÜLTEPE MAHALLESİ,38.7224,35.5167,145.0,2006.0,1.0,3.0,345000.0,2019-10-10 09:00:00,Apartman/Mesken,9.0,2019.0,13.0,2379.310344827586
KAYSERİ,TALAS,TALAS MAHALLESİ,38.7067,35.5627,104.0,1997.0,1.0,3.0,170000.0,2019-10-10 09:00:00,Apartman/Mesken,13.0,2019.0,22.0,1634.6153846153845
KAYSERİ,MELİKGAZİ,MİMARSİNAN MAHALLESİ,38.760893,35.612075,74.0,2014.0,1.0,2.0,130000.0,2020-01-17 12:42:00,Apartman/Mesken,1.0,2020.0,6.0,1756.7567567567567
KAYSERİ,MELİKGAZİ,KEYKUBAT MAHALLESİ,38.742502,35.412948,130.0,1993.0,1.0,3.0,150000.0,2020-01-17 12:42:00,Apartman/Mesken,1.0,2020.0,27.0,1153.8461538461538
KAYSERİ,YAHYALI,ÇİĞİLLİ MAHALLESİ,38.1189,35.3619,143.0,,,,180000.0,2019-10-10 15:01:00,Apartman/Mesken,1.0,2019.0,,1258.7412587412587
KAYSERİ,MELİKGAZİ,ANBAR MAHALLESİ,38.7318,35.3814,115.0,,,,215000.0,2019-10-10 09:00:00,Apartman/Mesken,11.0,2019.0,,1869.5652173913043
KAYSERİ,MELİKGAZİ,GESİ MAHALLESİ,38.7819,35.5989,131.0,,,,180000.0,2019-10-23 17:24:00,Apartman/Mesken,3.0,2019.0,,1374.0458015267175
KAYSERİ,MELİKGAZİ,BATTALGAZİ MAHALLESİ,38.7105,35.4746,95.0,2019.0,1.0,2.0,170000.0,2020-01-17 12:43:00,Apartman/Mesken,6.0,2020.0,1.0,1789.4736842105262
KAYSERİ,MELİKGAZİ,MİMARSİNAN MAHALLESİ,38.759,35.5898,170.0,,,,360000.0,2019-10-11 09:00:00,Apartman/Mesken,6.0,2019.0,,2117.6470588235293
KAYSERİ,MELİKGAZİ,BAHÇELİEVLER MAHALLESİ,38.7797,35.5979,85.0,,,,940000.0,2019-10-11 09:59:00,Apartman/Mesken,1.0,2019.0,,11058.823529411764
KAYSERİ,KOCASİNAN,YENİDOĞAN MAHALLESİ,38.7518,35.4395,116.0,,,,175000.0,2019-10-11 09:00:00,Apartman/Mesken,4.0,2019.0,,1508.6206896551723
KAYSERİ,MELİKGAZİ,GESİ MAHALLESİ,38.787793,35.59964,125.0,2016.0,1.0,2.0,280000.0,2020-01-28 16:16:00,Apartman/Mesken,9.0,2020.0,4.0,2240.0
KAYSERİ,MELİKGAZİ,YILDIRIM BEYAZIT MAHALLESİ,38.724216,35.543335,119.0,2019.0,1.0,2.0,310000.0,2019-10-10 11:04:00,Apartman/Mesken,8.0,2019.0,0.0,2605.0420168067226
KAYSERİ,MELİKGAZİ,DEMİRCİYAZISI MAHALLESİ,38.6938,35.4384,131.0,1998.0,1.0,3.0,200000.0,2019-10-14 09:00:00,Apartman/Mesken,4.0,2019.0,21.0,1526.7175572519084
KAYSERİ,TALAS,TALAS MAHALLESİ,38.7123,35.5619,50.0,2012.0,1.0,2.0,115000.0,2019-10-14 09:00:00,Apartman/Mesken,12.0,2019.0,7.0,2300.0
KAYSERİ,TALAS,TALAS MAHALLESİ,38.7025,35.5496,75.0,,,,170000.0,2019-10-11 10:22:00,Apartman/Mesken,2.0,2019.0,,2266.6666666666665
KAYSERİ,MELİKGAZİ,KONAKLAR MAHALLESİ,38.7326,35.5566,131.0,,,,330000.0,2019-10-14 09:00:00,Apartman/Mesken,10.0,2019.0,,2519.083969465649
KAYSERİ,İNCESU,BAHÇESARAY MAHALLESİ,38.6279,35.1787,109.0,,,,155000.0,2019-10-15 10:37:00,Apartman/Mesken,7.0,2019.0,,1422.0183486238532
KAYSERİ,KOCASİNAN,YILDIZEVLER MAHALLESİ,38.7393,35.537,186.0,,,,600000.0,2019-10-11 16:20:00,Apartman/Mesken,3.0,2019.0,,3225.8064516129034
KAYSERİ,KOCASİNAN,ERKİLET MAHALLESİ,38.7935,35.4465,132.0,,,,240000.0,2019-10-15 09:00:00,Apartman/Mesken,10.0,2019.0,,1818.1818181818182
KAYSERİ,TOMARZA,2. MINTIKA MAHALLESİ,38.4583,35.809,74.0,,,,115000.0,2019-10-15 09:02:00,Apartman/Mesken,2.0,2019.0,,1554.054054054054
KAYSERİ,MELİKGAZİ,KÖŞKDAĞI MAHALLESİ,38.716992,35.503435,172.0,2017.0,1.0,1.0,765000.0,2020-04-22 15:49:00,Apartman/Mesken,5.0,2020.0,3.0,4447.674418604651
KAYSERİ,KOCASİNAN,KAVAKYAZISI MAHALLESİ,38.7268,35.4965,156.0,,,,300000.0,2019-10-16 09:00:00,Apartman/Mesken,7.0,2019.0,,1923.076923076923
KAYSERİ,MELİKGAZİ,DEMİRCİYAZISI MAHALLESİ,38.7161,35.4541,131.0,,,,225000.0,2020-04-22 15:51:00,Apartman/Mesken,2.0,2020.0,,1717.557251908397
KAYSERİ,KOCASİNAN,YENİDOĞAN MAHALLESİ,38.7464,35.4393,133.0,1995.0,1.0,3.0,225000.0,2019-10-17 09:00:00,Apartman/Mesken,7.0,2019.0,24.0,1691.7293233082708
KAYSERİ,TALAS,TALAS MAHALLESİ,38.711391,35.564712,138.0,,,,295000.0,2019-10-17 09:00:00,Apartman/Mesken,1.0,2019.0,,2137.68115942029
KAYSERİ,TALAS,TALAS MAHALLESİ,38.7117,35.5577,57.0,,,,115000.0,2020-01-14 09:57:00,Apartman/Mesken,13.0,2020.0,,2017.5438596491229
KAYSERİ,KOCASİNAN,ZİYA GÖKALP MAHALLESİ,38.7419,35.4417,97.0,1992.0,1.0,3.0,150000.0,2019-10-16 11:01:00,Apartman/Mesken,3.0,2019.0,27.0,1546.3917525773195
KAYSERİ,MELİKGAZİ,3. ESKİŞEHİR MAHALLESİ,38.694,35.4671,106.0,2014.0,1.0,2.0,125000.0,2020-04-22 15:54:00,Apartman/Mesken,2.0,2020.0,6.0,1179.245283018868
KAYSERİ,MELİKGAZİ,YAZIBAĞLARI MAHALLESİ,38.733857,35.395717,115.0,,,,185000.0,2019-10-23 10:30:00,Apartman/Mesken,8.0,2019.0,,1608.695652173913
KAYSERİ,KOCASİNAN,SEYRANİ MAHALLESİ,38.751472,35.478941,122.0,,,,240000.0,2019-10-23 10:35:00,Apartman/Mesken,1.0,2019.0,,1967.2131147540983
KAYSERİ,MELİKGAZİ,ANBAR MAHALLESİ,38.7318,35.3797,115.0,2000.0,1.0,3.0,180000.0,2019-10-23 11:03:00,Apartman/Mesken,9.0,2019.0,19.0,1565.2173913043478
KAYSERİ,MELİKGAZİ,KEYKUBAT MAHALLESİ,38.7488,35.3916,80.0,,,,145000.0,2019-10-23 11:14:00,Apartman/Mesken,5.0,2019.0,,1812.5
KAYSERİ,MELİKGAZİ,MİMARSİNAN MAHALLESİ,38.7359,35.5793,120.0,,,,220000.0,2020-01-14 09:57:00,Apartman/Mesken,11.0,2020.0,,1833.3333333333333
KAYSERİ,MELİKGAZİ,GERMİR MAHALLESİ,38.7429,35.5451,221.0,,,,750000.0,2019-10-23 11:39:00,Apartman/Mesken,6.0,2019.0,,3393.665158371041
KAYSERİ,KOCASİNAN,YILDIZEVLER MAHALLESİ,38.7426,35.5403,227.0,2010.0,1.0,1.0,635000.0,2020-04-22 16:03:00,Apartman/Mesken,1.0,2020.0,10.0,2797.356828193833
KAYSERİ,KOCASİNAN,BEYAZŞEHİR MAHALLESİ,38.7838,35.5915,125.0,2014.0,1.0,2.0,205000.0,2020-04-22 16:03:00,Apartman/Mesken,9.0,2020.0,6.0,1640.0
KAYSERİ,KOCASİNAN,PERVANE MAHALLESİ,38.7423,35.4989,160.0,,,,380000.0,2019-10-21 14:28:00,Apartman/Mesken,1.0,2019.0,,2375.0
KAYSERİ,MELİKGAZİ,AYDINLIKEVLER MAHALLESİ,38.721,35.4727,118.0,1995.0,1.0,3.0,170000.0,2020-04-22 16:05:00,Apartman/Mesken,5.0,2020.0,25.0,1440.677966101695
KAYSERİ,MELİKGAZİ,3. ESKİŞEHİR  MAHALLESİ,38.6963,35.4766,422.0,2009.0,1.0,3.0,350000.0,2020-04-22 16:05:00,Apartman/Mesken,,2020.0,11.0,829.3838862559242
KAYSERİ,MELİKGAZİ,KEYKUBAT MAHALLESİ,38.7413,35.3997,80.0,,,,135000.0,2019-10-23 13:43:00,Apartman/Mesken,5.0,2019.0,,1687.5
KAYSERİ,MELİKGAZİ,MİMARSİNAN MAHALLESİ,38.7658,35.5854,131.0,,,,270000.0,2019-10-23 13:46:00,Apartman/Mesken,8.0,2019.0,,2061.0687022900765
KAYSERİ,MELİKGAZİ,MİMARSİNAN MAHALLESİ,38.7663,35.5871,137.0,,,,255000.0,2019-10-22 14:26:00,Apartman/Mesken,6.0,2019.0,,1861.3138686131388
KAYSERİ,KOCASİNAN,PERVANE MAHALLESİ,38.7579,35.4975,120.0,2009.0,1.0,2.0,230000.0,2019-10-23 13:53:00,Apartman/Mesken,12.0,2019.0,10.0,1916.6666666666667
KAYSERİ,TALAS,KİÇİKÖY MAHALLESİ,38.6956,35.5424,147.0,2014.0,1.0,1.0,405000.0,2019-10-23 17:01:00,Apartman/Mesken,3.0,2019.0,5.0,2755.1020408163267
KAYSERİ,KOCASİNAN,KAVAKYAZISI MAHALLESİ,38.7364,35.507,118.0,,,,160000.0,2020-04-22 16:08:00,Apartman/Mesken,3.0,2020.0,,1355.9322033898304
KAYSERİ,MELİKGAZİ,GÜLÜK MAHALLESİ,38.7155,35.4751,158.0,,,,240000.0,2019-10-24 11:20:00,Apartman/Mesken,7.0,2019.0,,1518.987341772152
KAYSERİ,MELİKGAZİ,KÜÇÜKALİ MAHALLESİ,38.7118,35.4725,80.0,,,,170000.0,2019-10-22 18:26:00,Apartman/Mesken,7.0,2019.0,,2125.0
KAYSERİ,KOCASİNAN,SÜMER MAHALLESİ,38.7375,35.4643,110.0,,,,310000.0,2019-10-23 17:02:00,Apartman/Mesken,5.0,2019.0,,2818.181818181818
KAYSERİ,KOCASİNAN,YEŞİLMAHALLE MAHALLESİ,38.758013,35.467489,133.0,2019.0,1.0,2.0,320000.0,2020-04-22 16:13:00,Apartman/Mesken,7.0,2020.0,1.0,2406.0150375939847
KAYSERİ,KOCASİNAN,ERKİLET MAHALLESİ,38.7899,35.4538,125.0,2010.0,1.0,2.0,200000.0,2020-04-22 16:14:00,Apartman/Mesken,3.0,2020.0,10.0,1600.0
KAYSERİ,KOCASİNAN,ERKİLET MAHALLESİ,38.806504,35.458447,116.0,,,,250000.0,2019-10-24 09:00:00,Apartman/Mesken,8.0,2019.0,,2155.1724137931033
KAYSERİ,MELİKGAZİ,HUNAT MAHALLESİ,38.718214,35.497415,95.0,,,,210000.0,2019-10-24 09:00:00,Apartman/Mesken,1.0,2019.0,,2210.5263157894738
KAYSERİ,TALAS,TALAS MAHALLESİ,38.711,35.5678,45.0,,,,100000.0,2019-10-24 10:13:00,Apartman/Mesken,0.0,2019.0,,2222.222222222222
KAYSERİ,MELİKGAZİ,GÜLÜK MAHALLESİ,38.7162,35.4761,141.0,,,,330000.0,2020-04-22 16:14:00,Apartman/Mesken,4.0,2020.0,,2340.425531914894
KAYSERİ,MELİKGAZİ,DEMİRCİYAZISI MAHALLESİ,38.7156,35.4539,132.0,,,,245000.0,2020-04-22 16:15:00,Apartman/Mesken,6.0,2020.0,,1856.060606060606
KAYSERİ,MELİKGAZİ,GESİ MAHALLESİ,38.78756,35.594932,127.0,2012.0,1.0,3.0,180000.0,2019-10-24 09:00:00,Apartman/Mesken,2.0,2019.0,7.0,1417.3228346456692
KAYSERİ,KOCASİNAN,PERVANE MAHALLESİ,38.7446,35.501,130.0,2015.0,1.0,2.0,335000.0,2019-10-24 09:00:00,Apartman/Mesken,8.0,2019.0,4.0,2576.923076923077
KAYSERİ,KOCASİNAN,ÖRNEKEVLER MAHALLESİ,38.7287,35.4822,152.0,1985.0,1.0,3.0,625000.0,2020-04-22 16:18:00,Apartman/Mesken,1.0,2020.0,35.0,4111.8421052631575
KAYSERİ,KOCASİNAN,ERKİLET MAHALLESİ,38.7831,35.4612,120.0,,,,240000.0,2019-10-25 09:00:00,Apartman/Mesken,6.0,2019.0,,2000.0
KAYSERİ,MELİKGAZİ,AĞIRNAS  MAHALLESİ,38.8148,35.7291,303.0,2014.0,1.0,3.0,275000.0,2019-10-24 11:55:00,Apartman/Mesken,,2019.0,5.0,907.5907590759076
KAYSERİ,KOCASİNAN,ERKİLET MAHALLESİ,38.7857,35.4512,135.0,2017.0,1.0,1.0,215000.0,2019-10-25 11:28:00,Apartman/Mesken,4.0,2019.0,2.0,1592.5925925925926
KAYSERİ,KOCASİNAN,MİTHATPAŞA MAHALLESİ,38.7557,35.4614,120.0,2014.0,1.0,2.0,230000.0,2019-10-24 11:43:00,Apartman/Mesken,6.0,2019.0,5.0,1916.6666666666667
KAYSERİ,TALAS,HARMAN MAHALLESİ,38.6851,35.5469,165.0,2015.0,1.0,2.0,495000.0,2020-04-22 16:16:00,Apartman/Mesken,11.0,2020.0,5.0,3000.0
KAYSERİ,MELİKGAZİ,BAHÇELİEVLER MAHALLESİ,38.7709,35.5955,116.0,2016.0,1.0,2.0,140000.0,2019-10-28 09:00:00,Apartman/Mesken,7.0,2019.0,3.0,1206.896551724138
KAYSERİ,MELİKGAZİ,KEYKUBAT MAHALLESİ,38.7424,35.4086,93.0,,,,135000.0,2019-11-04 17:22:00,Apartman/Mesken,0.0,2019.0,,1451.6129032258063
KAYSERİ,KOCASİNAN,ERKİLET MAHALLESİ,38.7975,35.4478,171.0,,,,290000.0,2019-10-28 09:00:00,Apartman/Mesken,9.0,2019.0,,1695.906432748538
KAYSERİ,KOCASİNAN,SÜMER MAHALLESİ,38.74307,35.468076,107.0,,,,280000.0,2019-10-25 06:52:00,Apartman/Mesken,10.0,2019.0,,2616.822429906542
KAYSERİ,KOCASİNAN,SÜMER MAHALLESİ,38.747653,35.472822,100.0,,,,640000.0,2019-10-24 16:33:00,Apartman/Mesken,0.0,2019.0,,6400.0
KAYSERİ,MELİKGAZİ,KEYKUBAT MAHALLESİ,38.7381,35.4167,159.0,,,,440000.0,2020-04-22 16:23:00,Apartman/Mesken,8.0,2020.0,,2767.2955974842766
KAYSERİ,KOCASİNAN,SÜMER MAHALLESİ,38.7348,35.4719,166.0,,,,480000.0,2019-10-30 09:00:00,Apartman/Mesken,10.0,2019.0,,2891.5662650602408
KAYSERİ,TALAS,TALAS MAHALLESİ,38.7049,35.5699,121.0,2010.0,1.0,3.0,190000.0,2019-10-31 10:30:00,Apartman/Mesken,12.0,2019.0,9.0,1570.2479338842975
KAYSERİ,KOCASİNAN,SÜMER MAHALLESİ,38.741,35.4712,165.0,,,,450000.0,2019-10-25 10:39:00,Apartman/Mesken,11.0,2019.0,,2727.2727272727275
KAYSERİ,KOCASİNAN,YILDIZEVLER MAHALLESİ,38.7418,35.5387,160.0,,,,430000.0,2019-11-01 11:07:00,Apartman/Mesken,9.0,2019.0,,2687.5
KAYSERİ,MELİKGAZİ,MİMARSİNAN MAHALLESİ,38.772044,35.579094,115.0,,,,190000.0,2020-01-13 11:42:00,Apartman/Mesken,1.0,2020.0,,1652.1739130434783
KAYSERİ,MELİKGAZİ,GÜLTEPE MAHALLESİ,38.7219,35.5166,180.0,,,,575000.0,2020-04-22 16:26:00,Apartman/Mesken,3.0,2020.0,,3194.4444444444443
KAYSERİ,TALAS,TALAS MAHALLESİ,38.7,35.5488,151.0,2006.0,1.0,2.0,250000.0,2020-04-22 16:26:00,Apartman/Mesken,12.0,2020.0,14.0,1655.6291390728477
KAYSERİ,MELİKGAZİ,EĞRİBUCAK MAHALLESİ,38.674789,35.427474,200.0,,,,730000.0,2020-04-22 16:26:00,Villa,-1.0,2020.0,,3650.0
KAYSERİ,KOCASİNAN,SÜMER MAHALLESİ,38.7384,35.4668,103.0,,,,150000.0,2020-04-22 16:26:00,Apartman/Mesken,2.0,2020.0,,1456.3106796116506
KAYSERİ,TALAS,HARMAN MAHALLESİ,38.6844,35.5481,173.0,1997.0,1.0,3.0,380000.0,2019-10-30 13:11:00,Apartman/Mesken,7.0,2019.0,22.0,2196.5317919075146
KAYSERİ,MELİKGAZİ,YEŞİLYURT MAHALLESİ,38.792,35.6195,125.0,2018.0,1.0,2.0,285000.0,2019-10-30 20:30:00,Apartman/Mesken,6.0,2019.0,1.0,2280.0
KAYSERİ,YAHYALI,ÇİĞİLLİ MAHALLESİ,38.118874,35.358853,130.0,,,,255000.0,2019-10-31 09:00:00,Apartman/Mesken,2.0,2019.0,,1961.5384615384614
KAYSERİ,KOCASİNAN,YILDIZEVLER MAHALLESİ,38.7424,35.5405,200.0,2014.0,1.0,2.0,800000.0,2020-04-22 16:24:00,Apartman/Mesken,8.0,2020.0,6.0,4000.0
KAYSERİ,MELİKGAZİ,BAHÇELİEVLER MAHALLESİ,38.7697,35.5953,124.0,2015.0,1.0,2.0,200000.0,2020-04-22 16:24:00,Apartman/Mesken,6.0,2020.0,5.0,1612.9032258064517
KAYSERİ,YEŞİLHİSAR,HACIBEKTAŞ MAHALLESİ,38.359159,35.080607,100.0,1989.0,3.0,3.0,100000.0,2019-10-29 11:40:00,Apartman/Mesken,1.0,2019.0,30.0,1000.0
KAYSERİ,TALAS,TALAS MAHALLESİ,38.7117,35.5577,50.0,,,,100000.0,2019-10-31 09:00:00,Apartman/Mesken,3.0,2019.0,,2000.0
KAYSERİ,MELİKGAZİ,KONAKLAR MAHALLESİ,38.7351,35.5349,180.0,,,,800000.0,2019-11-01 13:56:00,Apartman/Mesken,8.0,2019.0,,4444.444444444444
KAYSERİ,MELİKGAZİ,KEYKUBAT MAHALLESİ,38.7405,35.4193,118.0,,,,240000.0,2019-11-01 11:46:00,Apartman/Mesken,3.0,2019.0,,2033.8983050847457
KAYSERİ,KOCASİNAN,KÖTÜGÖLLER MAHALLESİ,38.7535,35.4861,135.0,,,,290000.0,2019-11-01 09:00:00,Apartman/Mesken,10.0,2019.0,,2148.1481481481483
KAYSERİ,KOCASİNAN,YENİDOĞAN MAHALLESİ,38.747,35.4398,115.0,,,,120000.0,2019-11-06 12:35:00,Apartman/Mesken,4.0,2019.0,,1043.4782608695652
KAYSERİ,MELİKGAZİ,BATTALGAZİ MAHALLESİ,38.7104,35.4747,93.0,,,,180000.0,2019-11-01 09:00:00,Apartman/Mesken,6.0,2019.0,,1935.483870967742
KAYSERİ,MELİKGAZİ,ANBAR MAHALLESİ,38.7486,35.3774,90.0,,,,155000.0,2019-11-04 09:05:00,Apartman/Mesken,7.0,2019.0,,1722.2222222222222
KAYSERİ,MELİKGAZİ,GÜLTEPE MAHALLESİ,38.7194,35.5138,154.0,,,,420000.0,2020-04-22 16:30:00,Apartman/Mesken,3.0,2020.0,,2727.2727272727275
KAYSERİ,KOCASİNAN,ERKİLET MAHALLESİ,38.7891,35.4563,130.0,,,,240000.0,2019-11-04 09:05:00,Apartman/Mesken,9.0,2019.0,,1846.1538461538462
KAYSERİ,KOCASİNAN,ERKİLET MAHALLESİ,38.795,35.4476,142.0,,,,250000.0,2019-11-05 09:00:00,Apartman/Mesken,6.0,2019.0,,1760.5633802816901
KAYSERİ,MELİKGAZİ,1. ESKİŞEHİR  MAHALLESİ,38.6875,35.4749,410.0,2019.0,1.0,2.0,275000.0,2020-04-22 16:31:00,Apartman/Mesken,,2020.0,1.0,670.7317073170732
KAYSERİ,MELİKGAZİ,KILIÇASLAN MAHALLESİ,38.7228,35.5077,153.0,,,,405000.0,2019-11-05 09:00:00,Apartman/Mesken,2.0,2019.0,,2647.0588235294117
KAYSERİ,MELİKGAZİ,GESİ MAHALLESİ,38.7829,35.6074,140.0,2014.0,1.0,1.0,240000.0,2020-04-22 16:34:00,Apartman/Mesken,14.0,2020.0,6.0,1714.2857142857142
KAYSERİ,MELİKGAZİ,GESİ MAHALLESİ,38.7877,35.6049,131.0,,,,225000.0,2019-11-06 09:00:00,Apartman/Mesken,13.0,2019.0,,1717.557251908397
KAYSERİ,KOCASİNAN,ZİYA GÖKALP MAHALLESİ,38.741841,35.442023,95.0,,,,175000.0,2020-04-22 16:34:00,Apartman/Mesken,8.0,2020.0,,1842.1052631578948
KAYSERİ,KOCASİNAN,YENİDOĞAN MAHALLESİ,38.7393,35.4414,117.0,,,,220000.0,2019-11-06 21:07:00,Apartman/Mesken,2.0,2019.0,,1880.3418803418804
KAYSERİ,MELİKGAZİ,GESİ MAHALLESİ,38.7912,35.6219,140.0,,,,230000.0,2020-04-22 16:34:00,Apartman/Mesken,14.0,2020.0,,1642.857142857143
KAYSERİ,MELİKGAZİ,EĞRİBUCAK MAHALLESİ,38.697114,35.454112,326.0,2019.0,1.0,2.0,725000.0,2019-11-03 16:32:00,Apartman/Mesken,1.0,2019.0,0.0,2223.9263803680983
KAYSERİ,KOCASİNAN,SÜMER MAHALLESİ,38.7357,35.4658,111.0,,,,230000.0,2019-11-08 18:00:00,Apartman/Mesken,8.0,2019.0,,2072.072072072072
KAYSERİ,MELİKGAZİ,KEYKUBAT MAHALLESİ,38.737364,35.416295,135.0,2019.0,1.0,2.0,280000.0,2020-04-22 16:33:00,Apartman/Mesken,2.0,2020.0,1.0,2074.074074074074
KAYSERİ,MELİKGAZİ,ÇAY MAHALLESİ,38.6836,35.5378,450.0,,,,1800000.0,2019-11-08 12:10:00,Villa,-1.0,2019.0,,4000.0
KAYSERİ,TALAS,HARMAN MAHALLESİ,38.6912,35.5428,179.0,,,,435000.0,2019-11-07 22:00:00,Apartman/Mesken,4.0,2019.0,,2430.167597765363
KAYSERİ,MELİKGAZİ,TONTAR MAHALLESİ,38.7123,35.4935,134.0,,,,165000.0,2020-04-22 16:33:00,Apartman/Mesken,2.0,2020.0,,1231.3432835820895
KAYSERİ,KOCASİNAN,BEYAZŞEHİR MAHALLESİ,38.778878,35.579867,115.0,2008.0,1.0,2.0,180000.0,2020-04-22 16:33:00,Apartman/Mesken,5.0,2020.0,12.0,1565.2173913043478
KAYSERİ,MELİKGAZİ,YILDIRIM BEYAZIT MAHALLESİ,38.7288,35.5346,130.0,2015.0,1.0,2.0,350000.0,2020-01-14 09:48:00,Apartman/Mesken,4.0,2020.0,5.0,2692.3076923076924
KAYSERİ,MELİKGAZİ,MİMARSİNAN MAHALLESİ,38.72898,35.585101,119.0,,,,265000.0,2019-11-07 09:00:00,Apartman/Mesken,6.0,2019.0,,2226.890756302521
KAYSERİ,MELİKGAZİ,MİMARSİNAN MAHALLESİ,38.7696,35.583,130.0,,,,230000.0,2019-11-07 09:00:00,Apartman/Mesken,11.0,2019.0,,1769.2307692307693
KAYSERİ,KOCASİNAN,ZİYA GÖKALP MAHALLESİ,38.7433,35.4378,90.0,,,,120000.0,2020-04-22 16:35:00,Apartman/Mesken,,2020.0,,1333.3333333333333
KAYSERİ,KOCASİNAN,BEYAZŞEHİR MAHALLESİ,38.7838,35.5915,120.0,,,,205000.0,2019-11-07 09:00:00,Apartman/Mesken,5.0,2019.0,,1708.3333333333333
KAYSERİ,KOCASİNAN,MEHMET AKİF MAHALLESİ,38.746844,35.514201,96.0,,,,105000.0,2019-11-12 08:41:00,Apartman/Mesken,2.0,2019.0,,1093.75
KAYSERİ,MELİKGAZİ,GESİ MAHALLESİ,38.788572,35.602103,88.0,,,,190000.0,2019-11-12 08:43:00,Apartman/Mesken,9.0,2019.0,,2159.090909090909
KAYSERİ,MELİKGAZİ,YEŞİLYURT MAHALLESİ,38.792205,35.613312,119.0,,,,245000.0,2019-11-12 08:48:00,Apartman/Mesken,9.0,2019.0,,2058.823529411765
KAYSERİ,MELİKGAZİ,KONAKLAR MAHALLESİ,38.743,35.5553,138.0,,,,330000.0,2019-11-08 12:33:00,Apartman/Mesken,3.0,2019.0,,2391.304347826087
KAYSERİ,İNCESU,AKSUBAĞLARI MAHALLESİ,38.6112,35.1708,73.0,,,,120000.0,2019-11-10 14:09:00,Apartman/Mesken,6.0,2019.0,,1643.835616438356
KAYSERİ,MELİKGAZİ,ANBAR MAHALLESİ,38.7364,35.378,122.0,,,2.0,220000.0,2019-11-12 08:50:00,Apartman/Mesken,2.0,2019.0,,1803.27868852459
KAYSERİ,MELİKGAZİ,KONAKLAR MAHALLESİ,38.735367,35.55649,115.0,,,,175000.0,2019-11-12 08:56:00,Apartman/Mesken,0.0,2019.0,,1521.7391304347825
KAYSERİ,MELİKGAZİ,GÜLTEPE MAHALLESİ,38.7227,35.5141,142.0,,,,395000.0,2020-04-22 16:40:00,Apartman/Mesken,1.0,2020.0,,2781.6901408450703
KAYSERİ,KOCASİNAN,SÜMER MAHALLESİ,38.7454,35.4578,88.0,,,,105000.0,2020-04-22 16:39:00,Apartman/Mesken,0.0,2020.0,,1193.1818181818182
KAYSERİ,KOCASİNAN,SÜMER MAHALLESİ,38.7397,35.4474,96.0,,,,130000.0,2019-11-12 09:11:00,Apartman/Mesken,2.0,2019.0,,1354.1666666666667
KAYSERİ,KOCASİNAN,SÜMER MAHALLESİ,38.744226,35.454189,112.0,1986.0,1.0,3.0,155000.0,2020-04-22 16:44:00,Apartman/Mesken,1.0,2020.0,34.0,1383.9285714285713
KAYSERİ,KOCASİNAN,PERVANE MAHALLESİ,38.737,35.491,77.0,,,,140000.0,2019-11-20 12:16:00,Apartman/Mesken,2.0,2019.0,,1818.1818181818182
KAYSERİ,MELİKGAZİ,CAFERBEY MAHALLESİ,38.7145,35.4821,166.0,,,,500000.0,2020-04-22 16:45:00,Apartman/Mesken,2.0,2020.0,,3012.0481927710844
KAYSERİ,MELİKGAZİ,19 MAYIS MAHALLESİ,38.74,35.3779,128.0,,,,280000.0,2019-11-20 12:18:00,Apartman/Mesken,4.0,2019.0,,2187.5
KAYSERİ,KOCASİNAN,SEYRANİ MAHALLESİ,38.7502,35.4768,150.0,2018.0,1.0,1.0,430000.0,2019-11-12 19:43:00,Apartman/Mesken,12.0,2019.0,1.0,2866.6666666666665
KAYSERİ,MELİKGAZİ,KAZIM KARABEKİR MAHALLESİ,38.7239,35.4461,127.0,,,,275000.0,2019-11-20 12:31:00,Apartman/Mesken,1.0,2019.0,,2165.3543307086616
KAYSERİ,YAHYALI,GAZİBEYLİ MAHALLESİ,38.096,35.3577,174.0,2007.0,,,890000.0,2019-11-14 10:01:00,Apartman/Mesken,3.0,2019.0,12.0,5114.942528735633
KAYSERİ,DEVELİ,GÜNEYAŞAĞI  MAHALLESİ,38.3562,35.4758,158.0,,,,175000.0,2019-11-14 17:26:00,Apartman/Mesken,,2019.0,,1107.5949367088608
KAYSERİ,KOCASİNAN,SÜMER MAHALLESİ,38.7397,35.4476,96.0,,,,130000.0,2019-11-20 12:39:00,Apartman/Mesken,2.0,2019.0,,1354.1666666666667
KAYSERİ,MELİKGAZİ,KEYKUBAT MAHALLESİ,38.7412,35.406,94.0,,,,150000.0,2019-11-20 12:42:00,Apartman/Mesken,0.0,2019.0,,1595.7446808510638
KAYSERİ,KOCASİNAN,ERKİLET OSMANGAZİ MAHALLESİ,38.791878,35.46458,134.0,2019.0,1.0,2.0,175000.0,2019-11-13 21:35:00,Apartman/Mesken,10.0,2019.0,0.0,1305.9701492537313
KAYSERİ,MELİKGAZİ,SAKARYA MAHALLESİ,38.736674,35.407865,137.0,,,,320000.0,2019-11-15 09:00:00,Apartman/Mesken,13.0,2019.0,,2335.7664233576643
KAYSERİ,TALAS,TALAS MAHALLESİ,38.705958,35.569449,117.0,,,,235000.0,2019-11-14 10:47:00,Apartman/Mesken,3.0,2019.0,,2008.5470085470085
KAYSERİ,MELİKGAZİ,ANBAR MAHALLESİ,38.7338,35.3755,115.0,,,,230000.0,2020-01-13 11:42:00,Apartman/Mesken,11.0,2020.0,,2000.0
KAYSERİ,MELİKGAZİ,19 MAYIS MAHALLESİ,38.743816,35.380504,118.0,2018.0,1.0,2.0,260000.0,2019-11-14 12:12:00,Apartman/Mesken,2.0,2019.0,1.0,2203.3898305084745
KAYSERİ,DEVELİ,YENİMAHALLE  MAHALLESİ,38.391381,35.486727,405.0,1982.0,1.0,2.0,1980000.0,2019-11-14 12:08:00,Apartman/Mesken,,2019.0,37.0,4888.888888888889
KAYSERİ,YAHYALI,SEYDİLİ MAHALLESİ,38.102019,35.357732,155.0,2019.0,1.0,2.0,375000.0,2020-01-28 16:28:00,Apartman/Mesken,4.0,2020.0,1.0,2419.3548387096776
KAYSERİ,MELİKGAZİ,GESİ MAHALLESİ,38.788015,35.593568,85.0,2017.0,1.0,2.0,155000.0,2019-11-14 12:40:00,Apartman/Mesken,10.0,2019.0,2.0,1823.5294117647059
KAYSERİ,KOCASİNAN,FEVZİOĞLU MAHALLESİ,38.7584,35.5172,116.0,,,,215000.0,2019-11-20 12:56:00,Apartman/Mesken,10.0,2019.0,,1853.448275862069
KAYSERİ,TALAS,TALAS MAHALLESİ,38.7098,35.5607,143.0,,,,250000.0,2019-11-20 13:01:00,Apartman/Mesken,11.0,2019.0,,1748.2517482517483
KAYSERİ,MELİKGAZİ,MİMARSİNAN MAHALLESİ,38.742793,35.575945,116.0,2019.0,1.0,2.0,220000.0,2019-11-14 15:34:00,Apartman/Mesken,4.0,2019.0,0.0,1896.551724137931
KAYSERİ,KOCASİNAN,KAVAKYAZISI 2. MINTIKA MAHALLESİ,38.737364,35.520944,240.0,,,,1000000.0,2019-11-18 11:08:00,Apartman/Mesken,10.0,2019.0,,4166.666666666667
KAYSERİ,MELİKGAZİ,EĞRİBUCAK MAHALLESİ,38.694922,35.451389,155.0,2019.0,1.0,2.0,600000.0,2019-11-15 15:13:00,Villa,0.0,2019.0,0.0,3870.967741935484
KAYSERİ,DEVELİ,AŞAĞIEVEREK MAHALLESİ,38.376699,35.478297,98.0,,,,95000.0,2019-11-20 13:04:00,Apartman/Mesken,0.0,2019.0,,969.3877551020408
KAYSERİ,TALAS,YUKARI TALAS  MAHALLESİ,38.6731,35.5651,280.0,,,,700000.0,2019-11-21 12:21:00,Apartman/Mesken,,2019.0,,2500.0
KAYSERİ,MELİKGAZİ,3. ESKİŞEHİR  MAHALLESİ,38.6935,35.4724,368.0,,,,370000.0,2019-11-20 13:06:00,Apartman/Mesken,,2019.0,,1005.4347826086956
KAYSERİ,YAHYALI,ÇİĞİLLİ MAHALLESİ,38.1181,35.3602,127.0,,,,215000.0,2019-11-20 21:30:00,Apartman/Mesken,3.0,2019.0,,1692.9133858267717
KAYSERİ,KOCASİNAN,KAVAKYAZISI MAHALLESİ,38.7333,35.5221,106.0,,,,200000.0,2019-11-20 13:14:00,Apartman/Mesken,1.0,2019.0,,1886.7924528301887
KAYSERİ,MELİKGAZİ,MİMARSİNAN MAHALLESİ,38.743783,35.576659,123.0,,,,230000.0,2019-11-20 13:30:00,Apartman/Mesken,6.0,2019.0,,1869.918699186992
KAYSERİ,MELİKGAZİ,KONAKLAR MAHALLESİ,38.733797,35.572046,117.0,,,,250000.0,2020-01-13 11:42:00,Apartman/Mesken,,2020.0,,2136.7521367521367
KAYSERİ,İNCESU,BAHÇESARAY MAHALLESİ,38.6339,35.1905,130.0,,,,225000.0,2019-11-20 13:39:00,Apartman/Mesken,3.0,2019.0,,1730.7692307692307
KAYSERİ,TALAS,TALAS  MAHALLESİ,38.7005,35.5578,127.0,,,,235000.0,2019-11-20 13:45:00,Apartman/Mesken,7.0,2019.0,,1850.3937007874015
KAYSERİ,MELİKGAZİ,KILIÇASLAN MAHALLESİ,38.7227,35.5072,152.0,,,,315000.0,2020-01-14 09:44:00,Apartman/Mesken,7.0,2020.0,,2072.3684210526317
KAYSERİ,MELİKGAZİ,KONAKLAR MAHALLESİ,38.7365,35.5485,68.0,,,,100000.0,2019-11-20 09:58:00,Apartman/Mesken,0.0,2019.0,,1470.5882352941176
KAYSERİ,KOCASİNAN,ERKİLET MAHALLESİ,38.7901,35.4583,129.0,,,,250000.0,2019-11-21 09:00:00,Apartman/Mesken,3.0,2019.0,,1937.984496124031
KAYSERİ,YAHYALI,GAZİBEYLİ  MAHALLESİ,38.0977,35.3586,716.0,,,,1000000.0,2019-12-02 12:11:00,Apartman/Mesken,,2019.0,,1396.6480446927374
KAYSERİ,KOCASİNAN,KÖTÜGÖLLER MAHALLESİ,38.7524,35.4897,136.0,,,,290000.0,2020-01-14 09:43:00,Apartman/Mesken,3.0,2020.0,,2132.3529411764707
KAYSERİ,MELİKGAZİ,KEYKUBAT MAHALLESİ,38.7428,35.3998,82.0,,,,140000.0,2019-11-25 09:00:00,Apartman/Mesken,1.0,2019.0,,1707.3170731707316
KAYSERİ,MELİKGAZİ,ALPASLAN MAHALLESİ,38.7251,35.5188,184.0,,,,520000.0,2020-01-13 11:42:00,Apartman/Mesken,9.0,2020.0,,2826.086956521739
KAYSERİ,KOCASİNAN,MEHMET AKİF  MAHALLESİ,38.7456,35.5191,413.0,,,,150000.0,2019-11-25 09:00:00,Apartman/Mesken,,2019.0,,363.19612590799034
KAYSERİ,KOCASİNAN,SÜMER MAHALLESİ,38.7487,35.4704,98.0,,,,125000.0,2019-11-25 09:00:00,Apartman/Mesken,1.0,2019.0,,1275.5102040816328
KAYSERİ,MELİKGAZİ,YILDIRIM BEYAZIT MAHALLESİ,38.7282,35.5335,234.0,,,,500000.0,2019-11-26 13:58:00,Apartman/Mesken,11.0,2019.0,,2136.7521367521367
KAYSERİ,KOCASİNAN,ZİYA GÖKALP  MAHALLESİ,38.4709,35.4348,97.0,,,,155000.0,2019-11-26 09:00:00,Apartman/Mesken,3.0,2019.0,,1597.9381443298969
KAYSERİ,MELİKGAZİ,KEYKUBAT MAHALLESİ,38.7381,35.4204,118.0,2014.0,1.0,1.0,260000.0,2019-11-22 17:45:00,Apartman/Mesken,2.0,2019.0,5.0,2203.3898305084745
KAYSERİ,KOCASİNAN,SEYRANİ MAHALLESİ,38.7502,35.4768,155.0,,,,870000.0,2019-11-27 09:00:00,Apartman/Mesken,13.0,2019.0,,5612.903225806452
KAYSERİ,KOCASİNAN,ERKİLET DERE  MAHALLESİ,38.799692,35.43573,198.0,,,,500000.0,2019-11-27 18:31:00,Apartman/Mesken,,2019.0,,2525.252525252525
KAYSERİ,MELİKGAZİ,EMİRAĞA MAHALLESİ,38.7132,35.4796,50.0,,,,780000.0,2020-04-22 16:59:00,Apartman/Mesken,6.0,2020.0,,15600.0
KAYSERİ,KOCASİNAN,ERKİLET MAHALLESİ,38.7918,35.4614,179.0,,,,275000.0,2020-01-13 11:43:00,Apartman/Mesken,2.0,2020.0,,1536.3128491620112
KAYSERİ,KOCASİNAN,YILDIZEVLER MAHALLESİ,38.74328,35.537767,193.0,,,,500000.0,2019-11-27 10:22:00,Apartman/Mesken,5.0,2019.0,,2590.6735751295337
KAYSERİ,KOCASİNAN,ERKİLET MAHALLESİ,38.781228,35.460138,127.0,2019.0,1.0,2.0,255000.0,2020-04-22 16:58:00,Apartman/Mesken,6.0,2020.0,1.0,2007.8740157480315
KAYSERİ,MELİKGAZİ,KANLIYURT MAHALLESİ,38.731288,35.439459,114.0,1.0,1.0,2.0,155000.0,2020-04-22 16:58:00,Apartman/Mesken,2.0,2020.0,,1359.6491228070176
KAYSERİ,KOCASİNAN,ERKİLET MAHALLESİ,38.787538,35.454892,125.0,2019.0,1.0,2.0,305000.0,2019-11-25 21:08:00,Apartman/Mesken,11.0,2019.0,0.0,2440.0
KAYSERİ,KOCASİNAN,ERKİLET MAHALLESİ,38.8048,35.4536,110.0,,,,185000.0,2020-01-13 11:40:00,Apartman/Mesken,2.0,2020.0,,1681.8181818181818
KAYSERİ,MELİKGAZİ,ANBAR MAHALLESİ,38.7525,35.3745,83.0,,,,170000.0,2019-11-28 10:40:00,Apartman/Mesken,1.0,2019.0,,2048.1927710843374
KAYSERİ,KOCASİNAN,ERKİLET MAHALLESİ,38.78566,35.45817,125.0,2018.0,1.0,2.0,260000.0,2019-11-27 10:22:00,Apartman/Mesken,7.0,2019.0,1.0,2080.0
KAYSERİ,KOCASİNAN,BEYAZŞEHİR MAHALLESİ,38.783022,35.588412,115.0,2003.0,1.0,3.0,180000.0,2019-11-27 11:25:00,Apartman/Mesken,2.0,2019.0,16.0,1565.2173913043478
KAYSERİ,TALAS,TABLAKAYA MAHALLESİ,38.6984,35.5645,39.0,,,,130000.0,2019-12-04 12:05:00,Apartman/Mesken,9.0,2019.0,,3333.3333333333335
KAYSERİ,TALAS,TALAS MAHALLESİ,38.7118,35.5663,143.0,,,,275000.0,2019-11-29 09:00:00,Apartman/Mesken,11.0,2019.0,,1923.076923076923
KAYSERİ,MELİKGAZİ,ALPASLAN MAHALLESİ,38.725931,35.51927,185.0,,,,625000.0,2019-11-29 09:00:00,Apartman/Mesken,8.0,2019.0,,3378.3783783783783
KAYSERİ,DEVELİ,YENİMAHALLE MAHALLESİ,38.3919,35.4861,222.0,,,,310000.0,2019-11-29 11:07:00,Apartman/Mesken,4.0,2019.0,,1396.3963963963963
KAYSERİ,MELİKGAZİ,KEYKUBAT MAHALLESİ,38.742134,35.414074,120.0,,,,185000.0,2019-12-02 09:00:00,Apartman/Mesken,3.0,2019.0,,1541.6666666666667
KAYSERİ,MELİKGAZİ,GESİ MAHALLESİ,38.788136,35.614864,100.0,2000.0,1.0,3.0,160000.0,2019-12-02 15:11:00,Apartman/Mesken,6.0,2019.0,19.0,1600.0
KAYSERİ,KOCASİNAN,PERVANE MAHALLESİ,38.7558,35.4939,127.0,,,,310000.0,2019-12-02 09:00:00,Apartman/Mesken,12.0,2019.0,,2440.9448818897636
KAYSERİ,TALAS,TALAS  MAHALLESİ,38.703,35.556,130.0,,,,240000.0,2019-12-04 11:10:00,Apartman/Mesken,,2019.0,,1846.1538461538462
KAYSERİ,İNCESU,BAHÇESARAY MAHALLESİ,38.633822,35.190458,132.0,,,,235000.0,2019-12-04 12:47:00,Apartman/Mesken,5.0,2019.0,,1780.3030303030303
KAYSERİ,MELİKGAZİ,MELİKGAZİ MAHALLESİ,38.728317,35.520861,207.0,,,,630000.0,2019-12-04 12:49:00,Apartman/Mesken,12.0,2019.0,,3043.478260869565
KAYSERİ,KOCASİNAN,KUŞÇU  MAHALLESİ,38.9484,35.487,348.0,,,,340000.0,2019-12-05 23:32:00,Apartman/Mesken,,2019.0,,977.0114942528736
KAYSERİ,MELİKGAZİ,KEYKUBAT MAHALLESİ,38.748341,35.392153,105.0,,,,175000.0,2019-12-04 12:56:00,Apartman/Mesken,8.0,2019.0,,1666.6666666666667
KAYSERİ,YAHYALI,KİRAZLI  MAHALLESİ,38.0812,35.3404,247.0,,,,70000.0,2019-12-12 10:56:00,Apartman/Mesken,,2019.0,,283.4008097165992
KAYSERİ,KOCASİNAN,ESENTEPE MAHALLESİ,38.7607,35.5213,124.0,,,,160000.0,2019-12-03 15:29:00,Apartman/Mesken,1.0,2019.0,,1290.3225806451612
KAYSERİ,MELİKGAZİ,ANBAR MAHALLESİ,38.7367,35.3921,126.0,2012.0,1.0,2.0,290000.0,2019-12-03 09:51:00,Apartman/Mesken,3.0,2019.0,7.0,2301.5873015873017
KAYSERİ,MELİKGAZİ,ANBAR MAHALLESİ,38.7351,35.3783,114.0,2002.0,1.0,3.0,205000.0,2019-12-03 14:19:00,Apartman/Mesken,0.0,2019.0,17.0,1798.2456140350878
KAYSERİ,KOCASİNAN,MİTHATPAŞA MAHALLESİ,38.756,35.4637,118.0,,,,250000.0,2019-12-05 09:00:00,Apartman/Mesken,3.0,2019.0,,2118.64406779661
KAYSERİ,MELİKGAZİ,HÜRRİYET MAHALLESİ,38.7141,35.4683,149.0,,,,265000.0,2019-12-11 09:03:00,Apartman/Mesken,8.0,2019.0,,1778.523489932886
KAYSERİ,TALAS,TALAS MAHALLESİ,38.709976,35.567936,55.0,,,,120000.0,2019-12-05 19:23:00,Apartman/Mesken,4.0,2019.0,,2181.818181818182
KAYSERİ,MELİKGAZİ,DEMİRCİYAZISI MAHALLESİ,38.7127,35.4467,150.0,,,,145000.0,2019-12-05 12:35:00,Apartman/Mesken,1.0,2019.0,,966.6666666666666
KAYSERİ,MELİKGAZİ,YILDIRIM BEYAZIT MAHALLESİ,38.7332,35.5348,206.0,,,,820000.0,2019-12-06 11:44:00,Apartman/Mesken,5.0,2019.0,,3980.5825242718447
KAYSERİ,KOCASİNAN,ZİYA GÖKALP MAHALLESİ,38.7409,35.4349,97.0,,,,155000.0,2019-12-05 09:00:00,Apartman/Mesken,3.0,2019.0,,1597.9381443298969
KAYSERİ,MELİKGAZİ,YILDIRIM BEYAZIT MAHALLESİ,38.7313,35.5358,142.0,,,,340000.0,2019-12-05 11:31:00,Apartman/Mesken,12.0,2019.0,,2394.3661971830984
KAYSERİ,KOCASİNAN,KAVAKYAZISI MAHALLESİ,38.7291,35.5129,108.0,,,,350000.0,2020-01-15 16:24:00,Apartman/Mesken,1.0,2020.0,,3240.740740740741
KAYSERİ,KOCASİNAN,SEYRANİ MAHALLESİ,38.7502,35.476736,145.0,,,,430000.0,2019-12-06 09:00:00,Apartman/Mesken,13.0,2019.0,,2965.5172413793102
KAYSERİ,MELİKGAZİ,YAZIBAĞLARI MAHALLESİ,38.7346,35.3996,106.0,,,,165000.0,2020-01-13 11:40:00,Apartman/Mesken,7.0,2020.0,,1556.6037735849056
KAYSERİ,KOCASİNAN,PERVANE MAHALLESİ,38.738795,35.494755,170.0,,,,510000.0,2019-12-06 09:00:00,Apartman/Mesken,10.0,2019.0,,3000.0
KAYSERİ,BÜNYAN,SAMAĞIR  MAHALLESİ,38.6326,36.0616,504.0,,,,90000.0,2020-01-13 11:40:00,Apartman/Mesken,,2020.0,,178.57142857142858
KAYSERİ,MELİKGAZİ,ERENKÖY MAHALLESİ,38.696134,35.519284,290.0,,,,1365000.0,2019-12-09 09:00:00,Villa,-1.0,2019.0,,4706.896551724138
KAYSERİ,MELİKGAZİ,GESİ MAHALLESİ,38.7854,35.6175,99.0,,,,160000.0,2019-12-09 09:00:00,Apartman/Mesken,6.0,2019.0,,1616.1616161616162
KAYSERİ,MELİKGAZİ,KEYKUBAT MAHALLESİ,38.742101,35.414063,120.0,,,,185000.0,2019-12-09 09:00:00,Apartman/Mesken,3.0,2019.0,,1541.6666666666667
KAYSERİ,KOCASİNAN,YENİDOĞAN MAHALLESİ,38.7517,35.4395,137.0,,,,200000.0,2020-01-13 11:41:00,Apartman/Mesken,8.0,2020.0,,1459.85401459854
KAYSERİ,MELİKGAZİ,YILDIRIM BEYAZIT MAHALLESİ,38.723007,35.533663,138.0,,,,250000.0,2019-12-09 09:00:00,Apartman/Mesken,2.0,2019.0,,1811.5942028985507
KAYSERİ,MELİKGAZİ,YEŞİLYURT MAHALLESİ,38.7944,35.592,140.0,,,,320000.0,2019-12-11 09:38:00,Apartman/Mesken,9.0,2019.0,,2285.714285714286
KAYSERİ,KOCASİNAN,SÜMER MAHALLESİ,38.74,35.4621,110.0,,,,200000.0,2019-12-10 15:50:00,Apartman/Mesken,9.0,2019.0,,1818.1818181818182
KAYSERİ,KOCASİNAN,SÜMER MAHALLESİ,38.73523,35.472568,110.0,2011.0,1.0,2.0,335000.0,2019-12-10 16:27:00,Apartman/Mesken,4.0,2019.0,8.0,3045.4545454545455
KAYSERİ,MELİKGAZİ,MİMARSİNAN MAHALLESİ,38.762,35.5739,118.0,,,,175000.0,2019-12-10 15:44:00,Apartman/Mesken,7.0,2019.0,,1483.050847457627
KAYSERİ,MELİKGAZİ,MİMARSİNAN MAHALLESİ,38.7286,35.5859,133.0,,,,240000.0,2020-01-13 11:41:00,Apartman/Mesken,10.0,2020.0,,1804.5112781954888
KAYSERİ,TALAS,HARMAN MAHALLESİ,38.6837,35.5491,145.0,,,,310000.0,2020-01-13 11:40:00,Apartman/Mesken,1.0,2020.0,,2137.9310344827586
KAYSERİ,MELİKGAZİ,MİMARSİNAN MAHALLESİ,38.7663,35.5871,134.0,2019.0,1.0,1.0,255000.0,2019-12-11 14:54:00,Apartman/Mesken,10.0,2019.0,0.0,1902.9850746268658
KAYSERİ,KOCASİNAN,YILDIZEVLER MAHALLESİ,38.7427,35.5403,206.0,,,,750000.0,2020-01-15 16:42:00,Apartman/Mesken,12.0,2020.0,,3640.776699029126
KAYSERİ,MELİKGAZİ,KANLIYURT MAHALLESİ,38.7301,35.4196,99.0,2008.0,1.0,3.0,175000.0,2020-01-15 16:43:00,Apartman/Mesken,6.0,2020.0,12.0,1767.6767676767677
KAYSERİ,MELİKGAZİ,MİMARSİNAN MAHALLESİ,38.74425,35.577829,129.0,,,,175000.0,2019-12-12 09:00:00,Apartman/Mesken,9.0,2019.0,,1356.5891472868218
KAYSERİ,TALAS,TALAS MAHALLESİ,38.707,35.5682,120.0,,,,230000.0,2019-12-12 09:00:00,Apartman/Mesken,12.0,2019.0,,1916.6666666666667
KAYSERİ,MELİKGAZİ,KEYKUBAT  MAHALLESİ,38.744711,35.396082,80.0,1995.0,1.0,3.0,150000.0,2019-12-11 10:25:00,Apartman/Mesken,2.0,2019.0,24.0,1875.0
KAYSERİ,KOCASİNAN,ERKİLET MAHALLESİ,38.7988,35.4451,136.0,,,,230000.0,2020-01-13 11:41:00,Apartman/Mesken,2.0,2020.0,,1691.1764705882354
KAYSERİ,KOCASİNAN,BEYAZŞEHİR MAHALLESİ,38.779,35.5824,123.0,2002.0,1.0,2.0,175000.0,2019-12-12 12:43:00,Apartman/Mesken,2.0,2019.0,17.0,1422.7642276422764
KAYSERİ,TALAS,KİÇİKÖY MAHALLESİ,38.6963,35.5405,140.0,,,,400000.0,2019-12-13 09:00:00,Apartman/Mesken,1.0,2019.0,,2857.1428571428573
KAYSERİ,KOCASİNAN,CUMHURİYET MAHALLESİ,38.7457,35.5137,125.0,2007.0,,2.0,200000.0,2020-01-13 11:39:00,Apartman/Mesken,2.0,2020.0,13.0,1600.0
KAYSERİ,MELİKGAZİ,ALPASLAN MAHALLESİ,38.726023,35.519238,185.0,,,,600000.0,2019-12-23 10:47:00,Apartman/Mesken,8.0,2019.0,,3243.2432432432433
KAYSERİ,KOCASİNAN,SERÇEÖNÜ MAHALLESİ,38.724753,35.488795,75.0,1975.0,1.0,4.0,135000.0,2019-12-17 21:25:00,Apartman/Mesken,3.0,2019.0,44.0,1800.0
KAYSERİ,KOCASİNAN,KALENDERHANE MAHALLESİ,38.724839,35.489171,110.0,1977.0,1.0,4.0,195000.0,2020-01-15 16:48:00,Apartman/Mesken,4.0,2020.0,43.0,1772.7272727272727
KAYSERİ,MELİKGAZİ,DEMİRCİYAZISI MAHALLESİ,38.7015,35.4415,160.0,,,,445000.0,2020-01-13 11:58:00,Apartman/Mesken,12.0,2020.0,,2781.25
KAYSERİ,MELİKGAZİ,BAHÇELİEVLER MAHALLESİ,38.7663,35.5974,142.0,,,,215000.0,2020-01-15 16:59:00,Apartman/Mesken,5.0,2020.0,,1514.0845070422536
KAYSERİ,MELİKGAZİ,GESİ MAHALLESİ,38.7847,35.618,130.0,,,,215000.0,2019-12-16 09:00:00,Apartman/Mesken,8.0,2019.0,,1653.8461538461538
KAYSERİ,KOCASİNAN,YENİDOĞAN MAHALLESİ,38.7505,35.4393,106.0,,,,125000.0,2019-12-15 23:53:00,Apartman/Mesken,1.0,2019.0,,1179.245283018868
KAYSERİ,MELİKGAZİ,GÜLÜK MAHALLESİ,38.7177,35.4779,160.0,2015.0,1.0,2.0,400000.0,2020-01-15 16:56:00,Apartman/Mesken,3.0,2020.0,5.0,2500.0
KAYSERİ,MELİKGAZİ,KANLIYURT MAHALLESİ,38.739042,35.420613,126.0,2008.0,1.0,2.0,260000.0,2019-12-13 17:58:00,Apartman/Mesken,3.0,2019.0,11.0,2063.4920634920636
KAYSERİ,MELİKGAZİ,YILDIRIM BEYAZIT MAHALLESİ,38.7247,35.5471,126.0,,,,280000.0,2019-12-23 11:10:00,Apartman/Mesken,2.0,2019.0,,2222.222222222222
KAYSERİ,TALAS,TALAS MAHALLESİ,38.7015,35.5715,81.0,,,,215000.0,2020-01-13 11:39:00,Apartman/Mesken,8.0,2020.0,,2654.320987654321
KAYSERİ,TALAS,TALAS MAHALLESİ,38.7001,35.5567,126.0,,,,255000.0,2020-01-13 11:41:00,Apartman/Mesken,2.0,2020.0,,2023.8095238095239
KAYSERİ,DEVELİ,HARMAN MAHALLESİ,38.3954,35.4958,100.0,,,,95000.0,2020-01-13 11:39:00,Apartman/Mesken,0.0,2020.0,,950.0
KAYSERİ,TALAS,TALAS MAHALLESİ,38.7052,35.5686,115.0,,,,200000.0,2020-01-13 11:40:00,Apartman/Mesken,11.0,2020.0,,1739.1304347826087
KAYSERİ,TALAS,TALAS MAHALLESİ,38.7011,35.5547,144.0,,,,320000.0,2019-12-19 09:00:00,Apartman/Mesken,13.0,2019.0,,2222.222222222222
KAYSERİ,KOCASİNAN,SÜMER MAHALLESİ,38.7448,35.4679,150.0,,,,400000.0,2020-01-13 11:51:00,Apartman/Mesken,7.0,2020.0,,2666.6666666666665
KAYSERİ,MELİKGAZİ,KEYKUBAT MAHALLESİ,38.7422,35.417,154.0,,,,210000.0,2019-12-23 11:18:00,Apartman/Mesken,4.0,2019.0,,1363.6363636363637
KAYSERİ,DEVELİ,İBRAHİMAĞA MAHALLESİ,38.3878,35.4885,140.0,,,,140000.0,2020-01-13 11:39:00,Apartman/Mesken,0.0,2020.0,,1000.0
KAYSERİ,MELİKGAZİ,GESİ MAHALLESİ,38.7892,35.6253,126.0,,,,205000.0,2019-12-20 15:46:00,Apartman/Mesken,11.0,2019.0,,1626.984126984127
KAYSERİ,KOCASİNAN,ZİYA GÖKALP MAHALLESİ,38.7431,35.4435,84.0,,,,150000.0,2020-01-13 11:39:00,Apartman/Mesken,2.0,2020.0,,1785.7142857142858
KAYSERİ,MELİKGAZİ,ALPASLAN MAHALLESİ,38.725,35.5125,142.0,,,,670000.0,2019-12-20 11:21:00,Apartman/Mesken,1.0,2019.0,,4718.30985915493
KAYSERİ,MELİKGAZİ,SAKARYA MAHALLESİ,38.7309,35.4102,127.0,,,,270000.0,2019-12-24 01:01:00,Apartman/Mesken,8.0,2019.0,,2125.984251968504
KAYSERİ,MELİKGAZİ,KAZIM KARABEKİR MAHALLESİ,38.7154,35.4411,98.0,,,,180000.0,2020-01-13 11:39:00,Apartman/Mesken,2.0,2020.0,,1836.734693877551
KAYSERİ,KOCASİNAN,ERKİLET MAHALLESİ,38.7887,35.4567,128.0,,,2.0,165000.0,2020-01-13 11:51:00,Apartman/Mesken,0.0,2020.0,,1289.0625
KAYSERİ,MELİKGAZİ,19 MAYIS MAHALLESİ,38.7399,35.3786,129.0,,,,250000.0,2019-12-23 15:10:00,Apartman/Mesken,2.0,2019.0,,1937.984496124031
KAYSERİ,KOCASİNAN,KAVAKYAZISI MAHALLESİ,38.732422,35.508815,115.0,,,,330000.0,2019-12-25 09:39:00,Apartman/Mesken,3.0,2019.0,,2869.5652173913045
KAYSERİ,TALAS,TALAS MAHALLESİ,38.7128,35.5614,145.0,,,,275000.0,2019-12-24 12:00:00,Apartman/Mesken,5.0,2019.0,,1896.551724137931
KAYSERİ,MELİKGAZİ,KONAKLAR MAHALLESİ,38.7171,35.5677,189.0,,,,400000.0,2020-01-13 11:38:00,Apartman/Mesken,4.0,2020.0,,2116.4021164021165
KAYSERİ,MELİKGAZİ,MİMARSİNAN MAHALLESİ,38.7622,35.5955,119.0,2017.0,1.0,1.0,210000.0,2019-12-23 10:16:00,Apartman/Mesken,5.0,2019.0,2.0,1764.7058823529412
KAYSERİ,MELİKGAZİ,MİMARSİNAN MAHALLESİ,38.7633,35.5732,111.0,,,,170000.0,2020-01-13 11:38:00,Apartman/Mesken,4.0,2020.0,,1531.5315315315315
KAYSERİ,MELİKGAZİ,GESİ MAHALLESİ,38.7871,35.6144,100.0,,,,170000.0,2019-12-25 09:00:00,Apartman/Mesken,6.0,2019.0,,1700.0
KAYSERİ,KOCASİNAN,YENİDOĞAN MAHALLESİ,38.7442,35.4315,135.0,,,,285000.0,2019-12-25 09:00:00,Apartman/Mesken,10.0,2019.0,,2111.1111111111113
KAYSERİ,MELİKGAZİ,DEMİRCİYAZISI MAHALLESİ,38.7075,35.4495,128.0,,,,155000.0,2020-01-13 11:38:00,Apartman/Mesken,3.0,2020.0,,1210.9375
KAYSERİ,MELİKGAZİ,MİMARSİNAN MAHALLESİ,38.7675,35.5985,100.0,,,,145000.0,2019-12-25 17:56:00,Apartman/Mesken,6.0,2019.0,,1450.0
KAYSERİ,KOCASİNAN,ERKİLET MAHALLESİ,38.782,35.46,130.0,,,,195000.0,2019-12-25 09:43:00,Apartman/Mesken,10.0,2019.0,,1500.0
KAYSERİ,TALAS,TALAS  MAHALLESİ,38.6794,35.5473,411.0,,,,1400000.0,2020-01-13 11:47:00,Apartman/Mesken,,2020.0,,3406.3260340632605
KAYSERİ,TALAS,TALAS MAHALLESİ,38.699,35.5569,132.0,,,,240000.0,2019-12-26 09:00:00,Apartman/Mesken,1.0,2019.0,,1818.1818181818182
KAYSERİ,MELİKGAZİ,ÇAY MAHALLESİ,38.6877,35.5241,454.0,,,,1400000.0,2019-12-25 11:52:00,Villa,1.0,2019.0,,3083.7004405286343
KAYSERİ,KOCASİNAN,ZİYA GÖKALP MAHALLESİ,38.740793,35.438399,94.0,1991.0,1.0,3.0,145000.0,2019-12-24 16:41:00,Apartman/Mesken,1.0,2019.0,28.0,1542.5531914893618
KAYSERİ,TALAS,TALAS MAHALLESİ,38.7057,35.5624,110.0,,,,170000.0,2019-12-26 12:25:00,Apartman/Mesken,3.0,2019.0,,1545.4545454545455
KAYSERİ,MELİKGAZİ,BATTALGAZİ MAHALLESİ,38.71,35.4746,118.0,,,,240000.0,2020-01-13 11:37:00,Apartman/Mesken,14.0,2020.0,,2033.8983050847457
KAYSERİ,MELİKGAZİ,GÜLÜK MAHALLESİ,38.7205,35.4783,235.0,,,,540000.0,2019-12-27 13:11:00,Apartman/Mesken,14.0,2019.0,,2297.872340425532
KAYSERİ,TALAS,HARMAN MAHALLESİ,38.685618,35.546876,145.0,,,,380000.0,2020-01-15 16:51:00,Apartman/Mesken,6.0,2020.0,,2620.689655172414
KAYSERİ,TALAS,TALAS MAHALLESİ,38.703157,35.564999,105.0,,,,180000.0,2019-12-27 09:00:00,Apartman/Mesken,2.0,2019.0,,1714.2857142857142
KAYSERİ,TALAS,TALAS MAHALLESİ,38.701566,35.557615,132.0,,,,305000.0,2019-12-27 09:00:00,Apartman/Mesken,8.0,2019.0,,2310.6060606060605
KAYSERİ,MELİKGAZİ,KONAKLAR MAHALLESİ,38.7215,35.5591,167.0,2012.0,1.0,2.0,500000.0,2020-01-15 16:50:00,Apartman/Mesken,8.0,2020.0,8.0,2994.011976047904
KAYSERİ,TALAS,TALAS MAHALLESİ,38.7049,35.5699,125.0,,,,200000.0,2020-01-15 16:50:00,Apartman/Mesken,13.0,2020.0,,1600.0
KAYSERİ,İNCESU,ÖRENŞEHİR  MAHALLESİ,38.7003,35.221,171.0,,,,245000.0,2019-12-27 18:06:00,Apartman/Mesken,,2019.0,,1432.748538011696
KAYSERİ,MELİKGAZİ,YENİ MAHALLE MAHALLESİ,38.714196,35.538786,115.0,2011.0,1.0,2.0,275000.0,2019-12-29 13:36:00,Apartman/Mesken,7.0,2019.0,8.0,2391.304347826087
KAYSERİ,MELİKGAZİ,MİMARSİNAN MAHALLESİ,38.72861,35.585896,130.0,2016.0,1.0,3.0,250000.0,2019-12-27 14:27:00,Apartman/Mesken,10.0,2019.0,3.0,1923.076923076923
KAYSERİ,TALAS,TALAS MAHALLESİ,38.6999,35.5657,120.0,,,,220000.0,2020-01-13 11:38:00,Apartman/Mesken,9.0,2020.0,,1833.3333333333333
KAYSERİ,MELİKGAZİ,1. ESKİŞEHİR MAHALLESİ,38.6971,35.4885,121.0,,,,240000.0,2020-01-15 16:50:00,Apartman/Mesken,0.0,2020.0,,1983.4710743801652
KAYSERİ,TALAS,TALAS MAHALLESİ,38.7104,35.568,112.0,,,,230000.0,2019-12-27 18:11:00,Apartman/Mesken,4.0,2019.0,,2053.5714285714284
KAYSERİ,KOCASİNAN,ERKİLET MAHALLESİ,38.7857,35.4511,137.0,,,,250000.0,2020-01-13 10:18:00,Apartman/Mesken,2.0,2020.0,,1824.8175182481752
KAYSERİ,MELİKGAZİ,KEYKUBAT MAHALLESİ,38.748042,35.395894,100.0,1995.0,1.0,3.0,165000.0,2019-12-30 10:48:00,Apartman/Mesken,1.0,2019.0,24.0,1650.0
KAYSERİ,KOCASİNAN,ERKİLET MAHALLESİ,38.8051,35.4506,166.0,,,,250000.0,2019-12-31 15:28:00,Apartman/Mesken,9.0,2019.0,,1506.0240963855422
KAYSERİ,MELİKGAZİ,GÜLÜK MAHALLESİ,38.7199,35.4781,133.0,,,,300000.0,2020-01-13 11:51:00,Apartman/Mesken,13.0,2020.0,,2255.6390977443607
KAYSERİ,MELİKGAZİ,MİMARSİNAN MAHALLESİ,38.7636,35.5733,108.0,,,,150000.0,2020-01-13 11:37:00,Apartman/Mesken,2.0,2020.0,,1388.888888888889
KAYSERİ,KOCASİNAN,ERKİLET MAHALLESİ,38.788562,35.451732,111.0,,,,240000.0,2020-01-15 16:47:00,Apartman/Mesken,4.0,2020.0,,2162.162162162162
KAYSERİ,MELİKGAZİ,DEMİRCİYAZISI MAHALLESİ,38.7169,35.4545,110.0,,,,130000.0,2020-01-13 11:36:00,Apartman/Mesken,1.0,2020.0,,1181.8181818181818
KAYSERİ,MELİKGAZİ,YILDIRIM BEYAZIT MAHALLESİ,38.7314,35.5347,377.0,,,,1270000.0,2020-01-13 11:46:00,Apartman/Mesken,14.0,2020.0,,3368.7002652519895
KAYSERİ,TALAS,HARMAN MAHALLESİ,38.688687,35.548844,150.0,,,,360000.0,2020-01-02 15:47:00,Apartman/Mesken,6.0,2020.0,,2400.0
KAYSERİ,KOCASİNAN,ERKİLET MAHALLESİ,38.785309,35.448557,116.0,,,,265000.0,2020-01-03 09:00:00,Apartman/Mesken,8.0,2020.0,,2284.4827586206898
KAYSERİ,KOCASİNAN,PERVANE MAHALLESİ,38.73711,35.495487,192.0,,,,515000.0,2020-01-13 11:37:00,Apartman/Mesken,12.0,2020.0,,2682.2916666666665
KAYSERİ,KOCASİNAN,MİTHATPAŞA MAHALLESİ,38.7501,35.4632,135.0,,,,235000.0,2020-01-03 18:24:00,Apartman/Mesken,4.0,2020.0,,1740.7407407407406
KAYSERİ,KOCASİNAN,CENGİZTOPEL MAHALLESİ,38.7471,35.5231,90.0,,,,160000.0,2020-01-08 10:07:00,Apartman/Mesken,2.0,2020.0,,1777.7777777777778
KAYSERİ,DEVELİ,REŞADİYE MAHALLESİ,38.3831,35.4842,146.0,,,,180000.0,2020-01-08 13:06:00,Apartman/Mesken,3.0,2020.0,,1232.876712328767
KAYSERİ,TALAS,TALAS MAHALLESİ,38.7053,35.5685,115.0,,,,200000.0,2020-01-08 10:07:00,Apartman/Mesken,5.0,2020.0,,1739.1304347826087
KAYSERİ,TALAS,TALAS MAHALLESİ,38.7172,35.5566,147.0,,,,235000.0,2020-01-13 11:36:00,Apartman/Mesken,5.0,2020.0,,1598.639455782313
KAYSERİ,DEVELİ,HARMAN MAHALLESİ,38.3991,35.4938,98.0,,,,150000.0,2020-01-08 14:24:00,Apartman/Mesken,0.0,2020.0,,1530.6122448979593
KAYSERİ,MELİKGAZİ,YILDIRIM BEYAZIT MAHALLESİ,38.7255,35.5234,213.0,,,,680000.0,2020-01-13 11:35:00,Apartman/Mesken,5.0,2020.0,,3192.4882629107983
KAYSERİ,KOCASİNAN,SEYRANİ MAHALLESİ,38.7487,35.4765,135.0,2015.0,1.0,2.0,305000.0,2020-01-07 21:38:00,Apartman/Mesken,10.0,2020.0,5.0,2259.259259259259
KAYSERİ,YAHYALI,SEYDİLİ MAHALLESİ,38.1034,35.3581,120.0,,,,200000.0,2020-01-09 21:41:00,Apartman/Mesken,1.0,2020.0,,1666.6666666666667
KAYSERİ,KOCASİNAN,SÜMER MAHALLESİ,38.7368,35.4613,130.0,,,,175000.0,2020-01-13 11:34:00,Apartman/Mesken,3.0,2020.0,,1346.1538461538462
KAYSERİ,KOCASİNAN,ERKİLET MEHMET AKİF ERSOY  MAHALLESİ,38.7973,35.4505,104.0,,,,130000.0,2020-01-13 11:34:00,Apartman/Mesken,0.0,2020.0,,1250.0
KAYSERİ,MELİKGAZİ,KANLIYURT MAHALLESİ,38.7393,35.4156,153.0,,,,180000.0,2020-01-13 11:34:00,Apartman/Mesken,3.0,2020.0,,1176.4705882352941
KAYSERİ,KOCASİNAN,ZİYA GÖKALP MAHALLESİ,38.741787,35.436792,91.0,1993.0,1.0,3.0,170000.0,2020-01-08 09:41:00,Apartman/Mesken,3.0,2020.0,27.0,1868.131868131868
KAYSERİ,MELİKGAZİ,2. ESKİŞEHİR  MAHALLESİ,38.6775,35.5012,408.0,,,,1470000.0,2020-01-13 10:50:00,Villa,,2020.0,,3602.9411764705883
KAYSERİ,MELİKGAZİ,KONAKLAR MAHALLESİ,38.739285,35.570533,125.0,2019.0,1.0,2.0,260000.0,2020-01-09 17:29:00,Apartman/Mesken,4.0,2020.0,1.0,2080.0
KAYSERİ,MELİKGAZİ,MİMARSİNAN MAHALLESİ,38.738775,35.581365,135.0,2019.0,1.0,2.0,7995000.0,2020-04-22 17:00:00,Apartman/Mesken,5.0,2020.0,1.0,59222.22222222222
KAYSERİ,KOCASİNAN,PERVANE  MAHALLESİ,38.7528,35.4946,138.0,,,,180000.0,2020-01-13 11:33:00,Apartman/Mesken,3.0,2020.0,,1304.3478260869565
KAYSERİ,BÜNYAN,SAĞLIK MAHALLESİ,38.8503,35.8701,103.0,,,,100000.0,2020-01-14 16:22:00,Apartman/Mesken,1.0,2020.0,,970.8737864077669
KAYSERİ,KOCASİNAN,CENGİZTOPEL MAHALLESİ,38.748502,35.522918,72.0,2020.0,1.0,2.0,115000.0,2020-01-10 08:56:00,Apartman/Mesken,1.0,2020.0,0.0,1597.2222222222222
KAYSERİ,MELİKGAZİ,ANBAR MAHALLESİ,38.732,35.3789,116.0,,,,190000.0,2020-01-13 13:00:00,Apartman/Mesken,12.0,2020.0,,1637.9310344827586
KAYSERİ,TALAS,TALAS  MAHALLESİ,38.7084,35.5727,112.0,,,,210000.0,2020-01-10 16:02:00,Apartman/Mesken,5.0,2020.0,,1875.0
KAYSERİ,KOCASİNAN,AHİEVRAN MAHALLESİ,38.7668,35.5696,112.0,2018.0,1.0,2.0,200000.0,2020-01-10 15:32:00,Apartman/Mesken,3.0,2020.0,2.0,1785.7142857142858
KAYSERİ,MELİKGAZİ,MİMARSİNAN MAHALLESİ,38.7677,35.5857,128.0,2018.0,1.0,1.0,245000.0,2020-01-13 12:19:00,Apartman/Mesken,13.0,2020.0,2.0,1914.0625
KAYSERİ,MELİKGAZİ,MİMARSİNAN MAHALLESİ,38.734661,35.576326,146.0,,,,180000.0,2020-01-14 09:40:00,Apartman/Mesken,1.0,2020.0,,1232.876712328767
KAYSERİ,DEVELİ,HARMAN MAHALLESİ,38.3999,35.4925,119.0,,,,175000.0,2020-01-15 09:18:00,Apartman/Mesken,0.0,2020.0,,1470.5882352941176
KAYSERİ,MELİKGAZİ,MELİKGAZİ MAHALLESİ,38.7305,35.524,284.0,,,,630000.0,2020-01-14 11:49:00,Apartman/Mesken,12.0,2020.0,,2218.3098591549297
KAYSERİ,TALAS,TALAS MAHALLESİ,38.7123,35.5618,50.0,,,,125000.0,2020-01-15 14:00:00,Apartman/Mesken,8.0,2020.0,,2500.0
KAYSERİ,KOCASİNAN,YENİDOĞAN MAHALLESİ,38.7509,35.4358,97.0,,,,125000.0,2020-01-17 11:23:00,Apartman/Mesken,0.0,2020.0,,1288.659793814433
KAYSERİ,YEŞİLHİSAR,HACIBEKTAŞ MAHALLESİ,38.357285,35.087539,122.0,2019.0,1.0,2.0,175000.0,2020-01-16 11:34:00,Apartman/Mesken,0.0,2020.0,1.0,1434.4262295081967
KAYSERİ,MELİKGAZİ,KEYKUBAT MAHALLESİ,38.7403,35.388,86.0,,,,165000.0,2020-01-20 14:22:00,Apartman/Mesken,5.0,2020.0,,1918.6046511627908
KAYSERİ,MELİKGAZİ,ERENKÖY MAHALLESİ,38.6913,35.5141,505.0,,,,2200000.0,2020-01-20 15:27:00,Apartman/Mesken,1.0,2020.0,,4356.435643564357
KAYSERİ,KOCASİNAN,PERVANE MAHALLESİ,38.7431,35.5047,157.0,,,,475000.0,2020-01-20 15:27:00,Apartman/Mesken,6.0,2020.0,,3025.477707006369
KAYSERİ,KOCASİNAN,YEŞİLMAHALLE MAHALLESİ,38.7536,35.4728,114.0,,,,210000.0,2020-01-20 14:23:00,Apartman/Mesken,8.0,2020.0,,1842.1052631578948
KAYSERİ,MELİKGAZİ,ÇAY MAHALLESİ,38.6897,35.5299,340.0,,,,1120000.0,2020-01-21 14:47:00,Villa,0.0,2020.0,,3294.1176470588234
KAYSERİ,MELİKGAZİ,ALTINOLUK MAHALLESİ,38.7008,35.4495,148.0,,,,330000.0,2020-01-24 11:52:00,Apartman/Mesken,6.0,2020.0,,2229.7297297297296
KAYSERİ,MELİKGAZİ,KONAKLAR MAHALLESİ,38.751,35.5575,125.0,2017.0,1.0,2.0,210000.0,2020-01-21 13:56:00,Apartman/Mesken,4.0,2020.0,3.0,1680.0
KAYSERİ,KOCASİNAN,KAVAKYAZISI MAHALLESİ,38.7361,35.5192,144.0,,,,275000.0,2020-01-21 16:57:00,Apartman/Mesken,1.0,2020.0,,1909.7222222222222
KAYSERİ,MELİKGAZİ,YILDIRIM BEYAZIT MAHALLESİ,38.7289,35.5404,167.0,2018.0,1.0,1.0,750000.0,2020-01-21 18:00:00,Apartman/Mesken,6.0,2020.0,2.0,4491.017964071856
KAYSERİ,TALAS,TALAS MAHALLESİ,38.7077,35.5672,115.0,,,,180000.0,2020-01-23 11:30:00,Apartman/Mesken,2.0,2020.0,,1565.2173913043478
KAYSERİ,KOCASİNAN,KÖTÜGÖLLER MAHALLESİ,38.7538,35.4898,125.0,,,,640000.0,2020-01-23 15:21:00,Apartman/Mesken,11.0,2020.0,,5120.0
KAYSERİ,KOCASİNAN,PERVANE MAHALLESİ,38.7478,35.4966,127.0,2016.0,1.0,2.0,345000.0,2020-01-22 11:11:00,Apartman/Mesken,7.0,2020.0,4.0,2716.535433070866
KAYSERİ,MELİKGAZİ,KEYKUBAT MAHALLESİ,38.7412,35.3882,86.0,1995.0,1.0,3.0,160000.0,2020-01-23 11:03:00,Apartman/Mesken,6.0,2020.0,25.0,1860.4651162790697
KAYSERİ,KOCASİNAN,KAVAKYAZISI MAHALLESİ,38.7325,35.5074,55.0,,,,65000.0,2020-01-24 10:32:00,Apartman/Mesken,-1.0,2020.0,,1181.8181818181818
KAYSERİ,MELİKGAZİ,KEYKUBAT MAHALLESİ,38.7441,35.3959,80.0,,,,150000.0,2020-01-27 20:28:00,Apartman/Mesken,7.0,2020.0,,1875.0
KAYSERİ,TALAS,HARMAN MAHALLESİ,38.6876,35.546,130.0,,,,310000.0,2020-01-27 16:48:00,Apartman/Mesken,11.0,2020.0,,2384.6153846153848
KAYSERİ,MELİKGAZİ,KÜÇÜKALİ MAHALLESİ,38.7119,35.4725,96.0,2017.0,1.0,2.0,205000.0,2020-01-23 12:55:00,Apartman/Mesken,6.0,2020.0,3.0,2135.4166666666665
KAYSERİ,MELİKGAZİ,1. ESKİŞEHİR MAHALLESİ,38.7011,35.4857,91.0,,,,170000.0,2020-01-27 16:48:00,Apartman/Mesken,6.0,2020.0,,1868.131868131868
KAYSERİ,KOCASİNAN,YENİDOĞAN MAHALLESİ,38.7428,35.4322,137.0,,,,300000.0,2020-01-29 11:46:00,Apartman/Mesken,4.0,2020.0,,2189.78102189781
KAYSERİ,MELİKGAZİ,ANBAR MAHALLESİ,38.7487,35.3774,90.0,2017.0,1.0,2.0,170000.0,2020-01-24 11:21:00,Apartman/Mesken,2.0,2020.0,3.0,1888.888888888889
KAYSERİ,MELİKGAZİ,GESİ MAHALLESİ,38.7883,35.6045,138.0,,,,265000.0,2020-01-28 10:27:00,Apartman/Mesken,4.0,2020.0,,1920.2898550724638
KAYSERİ,KOCASİNAN,BEYAZŞEHİR MAHALLESİ,38.7802,35.5807,122.0,,,,190000.0,2020-01-29 11:45:00,Apartman/Mesken,5.0,2020.0,,1557.377049180328
KAYSERİ,MELİKGAZİ,KEYKUBAT MAHALLESİ,38.7444,35.3961,80.0,,,,150000.0,2020-01-29 12:14:00,Apartman/Mesken,7.0,2020.0,,1875.0
KAYSERİ,TALAS,TALAS MAHALLESİ,38.709382,35.571026,46.0,,,,130000.0,2020-01-27 17:04:00,Apartman/Mesken,12.0,2020.0,,2826.086956521739
KAYSERİ,KOCASİNAN,PERVANE MAHALLESİ,38.7455,35.4986,130.0,,,,355000.0,2020-02-04 09:36:00,Apartman/Mesken,1.0,2020.0,,2730.769230769231
KAYSERİ,KOCASİNAN,ERKİLET MAHALLESİ,38.7896,35.4549,143.0,,,,260000.0,2020-02-04 09:49:00,Apartman/Mesken,8.0,2020.0,,1818.1818181818182
KAYSERİ,MELİKGAZİ,KEYKUBAT MAHALLESİ,38.738,35.4171,129.0,2020.0,1.0,2.0,360000.0,2020-04-27 10:36:00,Apartman/Mesken,2.0,2020.0,0.0,2790.6976744186045
KAYSERİ,MELİKGAZİ,GESİ MAHALLESİ,38.7848,35.5973,130.0,,,,210000.0,2020-01-31 16:08:00,Apartman/Mesken,4.0,2020.0,,1615.3846153846155
KAYSERİ,MELİKGAZİ,MİMARSİNAN MAHALLESİ,38.7682,35.5873,124.0,2020.0,1.0,1.0,210000.0,2020-01-31 12:31:00,Apartman/Mesken,11.0,2020.0,0.0,1693.5483870967741
KAYSERİ,KOCASİNAN,YENİDOĞAN MAHALLESİ,38.749364,35.446143,115.0,2019.0,1.0,2.0,270000.0,2020-02-04 11:04:00,Apartman/Mesken,11.0,2020.0,1.0,2347.8260869565215
KAYSERİ,TALAS,TALAS MAHALLESİ,38.6734,35.5592,239.0,,,,900000.0,2020-02-04 09:36:00,Apartman/Mesken,-1.0,2020.0,,3765.6903765690377
KAYSERİ,MELİKGAZİ,BAHÇELİEVLER MAHALLESİ,38.7699,35.598,123.0,2020.0,1.0,1.0,220000.0,2020-02-05 10:40:00,Apartman/Mesken,10.0,2020.0,0.0,1788.6178861788617
KAYSERİ,MELİKGAZİ,HÜRRİYET MAHALLESİ,38.7161,35.4666,130.0,,,,250000.0,2020-02-06 13:04:00,Apartman/Mesken,4.0,2020.0,,1923.076923076923
KAYSERİ,KOCASİNAN,ERKİLET MAHALLESİ,38.7818,35.4523,87.0,,,,110000.0,2020-02-08 23:33:00,Apartman/Mesken,-1.0,2020.0,,1264.367816091954
KAYSERİ,KOCASİNAN,ERKİLET MAHALLESİ,38.789574,35.454983,143.0,,,,504000.0,2020-02-07 09:42:00,Apartman/Mesken,9.0,2020.0,,3524.4755244755243
KAYSERİ,TALAS,TALAS MAHALLESİ,38.7117,35.5655,143.0,,,,280000.0,2020-02-07 13:51:00,Apartman/Mesken,4.0,2020.0,,1958.041958041958
KAYSERİ,MELİKGAZİ,GESİ MAHALLESİ,38.7876,35.6253,140.0,2020.0,1.0,2.0,240000.0,2020-02-05 16:11:00,Apartman/Mesken,7.0,2020.0,0.0,1714.2857142857142
KAYSERİ,KOCASİNAN,KARPUZATAN DÜZ MAHALLESİ,38.7537,35.4665,136.0,2002.0,1.0,3.0,190000.0,2020-02-05 17:17:00,Apartman/Mesken,1.0,2020.0,18.0,1397.0588235294117
KAYSERİ,MELİKGAZİ,KONAKLAR MAHALLESİ,38.7446,35.5563,117.0,,,,220000.0,2020-02-08 23:32:00,Apartman/Mesken,5.0,2020.0,,1880.3418803418804
KAYSERİ,MELİKGAZİ,YILDIRIM BEYAZIT  MAHALLESİ,38.7249,35.5392,148.0,,,,845000.0,2020-02-05 10:54:00,Apartman/Mesken,,2020.0,,5709.459459459459
KAYSERİ,MELİKGAZİ,KAZIM KARABEKİR MAHALLESİ,38.7263,35.4445,94.0,2020.0,1.0,2.0,210000.0,2020-02-06 17:58:00,Apartman/Mesken,11.0,2020.0,0.0,2234.0425531914893
KAYSERİ,KOCASİNAN,ERKİLET MAHALLESİ,38.7916,35.458,135.0,,,,225000.0,2020-03-10 09:34:00,Apartman/Mesken,4.0,2020.0,,1666.6666666666667
KAYSERİ,MELİKGAZİ,3. ESKİŞEHİR  MAHALLESİ,38.6945,35.4731,426.0,,,,275000.0,2020-02-11 12:36:00,Apartman/Mesken,,2020.0,,645.5399061032864
KAYSERİ,MELİKGAZİ,DEMİRCİYAZISI MAHALLESİ,38.6964,35.439,110.0,,,,210000.0,2020-03-10 09:34:00,Apartman/Mesken,9.0,2020.0,,1909.090909090909
KAYSERİ,MELİKGAZİ,1. ESKİŞEHİR MAHALLESİ,38.7111,35.479,148.0,2018.0,1.0,2.0,350000.0,2020-04-27 10:54:00,Apartman/Mesken,4.0,2020.0,2.0,2364.864864864865
KAYSERİ,MELİKGAZİ,GESİ MAHALLESİ,38.7852,35.6098,130.0,2010.0,1.0,2.0,230000.0,2020-02-11 10:47:00,Apartman/Mesken,7.0,2020.0,10.0,1769.2307692307693
KAYSERİ,TALAS,TALAS MAHALLESİ,38.7077,35.5612,115.0,,,,185000.0,2020-02-12 13:08:00,Apartman/Mesken,12.0,2020.0,,1608.695652173913
KAYSERİ,MELİKGAZİ,AKKAYA MAHALLESİ,38.6976,35.434,132.0,2018.0,1.0,1.0,565000.0,2020-02-12 17:11:00,Apartman/Mesken,,2020.0,2.0,4280.30303030303
KAYSERİ,MELİKGAZİ,GESİ MAHALLESİ,38.782156,35.607894,135.0,,,,280000.0,2020-02-11 15:32:00,Apartman/Mesken,3.0,2020.0,,2074.074074074074
KAYSERİ,MELİKGAZİ,İBRAHİM TENNURİ  MAHALLESİ,38.631,35.5171,884.11,,,,195000.0,2020-02-16 20:01:00,Apartman/Mesken,,2020.0,,220.5607899469523
KAYSERİ,MELİKGAZİ,DEMİRCİYAZISI MAHALLESİ,38.7012,35.4441,128.0,,,,225000.0,2020-02-17 09:51:00,Apartman/Mesken,,2020.0,,1757.8125
KAYSERİ,MELİKGAZİ,MELİKGAZİ MAHALLESİ,38.7268,35.5198,198.0,2000.0,1.0,2.0,600000.0,2020-04-27 11:07:00,Apartman/Mesken,3.0,2020.0,20.0,3030.3030303030305
KAYSERİ,KOCASİNAN,ERKİLET MAHALLESİ,38.7911,35.4579,125.0,2020.0,1.0,1.0,215000.0,2020-02-13 12:49:00,Apartman/Mesken,4.0,2020.0,0.0,1720.0
KAYSERİ,MELİKGAZİ,KEYKUBAT MAHALLESİ,38.741211,35.407481,101.0,,,,230000.0,2020-02-17 09:51:00,Apartman/Mesken,6.0,2020.0,,2277.227722772277
KAYSERİ,MELİKGAZİ,DANİŞMENTGAZİ  MAHALLESİ,38.6778,35.4778,425.0,,,,200000.0,2020-02-13 17:58:00,Apartman/Mesken,,2020.0,,470.5882352941176
KAYSERİ,MELİKGAZİ,GESİ MAHALLESİ,38.7891,35.6092,127.0,,,,210000.0,2020-02-13 17:31:00,Apartman/Mesken,10.0,2020.0,,1653.5433070866143
KAYSERİ,MELİKGAZİ,KANLIYURT MAHALLESİ,38.7329,35.4377,91.0,1992.0,1.0,3.0,150000.0,2020-02-13 15:35:00,Apartman/Mesken,2.0,2020.0,28.0,1648.3516483516485
KAYSERİ,MELİKGAZİ,GESİ MAHALLESİ,38.7887,35.6192,100.0,2003.0,1.0,3.0,170000.0,2020-02-14 11:47:00,Apartman/Mesken,8.0,2020.0,17.0,1700.0
KAYSERİ,MELİKGAZİ,KIRANARDI  MAHALLESİ,38.6221,35.5348,150.0,,,,350000.0,2020-02-18 10:51:00,Apartman/Mesken,,2020.0,,2333.3333333333335
KAYSERİ,KOCASİNAN,BEYAZŞEHİR MAHALLESİ,38.7809,35.5811,114.0,,,,185000.0,2020-02-20 12:38:00,Apartman/Mesken,10.0,2020.0,,1622.8070175438597
KAYSERİ,KOCASİNAN,ERKİLET MAHALLESİ,38.7866,35.4579,142.0,,,,220000.0,2020-02-20 12:38:00,Apartman/Mesken,2.0,2020.0,,1549.2957746478874
KAYSERİ,KOCASİNAN,CIRKALAN  MAHALLESİ,38.7793,35.5559,555.0,,,,950000.0,2020-02-21 12:52:00,Apartman/Mesken,,2020.0,,1711.7117117117118
KAYSERİ,MELİKGAZİ,MİMARSİNAN MAHALLESİ,38.7313,35.5793,133.0,,,,200000.0,2020-02-20 20:32:00,Apartman/Mesken,8.0,2020.0,,1503.7593984962407
KAYSERİ,MELİKGAZİ,GESİ MAHALLESİ,38.7849,35.6191,138.0,2013.0,1.0,1.0,250000.0,2020-02-21 09:43:00,Apartman/Mesken,9.0,2020.0,7.0,1811.5942028985507
KAYSERİ,TALAS,TALAS  MAHALLESİ,38.6792,35.5484,343.0,1997.0,1.0,3.0,765000.0,2020-02-26 10:31:00,Apartman/Mesken,,2020.0,23.0,2230.320699708455
KAYSERİ,MELİKGAZİ,MİMARSİNAN  MAHALLESİ,38.761142,35.603717,122.0,,,,140000.0,2020-02-20 11:13:00,Apartman/Mesken,0.0,2020.0,,1147.5409836065573
KAYSERİ,MELİKGAZİ,GÜLTEPE MAHALLESİ,38.7205,35.5184,171.0,,,,540000.0,2020-02-25 11:36:00,Apartman/Mesken,11.0,2020.0,,3157.8947368421054
KAYSERİ,MELİKGAZİ,AYDINLIKEVLER MAHALLESİ,38.7197,35.4728,79.0,1968.0,1.0,3.0,120000.0,2020-02-21 09:44:00,Apartman/Mesken,0.0,2020.0,52.0,1518.987341772152
KAYSERİ,MELİKGAZİ,GESİ MAHALLESİ,38.7874,35.6254,140.0,2013.0,1.0,2.0,235000.0,2020-02-21 17:22:00,Apartman/Mesken,11.0,2020.0,7.0,1678.5714285714287
KAYSERİ,KOCASİNAN,SÜMER MAHALLESİ,38.7467,35.4557,128.0,,,,175000.0,2020-02-25 11:36:00,Apartman/Mesken,3.0,2020.0,,1367.1875
KAYSERİ,KOCASİNAN,KARPUZATAN DÜZ MAHALLESİ,38.759,35.4607,120.0,,,,260000.0,2020-02-26 09:20:00,Apartman/Mesken,1.0,2020.0,,2166.6666666666665
KAYSERİ,MELİKGAZİ,MİMARSİNAN MAHALLESİ,38.7651,35.6008,122.0,2007.0,1.0,3.0,160000.0,2020-02-27 10:39:00,Apartman/Mesken,4.0,2020.0,13.0,1311.4754098360656
KAYSERİ,MELİKGAZİ,DEMİRCİYAZISI MAHALLESİ,38.717,35.4506,175.0,2019.0,2.0,2.0,390000.0,2020-02-25 12:27:00,Apartman/Mesken,2.0,2020.0,1.0,2228.5714285714284
KAYSERİ,MELİKGAZİ,MİMARSİNAN MAHALLESİ,38.7617,35.6025,124.0,,,,150000.0,2020-02-28 11:58:00,Apartman/Mesken,0.0,2020.0,,1209.6774193548388
KAYSERİ,MELİKGAZİ,ALPASLAN MAHALLESİ,38.7281,35.5151,219.0,,,,700000.0,2020-02-28 11:58:00,Apartman/Mesken,13.0,2020.0,,3196.3470319634703
KAYSERİ,MELİKGAZİ,YEŞİLYURT MAHALLESİ,38.795,35.6111,55.0,2020.0,1.0,1.0,230000.0,2020-02-25 17:35:00,Apartman/Mesken,0.0,2020.0,0.0,4181.818181818182
KAYSERİ,MELİKGAZİ,TONTAR MAHALLESİ,38.7078,35.4932,122.0,,,,340000.0,2020-02-28 11:58:00,Apartman/Mesken,7.0,2020.0,,2786.8852459016393
KAYSERİ,MELİKGAZİ,HUNAT MAHALLESİ,38.7204,35.4971,52.0,1965.0,1.0,3.0,355000.0,2020-02-28 10:59:00,Apartman/Mesken,0.0,2020.0,55.0,6826.923076923077
KAYSERİ,MELİKGAZİ,BAHÇELİEVLER MAHALLESİ,38.7715,35.6015,116.0,,,,190000.0,2020-03-03 09:44:00,Apartman/Mesken,11.0,2020.0,,1637.9310344827586
KAYSERİ,KOCASİNAN,KÖTÜGÖLLER MAHALLESİ,38.7528,35.4873,136.0,,,,290000.0,2020-03-05 09:53:00,Apartman/Mesken,4.0,2020.0,,2132.3529411764707
KAYSERİ,MELİKGAZİ,MİMARSİNAN MAHALLESİ,38.7686,35.5844,125.0,,,,250000.0,2020-03-05 09:53:00,Apartman/Mesken,4.0,2020.0,,2000.0
KAYSERİ,KOCASİNAN,ERKİLET MAHALLESİ,38.7853,35.4512,156.0,,,,340000.0,2020-03-05 15:13:00,Apartman/Mesken,7.0,2020.0,,2179.4871794871797
KAYSERİ,TALAS,TALAS MAHALLESİ,38.7033,35.5492,73.0,2010.0,1.0,2.0,200000.0,2020-03-06 13:30:00,Apartman/Mesken,4.0,2020.0,10.0,2739.72602739726
KAYSERİ,KOCASİNAN,KÖTÜGÖLLER MAHALLESİ,38.7541,35.4899,120.0,,,,1140000.0,2020-03-05 15:46:00,Apartman/Mesken,8.0,2020.0,,9500.0
KAYSERİ,KOCASİNAN,KÖTÜGÖLLER MAHALLESİ,38.7572,35.4836,140.0,,,,300000.0,2020-03-05 16:39:00,Apartman/Mesken,7.0,2020.0,,2142.8571428571427
KAYSERİ,MELİKGAZİ,GESİ MAHALLESİ,38.7853,35.6105,130.0,,,,240000.0,2020-04-27 14:38:00,Apartman/Mesken,3.0,2020.0,,1846.1538461538462
KAYSERİ,MELİKGAZİ,GESİ MAHALLESİ,38.7865,35.6083,130.0,,,,240000.0,2020-04-27 14:39:00,Apartman/Mesken,1.0,2020.0,,1846.1538461538462
KAYSERİ,KOCASİNAN,KÖTÜGÖLLER MAHALLESİ,38.7508,35.4845,147.0,,,,390000.0,2020-03-06 13:30:00,Apartman/Mesken,8.0,2020.0,,2653.061224489796
KAYSERİ,KOCASİNAN,KAVAKYAZISI MAHALLESİ,38.7331,35.5248,149.0,,,,405000.0,2020-03-10 10:49:00,Apartman/Mesken,5.0,2020.0,,2718.1208053691275
KAYSERİ,MELİKGAZİ,ALPASLAN MAHALLESİ,38.7253,35.509,180.0,,,,520000.0,2020-03-10 09:30:00,Apartman/Mesken,11.0,2020.0,,2888.8888888888887
KAYSERİ,KOCASİNAN,ÖRNEKEVLER MAHALLESİ,38.728021,35.483855,197.0,1986.0,1.0,3.0,350000.0,2020-03-07 12:29:00,Apartman/Mesken,2.0,2020.0,34.0,1776.6497461928934
KAYSERİ,MELİKGAZİ,HÜRRİYET MAHALLESİ,38.7127,35.4613,116.0,,,,160000.0,2020-04-27 14:42:00,Apartman/Mesken,4.0,2020.0,,1379.3103448275863
KAYSERİ,MELİKGAZİ,KILIÇASLAN MAHALLESİ,38.722,35.5075,204.0,,,,550000.0,2020-04-27 16:33:00,Apartman/Mesken,13.0,2020.0,,2696.078431372549
KAYSERİ,DEVELİ,YENİMAHALLE MAHALLESİ,38.4059,35.4905,147.0,2020.0,1.0,2.0,1830000.0,2020-03-09 18:14:00,Apartman/Mesken,1.0,2020.0,0.0,12448.979591836734
KAYSERİ,KOCASİNAN,YENİDOĞAN MAHALLESİ,38.7441,35.4315,135.0,,,,300000.0,2020-03-10 09:25:00,Apartman/Mesken,6.0,2020.0,,2222.222222222222
KAYSERİ,MELİKGAZİ,1. ESKİŞEHİR MAHALLESİ,38.6932,35.4902,127.0,,,,215000.0,2020-03-11 15:01:00,Apartman/Mesken,5.0,2020.0,,1692.9133858267717
KAYSERİ,MELİKGAZİ,1. ESKİŞEHİR MAHALLESİ,38.700099,35.488254,95.0,1998.0,1.0,3.0,170000.0,2020-03-09 09:41:00,Apartman/Mesken,1.0,2020.0,22.0,1789.4736842105262
KAYSERİ,KOCASİNAN,PERVANE MAHALLESİ,38.7414,35.5053,165.0,,,,560000.0,2020-03-12 10:58:00,Apartman/Mesken,6.0,2020.0,,3393.939393939394
KAYSERİ,MELİKGAZİ,DEMİRCİYAZISI MAHALLESİ,38.696764,35.441122,172.0,2012.0,1.0,1.0,485000.0,2020-03-10 16:38:00,Apartman/Mesken,4.0,2020.0,8.0,2819.767441860465
KAYSERİ,MELİKGAZİ,HUNAT MAHALLESİ,38.7181,35.4969,55.0,1988.0,1.0,3.0,100000.0,2020-03-11 16:57:00,Apartman/Mesken,0.0,2020.0,32.0,1818.1818181818182
KAYSERİ,TALAS,TALAS MAHALLESİ,38.7167,35.5602,85.0,2020.0,1.0,1.0,275000.0,2020-03-12 11:49:00,Apartman/Mesken,4.0,2020.0,0.0,3235.294117647059
KAYSERİ,TALAS,TALAS MAHALLESİ,38.7145,35.5623,139.0,,,,345000.0,2020-04-27 14:51:00,Apartman/Mesken,14.0,2020.0,,2482.0143884892086
KAYSERİ,KOCASİNAN,SÜMER MAHALLESİ,38.7316,35.4601,112.0,,,,235000.0,2020-03-14 21:36:00,Apartman/Mesken,3.0,2020.0,,2098.214285714286
KAYSERİ,MELİKGAZİ,YILDIRIM BEYAZIT MAHALLESİ,38.7292,35.5343,169.0,,,,700000.0,2020-03-14 21:36:00,Apartman/Mesken,6.0,2020.0,,4142.011834319526
KAYSERİ,MELİKGAZİ,DEMİRCİYAZISI MAHALLESİ,38.7268,35.4532,106.0,1990.0,1.0,3.0,160000.0,2020-03-13 11:49:00,Apartman/Mesken,4.0,2020.0,30.0,1509.433962264151
KAYSERİ,MELİKGAZİ,HİSARCIK  MAHALLESİ,38.6351,35.5119,428.0,,,,1215000.0,2020-03-14 21:36:00,Apartman/Mesken,,2020.0,,2838.785046728972
KAYSERİ,MELİKGAZİ,BAHÇELİEVLER MAHALLESİ,38.76873,35.597951,105.0,2014.0,1.0,2.0,180000.0,2020-03-16 11:00:00,Apartman/Mesken,3.0,2020.0,6.0,1714.2857142857142
KAYSERİ,MELİKGAZİ,KONAKLAR MAHALLESİ,38.7434,35.551,132.0,,,,350000.0,2020-03-18 13:35:00,Apartman/Mesken,5.0,2020.0,,2651.5151515151515
KAYSERİ,TALAS,TALAS MAHALLESİ,38.709365,35.571058,43.0,,,,130000.0,2020-03-17 09:52:00,Apartman/Mesken,12.0,2020.0,,3023.2558139534885
KAYSERİ,MELİKGAZİ,AĞIRNAS  MAHALLESİ,38.819,35.7176,520.0,1997.0,3.0,3.0,370000.0,2020-03-20 09:33:00,Apartman/Mesken,,2020.0,23.0,711.5384615384615
KAYSERİ,KOCASİNAN,PERVANE MAHALLESİ,38.7453,35.4948,145.0,,,,400000.0,2020-03-21 13:01:00,Apartman/Mesken,10.0,2020.0,,2758.6206896551726
KAYSERİ,MELİKGAZİ,MİMARSİNAN MAHALLESİ,38.768114,35.587257,125.0,2020.0,1.0,2.0,230000.0,2020-03-21 12:54:00,Apartman/Mesken,,2020.0,0.0,1840.0
KAYSERİ,MELİKGAZİ,MİMARSİNAN  MAHALLESİ,38.7658,35.6044,105.0,2013.0,1.0,2.0,170000.0,2020-03-19 15:09:00,Apartman/Mesken,,2020.0,7.0,1619.047619047619
KAYSERİ,TALAS,TALAS MAHALLESİ,38.7167,35.5602,85.0,,,,265000.0,2020-03-19 15:42:00,Apartman/Mesken,6.0,2020.0,,3117.6470588235293
KAYSERİ,TALAS,TALAS  MAHALLESİ,38.7062,35.5718,118.0,,,,240000.0,2020-03-24 10:51:00,Apartman/Mesken,5.0,2020.0,,2033.8983050847457
KAYSERİ,MELİKGAZİ,ESENTEPE MAHALLESİ,38.732075,35.428826,123.0,,,,210000.0,2020-03-24 10:51:00,Apartman/Mesken,,2020.0,,1707.3170731707316
KAYSERİ,MELİKGAZİ,ALTINOLUK  MAHALLESİ,38.6932,35.4312,150.0,2020.0,,2.0,1039000.0,2020-04-15 14:51:00,Villa,,2020.0,0.0,6926.666666666667
KAYSERİ,MELİKGAZİ,ALTINOLUK  MAHALLESİ,38.6875,35.4364,233.0,2020.0,,2.0,835000.0,2020-04-15 14:49:00,Apartman/Mesken,,2020.0,0.0,3583.6909871244634
KAYSERİ,MELİKGAZİ,KAZIM KARABEKİR MAHALLESİ,38.7149,35.4419,120.0,2019.0,1.0,1.0,245000.0,2020-03-21 12:34:00,Apartman/Mesken,9.0,2020.0,1.0,2041.6666666666667
KAYSERİ,MELİKGAZİ,DEMİRCİYAZISI MAHALLESİ,38.7267,35.4475,120.0,,,,230000.0,2020-03-24 10:51:00,Apartman/Mesken,3.0,2020.0,,1916.6666666666667
KAYSERİ,MELİKGAZİ,AĞIRNAS  MAHALLESİ,38.8192,35.7168,530.0,1997.0,3.0,3.0,450000.0,2020-03-20 11:30:00,Apartman/Mesken,,2020.0,23.0,849.0566037735849
KAYSERİ,MELİKGAZİ,KILIÇASLAN MAHALLESİ,38.7243,35.5026,158.0,,,,475000.0,2020-03-25 10:09:00,Apartman/Mesken,6.0,2020.0,,3006.3291139240505
KAYSERİ,KOCASİNAN,UĞUREVLER MAHALLESİ,38.7368,35.5314,130.0,2014.0,1.0,2.0,275000.0,2020-03-25 09:55:00,Apartman/Mesken,1.0,2020.0,6.0,2115.3846153846152
KAYSERİ,KOCASİNAN,MİTHATPAŞA MAHALLESİ,38.7555,35.465,113.0,,,,225000.0,2020-03-27 09:51:00,Apartman/Mesken,10.0,2020.0,,1991.1504424778761
KAYSERİ,MELİKGAZİ,KEYKUBAT  MAHALLESİ,38.7408,35.4197,106.0,1983.0,1.0,3.0,140000.0,2020-03-30 11:13:00,Apartman/Mesken,0.0,2020.0,37.0,1320.754716981132
KAYSERİ,KOCASİNAN,YAVUZSELİM MAHALLESİ,38.7576,35.5689,94.0,1994.0,1.0,3.0,125000.0,2020-03-27 16:29:00,Apartman/Mesken,2.0,2020.0,26.0,1329.787234042553
KAYSERİ,MELİKGAZİ,ANBAR MAHALLESİ,38.7518,35.3743,72.0,2020.0,1.0,1.0,165000.0,2020-04-01 11:56:00,Apartman/Mesken,8.0,2020.0,0.0,2291.6666666666665
KAYSERİ,MELİKGAZİ,KAZIM KARABEKİR MAHALLESİ,38.7213,35.4482,84.0,2019.0,1.0,2.0,210000.0,2020-04-06 09:46:00,Apartman/Mesken,9.0,2020.0,1.0,2500.0
KAYSERİ,MELİKGAZİ,MİMARSİNAN MAHALLESİ,38.7628,35.6025,122.0,2007.0,1.0,3.0,165000.0,2020-04-03 10:45:00,Apartman/Mesken,1.0,2020.0,13.0,1352.4590163934427
KAYSERİ,TALAS,TALAS MAHALLESİ,38.7109,35.5581,153.0,,,,360000.0,2020-04-07 09:21:00,Apartman/Mesken,14.0,2020.0,,2352.9411764705883
KAYSERİ,MELİKGAZİ,DEMİRCİYAZISI MAHALLESİ,38.7192,35.4607,150.0,2000.0,1.0,3.0,280000.0,2020-04-07 10:09:00,Apartman/Mesken,6.0,2020.0,20.0,1866.6666666666667
KAYSERİ,MELİKGAZİ,19 MAYIS MAHALLESİ,38.7433,35.3843,122.0,2020.0,1.0,1.0,310000.0,2020-04-08 10:43:00,Apartman/Mesken,1.0,2020.0,0.0,2540.9836065573772
KAYSERİ,TALAS,TALAS MAHALLESİ,38.699042,35.54974,144.0,,,,430000.0,2020-04-10 10:43:00,Apartman/Mesken,9.0,2020.0,,2986.1111111111113
KAYSERİ,KOCASİNAN,KAVAKYAZISI MAHALLESİ,38.7321,35.5213,215.0,2000.0,1.0,2.0,700000.0,2020-04-10 10:31:00,Apartman/Mesken,8.0,2020.0,20.0,3255.813953488372
KAYSERİ,MELİKGAZİ,KONAKLAR MAHALLESİ,38.7503,35.5642,115.0,,,,200000.0,2020-04-13 09:41:00,Apartman/Mesken,3.0,2020.0,,1739.1304347826087
KAYSERİ,KOCASİNAN,PERVANE MAHALLESİ,38.7453,35.5015,148.0,,,,490000.0,2020-04-15 13:37:00,Apartman/Mesken,8.0,2020.0,,3310.810810810811
KAYSERİ,MELİKGAZİ,YILDIRIM BEYAZIT MAHALLESİ,38.728911,35.535219,160.0,,,,600000.0,2020-04-16 11:46:00,Apartman/Mesken,1.0,2020.0,,3750.0
KAYSERİ,KOCASİNAN,KÖTÜGÖLLER MAHALLESİ,38.7518,35.4898,173.0,,,,490000.0,2020-04-16 11:46:00,Apartman/Mesken,10.0,2020.0,,2832.3699421965316
KAYSERİ,KOCASİNAN,KÖTÜGÖLLER MAHALLESİ,38.7518,35.4898,173.0,,,,490000.0,2020-04-16 11:46:00,Apartman/Mesken,6.0,2020.0,,2832.3699421965316
KAYSERİ,TALAS,TALAS MAHALLESİ,38.7167,35.5602,85.0,,,,275000.0,2020-04-16 09:20:00,Apartman/Mesken,7.0,2020.0,,3235.294117647059
KAYSERİ,MELİKGAZİ,MİMARSİNAN MAHALLESİ,38.7434,35.5743,138.0,2020.0,1.0,1.0,225000.0,2020-04-16 10:06:00,Apartman/Mesken,4.0,2020.0,0.0,1630.4347826086957
KAYSERİ,MELİKGAZİ,MİMARSİNAN MAHALLESİ,38.7382,35.5756,98.0,2005.0,1.0,3.0,155000.0,2020-04-16 10:05:00,Apartman/Mesken,14.0,2020.0,15.0,1581.6326530612246
KAYSERİ,KOCASİNAN,SÜMER MAHALLESİ,38.735142,35.463306,89.0,,,,150000.0,2020-04-16 11:46:00,Apartman/Mesken,1.0,2020.0,,1685.3932584269662
KAYSERİ,KOCASİNAN,ERKİLET MAHALLESİ,38.7857,35.4514,145.0,,,,280000.0,2020-04-17 09:38:00,Apartman/Mesken,5.0,2020.0,,1931.0344827586207
KAYSERİ,MELİKGAZİ,KÜÇÜKALİ MAHALLESİ,38.712,35.4719,137.0,,,,335000.0,2020-04-20 11:37:00,Apartman/Mesken,6.0,2020.0,,2445.2554744525546
KAYSERİ,MELİKGAZİ,KÜÇÜKALİ MAHALLESİ,38.7128,35.4725,115.0,,,,300000.0,2020-04-21 10:14:00,Apartman/Mesken,5.0,2020.0,,2608.695652173913
KAYSERİ,MELİKGAZİ,KEYKUBAT MAHALLESİ,38.7464,35.3932,131.0,,,,230000.0,2020-04-22 12:49:00,Apartman/Mesken,1.0,2020.0,,1755.7251908396947
KAYSERİ,MELİKGAZİ,GESİ  MAHALLESİ,38.7944,35.6348,232.0,,,,880000.0,2020-04-27 16:28:00,Apartman/Mesken,,2020.0,,3793.103448275862
KAYSERİ,KOCASİNAN,ERKİLET MAHALLESİ,38.7854,35.4515,138.0,,,,270000.0,2020-04-28 11:00:00,Apartman/Mesken,13.0,2020.0,,1956.5217391304348
KAYSERİ,DEVELİ,REŞADİYE MAHALLESİ,38.3774,35.4706,133.0,,,,300000.0,2020-04-27 10:19:00,Apartman/Mesken,0.0,2020.0,,2255.6390977443607
KAYSERİ,MELİKGAZİ,GESİ MAHALLESİ,38.7882,35.6083,129.0,,,,250000.0,2020-04-28 10:59:00,Apartman/Mesken,4.0,2020.0,,1937.984496124031
KAYSERİ,MELİKGAZİ,MİMARSİNAN MAHALLESİ,38.757,35.5884,133.0,,,,260000.0,2020-05-28 11:30:00,Apartman/Mesken,12.0,2020.0,,1954.8872180451128
KAYSERİ,MELİKGAZİ,YILDIRIM BEYAZIT MAHALLESİ,38.724672,35.53027,159.0,,,,500000.0,2020-04-28 11:42:00,Apartman/Mesken,4.0,2020.0,,3144.6540880503144
KAYSERİ,MELİKGAZİ,MİMARSİNAN MAHALLESİ,38.7236,35.5966,117.0,,,,165000.0,2020-04-28 09:59:00,Apartman/Mesken,2.0,2020.0,,1410.2564102564102
KAYSERİ,TALAS,TALAS MAHALLESİ,38.7145,35.5623,140.0,2017.0,1.0,2.0,350000.0,2020-04-28 14:02:00,Apartman/Mesken,2.0,2020.0,3.0,2500.0
KAYSERİ,MELİKGAZİ,DEMİRCİYAZISI MAHALLESİ,38.7022,35.4454,137.0,,,,220000.0,2020-05-04 09:51:00,Apartman/Mesken,10.0,2020.0,,1605.8394160583941
KAYSERİ,KOCASİNAN,KÖTÜGÖLLER MAHALLESİ,38.7541,35.4897,123.0,,,,300000.0,2020-05-04 14:21:00,Apartman/Mesken,7.0,2020.0,,2439.0243902439024
KAYSERİ,TALAS,TALAS MAHALLESİ,38.7056,35.5494,135.0,,,,290000.0,2020-04-30 13:06:00,Apartman/Mesken,0.0,2020.0,,2148.1481481481483
KAYSERİ,MELİKGAZİ,SAKARYA MAHALLESİ,38.7374,35.4024,117.0,,,,275000.0,2020-05-04 09:51:00,Apartman/Mesken,4.0,2020.0,,2350.4273504273506
KAYSERİ,TALAS,TALAS MAHALLESİ,38.7167,35.5602,85.0,,,,260000.0,2020-05-04 14:16:00,Apartman/Mesken,1.0,2020.0,,3058.823529411765
KAYSERİ,KOCASİNAN,ERKİLET MAHALLESİ,38.7904,35.4544,128.0,2020.0,1.0,1.0,240000.0,2020-05-04 11:17:00,Apartman/Mesken,10.0,2020.0,0.0,1875.0
KAYSERİ,MELİKGAZİ,YEŞİLYURT MAHALLESİ,38.7917,35.6192,125.0,,,,265000.0,2020-05-05 10:11:00,Apartman/Mesken,1.0,2020.0,,2120.0
KAYSERİ,MELİKGAZİ,ANBAR MAHALLESİ,38.7489,35.3808,38.0,,,,120000.0,2020-05-06 10:04:00,Apartman/Mesken,2.0,2020.0,,3157.8947368421054
KAYSERİ,MELİKGAZİ,MİMARSİNAN MAHALLESİ,38.7632,35.6113,78.0,,,,120000.0,2020-05-06 10:04:00,Apartman/Mesken,3.0,2020.0,,1538.4615384615386
KAYSERİ,TALAS,TALAS MAHALLESİ,38.7112,35.5651,131.0,,,,365000.0,2020-05-06 11:23:00,Apartman/Mesken,1.0,2020.0,,2786.259541984733
KAYSERİ,TALAS,TALAS MAHALLESİ,38.6963,35.5543,141.0,,,,272000.0,2020-05-06 11:24:00,Apartman/Mesken,14.0,2020.0,,1929.0780141843973
KAYSERİ,KOCASİNAN,PERVANE MAHALLESİ,38.7447,35.501,130.0,,,,350000.0,2020-05-07 15:26:00,Apartman/Mesken,5.0,2020.0,,2692.3076923076924
KAYSERİ,MELİKGAZİ,KAZIM KARABEKİR MAHALLESİ,38.716,35.4437,130.0,,,,275000.0,2020-05-07 09:54:00,Apartman/Mesken,7.0,2020.0,,2115.3846153846152
KAYSERİ,DEVELİ,GÜNEYAŞAĞI MAHALLESİ,38.3743,35.4626,135.0,,,,170000.0,2020-05-08 10:29:00,Apartman/Mesken,0.0,2020.0,,1259.2592592592594
KAYSERİ,MELİKGAZİ,MİMARSİNAN MAHALLESİ,38.7643,35.5997,110.0,2007.0,1.0,3.0,170000.0,2020-05-07 11:08:00,Apartman/Mesken,7.0,2020.0,13.0,1545.4545454545455
KAYSERİ,KOCASİNAN,PERVANE MAHALLESİ,38.7387,35.4962,226.0,,,,550000.0,2020-05-08 10:29:00,Apartman/Mesken,7.0,2020.0,,2433.6283185840707
KAYSERİ,TALAS,TALAS MAHALLESİ,38.7064,35.5652,159.0,,,,380000.0,2020-05-11 08:21:00,Apartman/Mesken,3.0,2020.0,,2389.937106918239
KAYSERİ,TALAS,TALAS MAHALLESİ,38.7159,35.5615,136.0,,,,400000.0,2020-05-28 11:31:00,Apartman/Mesken,12.0,2020.0,,2941.176470588235
KAYSERİ,KOCASİNAN,ERKİLET MAHALLESİ,38.790364,35.45449,128.0,,,,223000.0,2020-05-11 09:00:00,Apartman/Mesken,5.0,2020.0,,1742.1875
KAYSERİ,MELİKGAZİ,GESİ MAHALLESİ,38.795,35.6322,187.0,,1.0,3.0,330000.0,2020-05-08 11:32:00,Apartman/Mesken,1.0,2020.0,,1764.7058823529412
KAYSERİ,TALAS,TALAS MAHALLESİ,38.7076,35.558,120.0,,,,275000.0,2020-05-12 15:18:00,Apartman/Mesken,6.0,2020.0,,2291.6666666666665
KAYSERİ,TALAS,TALAS MAHALLESİ,38.6993,35.5695,120.0,,,,270000.0,2020-05-12 11:21:00,Apartman/Mesken,12.0,2020.0,,2250.0
KAYSERİ,KOCASİNAN,YILDIZEVLER MAHALLESİ,38.7425,35.5405,216.0,2016.0,1.0,1.0,885000.0,2020-05-11 11:18:00,Apartman/Mesken,10.0,2020.0,4.0,4097.222222222223
KAYSERİ,MELİKGAZİ,BATTALGAZİ MAHALLESİ,38.711785,35.473657,118.0,,,,320000.0,2020-05-13 13:14:00,Apartman/Mesken,9.0,2020.0,,2711.864406779661
KAYSERİ,MELİKGAZİ,KEYKUBAT MAHALLESİ,38.741573,35.415689,115.0,2001.0,1.0,3.0,190000.0,2020-05-11 11:32:00,Apartman/Mesken,3.0,2020.0,19.0,1652.1739130434783
KAYSERİ,TALAS,TALAS MAHALLESİ,38.7173,35.5572,133.0,,,,275000.0,2020-05-13 11:02:00,Apartman/Mesken,4.0,2020.0,,2067.6691729323306
KAYSERİ,KOCASİNAN,BEYAZŞEHİR MAHALLESİ,38.7818,35.5949,140.0,2020.0,1.0,2.0,265000.0,2020-05-12 12:11:00,Apartman/Mesken,6.0,2020.0,0.0,1892.857142857143
KAYSERİ,KOCASİNAN,SÜMER MAHALLESİ,38.740607,35.483618,74.0,,,,145000.0,2020-05-14 21:19:00,Apartman/Mesken,0.0,2020.0,,1959.4594594594594
KAYSERİ,TALAS,TALAS MAHALLESİ,38.697122,35.55128,129.0,,,,280000.0,2020-05-14 12:53:00,Apartman/Mesken,4.0,2020.0,,2170.5426356589146
KAYSERİ,MELİKGAZİ,AKKAYA MAHALLESİ,38.704781,35.439689,138.0,,,,285000.0,2020-05-14 21:19:00,Apartman/Mesken,4.0,2020.0,,2065.217391304348
KAYSERİ,MELİKGAZİ,GÜLTEPE MAHALLESİ,38.7182,35.5118,215.0,2008.0,1.0,3.0,460000.0,2020-05-13 14:22:00,Apartman/Mesken,0.0,2020.0,12.0,2139.5348837209303
KAYSERİ,DEVELİ,HARMAN MAHALLESİ,38.402655,35.493698,195.0,,,,357000.0,2020-05-15 12:14:00,Apartman/Mesken,3.0,2020.0,,1830.7692307692307
KAYSERİ,KOCASİNAN,PERVANE MAHALLESİ,38.7486,35.4973,127.0,,,,300000.0,2020-05-15 09:56:00,Apartman/Mesken,1.0,2020.0,,2362.2047244094488
KAYSERİ,İNCESU,VALİ İHSAN ARAS MAHALLESİ,38.622042,35.187476,116.0,,,,165000.0,2020-05-18 15:09:00,Apartman/Mesken,3.0,2020.0,,1422.4137931034484
KAYSERİ,TALAS,TALAS MAHALLESİ,38.7053,35.5695,115.0,,,,210000.0,2020-05-18 15:09:00,Apartman/Mesken,4.0,2020.0,,1826.0869565217392
KAYSERİ,KOCASİNAN,ERKİLET MAHALLESİ,38.790423,35.454474,130.0,2020.0,1.0,1.0,240000.0,2020-05-14 16:21:00,Apartman/Mesken,1.0,2020.0,0.0,1846.1538461538462
KAYSERİ,MELİKGAZİ,MİMARSİNAN MAHALLESİ,38.7554,35.5694,115.0,,,,243000.0,2020-05-18 11:30:00,Apartman/Mesken,5.0,2020.0,,2113.0434782608695
KAYSERİ,KOCASİNAN,PERVANE MAHALLESİ,38.7579,35.4976,120.0,,,,255000.0,2020-05-20 09:54:00,Apartman/Mesken,10.0,2020.0,,2125.0
KAYSERİ,KOCASİNAN,KÖTÜGÖLLER MAHALLESİ,38.7577,35.4923,118.0,,,,215000.0,2020-05-20 09:53:00,Apartman/Mesken,3.0,2020.0,,1822.0338983050847
KAYSERİ,TALAS,TALAS MAHALLESİ,38.7082,35.562,138.0,2000.0,1.0,3.0,255000.0,2020-05-15 15:20:00,Apartman/Mesken,4.0,2020.0,20.0,1847.8260869565217
KAYSERİ,TALAS,HARMAN MAHALLESİ,38.686079,35.548834,153.0,,,,270000.0,2020-05-20 15:04:00,Apartman/Mesken,0.0,2020.0,,1764.7058823529412
KAYSERİ,KOCASİNAN,PERVANE MAHALLESİ,38.731882,35.491708,103.0,,,,215000.0,2020-05-21 09:22:00,Apartman/Mesken,7.0,2020.0,,2087.378640776699
KAYSERİ,MELİKGAZİ,ERENKÖY  MAHALLESİ,38.68647,35.5217,170.0,,,,1300000.0,2020-05-22 14:31:00,Apartman/Mesken,,2020.0,,7647.058823529412
KAYSERİ,MELİKGAZİ,KEYKUBAT MAHALLESİ,38.7424,35.4136,67.0,,,,85000.0,2020-05-21 11:57:00,Apartman/Mesken,-1.0,2020.0,,1268.6567164179105
KAYSERİ,KOCASİNAN,BEYAZŞEHİR MAHALLESİ,38.785386,35.585127,116.0,,,,230000.0,2020-05-21 15:21:00,Apartman/Mesken,6.0,2020.0,,1982.7586206896551
KAYSERİ,MELİKGAZİ,GÖKKENT MAHALLESİ,38.7451,35.5621,117.0,2020.0,1.0,1.0,240000.0,2020-05-21 15:53:00,Apartman/Mesken,1.0,2020.0,0.0,2051.2820512820513
KAYSERİ,MELİKGAZİ,BAHÇELİEVLER MAHALLESİ,38.768301,35.597907,132.0,,,,210000.0,2020-05-27 11:38:00,Apartman/Mesken,5.0,2020.0,,1590.909090909091
KAYSERİ,TALAS,TALAS MAHALLESİ,38.7167,35.5602,85.0,,,,280000.0,2020-05-27 09:37:00,Apartman/Mesken,11.0,2020.0,,3294.1176470588234
KAYSERİ,MELİKGAZİ,MİMARSİNAN MAHALLESİ,38.7643,35.6154,76.0,,,,125000.0,2020-05-27 09:37:00,Apartman/Mesken,4.0,2020.0,,1644.7368421052631
KAYSERİ,TALAS,TALAS MAHALLESİ,38.7016,35.5715,81.0,,,,225000.0,2020-05-28 10:06:00,Apartman/Mesken,7.0,2020.0,,2777.777777777778
KAYSERİ,MELİKGAZİ,KONAKLAR MAHALLESİ,38.734125,35.556172,122.0,,,,335000.0,2020-05-28 10:01:00,Apartman/Mesken,3.0,2020.0,,2745.901639344262
KAYSERİ,KOCASİNAN,KAVAKYAZISI MAHALLESİ,38.7323,35.5222,270.0,,,,940000.0,2020-05-28 11:34:00,Apartman/Mesken,5.0,2020.0,,3481.4814814814813
KAYSERİ,MELİKGAZİ,GESİ MAHALLESİ,38.789039,35.609865,127.0,,,,240000.0,2020-05-29 09:58:00,Apartman/Mesken,1.0,2020.0,,1889.763779527559
KAYSERİ,TALAS,TALAS MAHALLESİ,38.701026,35.56122,195.0,,,,280000.0,2020-05-29 10:43:00,Apartman/Mesken,12.0,2020.0,,1435.8974358974358
KAYSERİ,KOCASİNAN,ERKİLET MAHALLESİ,38.790377,35.454468,128.0,,,,245000.0,2020-05-29 10:42:00,Apartman/Mesken,4.0,2020.0,,1914.0625
KAYSERİ,TALAS,TALAS MAHALLESİ,38.7025,35.5598,132.0,,,,230000.0,2020-06-01 11:08:00,Apartman/Mesken,9.0,2020.0,,1742.4242424242425
KAYSERİ,KOCASİNAN,ERKİLET MAHALLESİ,38.788445,35.453052,117.0,,,,300000.0,2020-06-02 11:23:00,Apartman/Mesken,1.0,2020.0,,2564.102564102564
KAYSERİ,TALAS,TALAS MAHALLESİ,38.7115,35.5632,136.0,2014.0,1.0,2.0,290000.0,2020-06-02 11:50:00,Apartman/Mesken,6.0,2020.0,6.0,2132.3529411764707
KAYSERİ,KOCASİNAN,ERKİLET OSMAN GAZİ MAHALLESİ,38.787626,35.455927,135.0,,,,310000.0,2020-06-02 11:19:00,Apartman/Mesken,10.0,2020.0,,2296.296296296296
KAYSERİ,MELİKGAZİ,ANBAR MAHALLESİ,38.7519,35.3743,122.0,,,,260000.0,2020-06-03 10:31:00,Apartman/Mesken,3.0,2020.0,,2131.1475409836066
KAYSERİ,KOCASİNAN,PERVANE  MAHALLESİ,38.7535,35.4962,130.0,,,,280000.0,2020-06-03 09:31:00,Apartman/Mesken,4.0,2020.0,,2153.846153846154
KAYSERİ,KOCASİNAN,KAVAKYAZISI MAHALLESİ,38.72748,35.496203,135.0,,,,235000.0,2020-06-03 09:31:00,Apartman/Mesken,1.0,2020.0,,1740.7407407407406
KAYSERİ,TALAS,TALAS MAHALLESİ,38.7123,35.5618,52.0,,,,150000.0,2020-06-04 13:24:00,Apartman/Mesken,6.0,2020.0,,2884.6153846153848
KAYSERİ,MELİKGAZİ,YAZIBAĞLARI MAHALLESİ,38.734,35.3993,106.0,,,,190000.0,2020-06-04 09:41:00,Apartman/Mesken,2.0,2020.0,,1792.4528301886792
KAYSERİ,KOCASİNAN,ERKİLET DERE  MAHALLESİ,38.788353,35.450547,121.0,,,,270000.0,2020-06-05 13:51:00,Apartman/Mesken,,2020.0,,2231.404958677686
KAYSERİ,MELİKGAZİ,BAHÇELİEVLER  MAHALLESİ,38.7664,35.5974,190.0,2007.0,1.0,3.0,290000.0,2020-06-02 11:54:00,Apartman/Mesken,8.0,2020.0,13.0,1526.3157894736842
KAYSERİ,MELİKGAZİ,YEŞİLYURT  MAHALLESİ,38.7948,35.5925,128.0,,,,270000.0,2020-06-03 10:53:00,Apartman/Mesken,6.0,2020.0,,2109.375
KAYSERİ,KOCASİNAN,SARAYCIK  MAHALLESİ,38.9192,35.6637,164.0,,,,155000.0,2020-06-04 09:41:00,Apartman/Mesken,,2020.0,,945.1219512195122
KAYSERİ,MELİKGAZİ,TONTAR MAHALLESİ,38.705434,35.494744,122.0,,,,330000.0,2020-06-05 09:35:00,Apartman/Mesken,4.0,2020.0,,2704.9180327868853
KAYSERİ,MELİKGAZİ,ANBAR MAHALLESİ,38.737,35.3838,115.0,,,,210000.0,2020-06-06 00:09:00,Apartman/Mesken,2.0,2020.0,,1826.0869565217392
KAYSERİ,MELİKGAZİ,ALTINOLUK MAHALLESİ,38.7012,35.4482,120.0,,,,330000.0,2020-06-06 00:10:00,Apartman/Mesken,9.0,2020.0,,2750.0
KAYSERİ,TALAS,TALAS MAHALLESİ,38.7078,35.5711,120.0,,,,250000.0,2020-06-06 00:11:00,Apartman/Mesken,12.0,2020.0,,2083.3333333333335
KAYSERİ,KOCASİNAN,ESENTEPE  MAHALLESİ,38.7624,35.5252,162.0,,,,210000.0,2020-06-05 09:35:00,Apartman/Mesken,,2020.0,,1296.2962962962963
KAYSERİ,KOCASİNAN,BEYAZŞEHİR MAHALLESİ,38.785,35.5916,78.0,2016.0,1.0,1.0,165000.0,2020-06-04 12:32:00,Apartman/Mesken,12.0,2020.0,4.0,2115.3846153846152
KAYSERİ,KOCASİNAN,ERKİLET MAHALLESİ,38.787659,35.45596,135.0,2020.0,1.0,1.0,300000.0,2020-06-04 12:15:00,Apartman/Mesken,12.0,2020.0,0.0,2222.222222222222
KAYSERİ,MELİKGAZİ,KEYKUBAT MAHALLESİ,38.7455,35.3894,105.0,,,,170000.0,2020-06-08 23:02:00,Apartman/Mesken,1.0,2020.0,,1619.047619047619
KAYSERİ,KOCASİNAN,YENİDOĞAN MAHALLESİ,38.746741,35.43778,131.0,,,,330000.0,2020-06-08 23:03:00,Apartman/Mesken,12.0,2020.0,,2519.083969465649
KAYSERİ,TALAS,TALAS MAHALLESİ,38.7056,35.5494,135.0,,,,320000.0,2020-06-08 23:04:00,Apartman/Mesken,10.0,2020.0,,2370.3703703703704
KAYSERİ,KOCASİNAN,KAVAKYAZISI MAHALLESİ,38.728363,35.505197,105.0,,,,140000.0,2020-06-08 13:36:00,Apartman/Mesken,2.0,2020.0,,1333.3333333333333
KAYSERİ,TALAS,TALAS MAHALLESİ,38.6993,35.5492,157.0,,,,525000.0,2020-06-08 10:58:00,Apartman/Mesken,11.0,2020.0,,3343.9490445859874
KAYSERİ,YEŞİLHİSAR,HACIBEKTAŞ MAHALLESİ,38.3591,35.0817,102.0,,,,130000.0,2020-06-08 13:36:00,Apartman/Mesken,1.0,2020.0,,1274.5098039215686
KAYSERİ,TALAS,TALAS  MAHALLESİ,38.7025,35.5623,160.0,2017.0,1.0,2.0,345000.0,2020-06-05 11:29:00,Apartman/Mesken,14.0,2020.0,3.0,2156.25
KAYSERİ,YEŞİLHİSAR,KILCAN MAHALLESİ,38.3319,35.0883,97.0,2010.0,1.0,3.0,120000.0,2020-06-05 12:23:00,Apartman/Mesken,2.0,2020.0,10.0,1237.1134020618556
KAYSERİ,TALAS,HARMAN MAHALLESİ,38.6885,35.5454,151.0,,,,350000.0,2020-06-08 23:09:00,Apartman/Mesken,2.0,2020.0,,2317.880794701987
KAYSERİ,MELİKGAZİ,YILDIRIM BEYAZIT MAHALLESİ,38.728385,35.534035,155.0,2019.0,1.0,1.0,500000.0,2020-06-05 11:23:00,Apartman/Mesken,7.0,2020.0,1.0,3225.8064516129034
KAYSERİ,KOCASİNAN,KÖTÜGÖLLER MAHALLESİ,38.7732,35.4611,132.0,,,,290000.0,2020-06-09 22:50:00,Apartman/Mesken,11.0,2020.0,,2196.969696969697
KAYSERİ,MELİKGAZİ,GESİ MAHALLESİ,38.791113,35.596497,93.0,,,,220000.0,2020-06-09 22:51:00,Apartman/Mesken,11.0,2020.0,,2365.5913978494623
KAYSERİ,MELİKGAZİ,MİMARSİNAN MAHALLESİ,38.7478,35.5733,125.0,,,,190000.0,2020-06-09 22:52:00,Apartman/Mesken,6.0,2020.0,,1520.0
KAYSERİ,MELİKGAZİ,MİMARSİNAN MAHALLESİ,38.7697,35.5838,137.0,,,,290000.0,2020-06-09 23:09:00,Apartman/Mesken,2.0,2020.0,,2116.788321167883
KAYSERİ,KOCASİNAN,PERVANE MAHALLESİ,38.7445,35.4922,134.0,,,,375000.0,2020-06-09 23:00:00,Apartman/Mesken,10.0,2020.0,,2798.507462686567
KAYSERİ,DEVELİ,REŞADİYE MAHALLESİ,38.3852,35.4827,102.0,2007.0,1.0,3.0,160000.0,2020-06-07 14:22:00,Apartman/Mesken,0.0,2020.0,13.0,1568.6274509803923
KAYSERİ,DEVELİ,YENİMAHALLE MAHALLESİ,38.402,35.4837,114.0,2018.0,1.0,2.0,205000.0,2020-06-08 10:23:00,Apartman/Mesken,2.0,2020.0,2.0,1798.2456140350878
KAYSERİ,DEVELİ,HARMAN MAHALLESİ,38.4027,35.4937,135.0,,,,220000.0,2020-06-09 10:18:00,Apartman/Mesken,1.0,2020.0,,1629.6296296296296
KAYSERİ,KOCASİNAN,KAVAKYAZISI MAHALLESİ,38.7298,35.5052,89.0,,,,160000.0,2020-06-09 23:01:00,Apartman/Mesken,0.0,2020.0,,1797.752808988764
KAYSERİ,MELİKGAZİ,KANLIYURT MAHALLESİ,38.729661,35.432017,140.0,2007.0,1.0,3.0,280000.0,2020-06-05 11:38:00,Apartman/Mesken,2.0,2020.0,13.0,2000.0
KAYSERİ,KOCASİNAN,PERVANE MAHALLESİ,38.7392,35.4908,123.0,,,,180000.0,2020-06-09 11:11:00,Apartman/Mesken,2.0,2020.0,,1463.4146341463415
KAYSERİ,MELİKGAZİ,YEŞİLYURT MAHALLESİ,38.794776,35.592413,130.0,2020.0,1.0,2.0,270000.0,2020-06-07 14:07:00,Apartman/Mesken,5.0,2020.0,0.0,2076.923076923077
KAYSERİ,DEVELİ,AŞAĞIEVEREK MAHALLESİ,38.376809,35.480888,125.0,2018.0,1.0,2.0,240000.0,2020-06-08 15:39:00,Apartman/Mesken,6.0,2020.0,2.0,1920.0
KAYSERİ,MELİKGAZİ,MİMARSİNAN MAHALLESİ,38.771417,35.577893,105.0,2007.0,1.0,3.0,190000.0,2020-06-07 14:15:00,Apartman/Mesken,1.0,2020.0,13.0,1809.5238095238096
KAYSERİ,TALAS,TALAS MAHALLESİ,38.699594,35.556821,114.0,,,,285000.0,2020-06-09 23:08:00,Apartman/Mesken,8.0,2020.0,,2500.0
KAYSERİ,BÜNYAN,KÖSEHACILI MAHALLESİ,38.9114,35.9531,306.0,,,,320000.0,2020-06-17 18:37:00,Apartman/Mesken,,2020.0,,1045.751633986928
KAYSERİ,MELİKGAZİ,MİMARSİNAN  MAHALLESİ,38.7728,35.5837,125.0,2000.0,1.0,2.0,250000.0,2020-06-06 13:18:00,Apartman/Mesken,2.0,2020.0,20.0,2000.0
KAYSERİ,TALAS,TALAS  MAHALLESİ,38.701621,35.552983,145.0,,,,440000.0,2020-06-09 23:06:00,Apartman/Mesken,4.0,2020.0,,3034.4827586206898
KAYSERİ,KOCASİNAN,ESENTEPE  MAHALLESİ,38.761027,35.524034,132.0,,,,280000.0,2020-06-09 11:38:00,Apartman/Mesken,7.0,2020.0,,2121.212121212121
KAYSERİ,MELİKGAZİ,TONTAR MAHALLESİ,38.69481,35.490983,85.0,1984.0,1.0,3.0,160000.0,2020-06-08 10:17:00,Apartman/Mesken,1.0,2020.0,36.0,1882.3529411764705
KAYSERİ,MELİKGAZİ,DANİŞMENTGAZİ  MAHALLESİ,38.6781,35.4768,331.0,,,,310000.0,2020-06-10 09:16:00,Apartman/Mesken,,2020.0,,936.5558912386707
KAYSERİ,MELİKGAZİ,DEMİRCİYAZISI MAHALLESİ,38.7178,35.4568,97.0,,,,160000.0,2020-06-10 22:03:00,Apartman/Mesken,0.0,2020.0,,1649.4845360824743
KAYSERİ,MELİKGAZİ,GESİ MAHALLESİ,38.789,35.614,100.0,,,,190000.0,2020-06-10 22:02:00,Apartman/Mesken,6.0,2020.0,,1900.0
KAYSERİ,MELİKGAZİ,MİMARSİNAN MAHALLESİ,38.7394,35.5783,118.0,,,,240000.0,2020-06-10 09:16:00,Apartman/Mesken,2.0,2020.0,,2033.8983050847457
KAYSERİ,KOCASİNAN,ERKİLET  MAHALLESİ,38.7918,35.4613,143.0,,,,285000.0,2020-06-10 22:01:00,Apartman/Mesken,5.0,2020.0,,1993.006993006993
KAYSERİ,TALAS,TALAS  MAHALLESİ,38.7004,35.566,120.0,,,,280000.0,2020-06-10 21:58:00,Apartman/Mesken,1.0,2020.0,,2333.3333333333335
KAYSERİ,KOCASİNAN,YENİDOĞAN  MAHALLESİ,38.7471,35.4373,163.0,,,,355000.0,2020-06-10 21:57:00,Apartman/Mesken,5.0,2020.0,,2177.9141104294476
KAYSERİ,MELİKGAZİ,ESENTEPE  MAHALLESİ,38.7299,35.4367,116.0,,,,320000.0,2020-06-10 15:45:00,Apartman/Mesken,9.0,2020.0,,2758.6206896551726
KAYSERİ,MELİKGAZİ,KAZIM KARABEKİR MAHALLESİ,38.7257,35.4457,130.0,2019.0,1.0,2.0,370000.0,2020-06-08 18:02:00,Apartman/Mesken,9.0,2020.0,1.0,2846.153846153846
KAYSERİ,MELİKGAZİ,ANBAR  MAHALLESİ,38.7391,35.3962,125.0,2017.0,1.0,2.0,330000.0,2020-06-08 18:50:00,Apartman/Mesken,5.0,2020.0,3.0,2640.0
KAYSERİ,MELİKGAZİ,MİMARSİNAN MAHALLESİ,38.767506,35.604388,70.0,2009.0,1.0,3.0,145000.0,2020-06-09 08:30:00,Apartman/Mesken,3.0,2020.0,11.0,2071.4285714285716
KAYSERİ,MELİKGAZİ,BİLLUR MAHALLESİ,38.68777,35.513109,225.0,,,,1200000.0,2020-06-10 17:32:00,Villa,,2020.0,,5333.333333333333
KAYSERİ,KOCASİNAN,KAVAKYAZISI MAHALLESİ,38.7353,35.5022,94.0,,,,210000.0,2020-06-10 21:47:00,Apartman/Mesken,7.0,2020.0,,2234.0425531914893
KAYSERİ,KOCASİNAN,ZİYA GÖKALP MAHALLESİ,38.742962,35.437098,104.0,,,,150000.0,2020-06-22 01:01:00,Apartman/Mesken,3.0,2020.0,,1442.3076923076924
KAYSERİ,KOCASİNAN,PERVANE MAHALLESİ,38.753,35.5,99.0,,,,165000.0,2020-06-12 00:03:00,Apartman/Mesken,3.0,2020.0,,1666.6666666666667
KAYSERİ,TALAS,HARMAN MAHALLESİ,38.6867,35.5428,152.0,,,,375000.0,2020-06-11 15:24:00,Apartman/Mesken,0.0,2020.0,,2467.1052631578946
KAYSERİ,KOCASİNAN,ESENTEPE MAHALLESİ,38.7487,35.5293,120.0,2001.0,1.0,3.0,170000.0,2020-06-10 15:42:00,Apartman/Mesken,2.0,2020.0,19.0,1416.6666666666667
KAYSERİ,MELİKGAZİ,19 MAYIS MAHALLESİ,38.7402,35.3813,95.0,2008.0,1.0,2.0,210000.0,2020-06-10 10:16:00,Apartman/Mesken,13.0,2020.0,12.0,2210.5263157894738
KAYSERİ,TALAS,TALAS MAHALLESİ,38.7025,35.5598,130.0,2004.0,,3.0,280000.0,2020-06-09 17:59:00,Apartman/Mesken,6.0,2020.0,16.0,2153.846153846154
KAYSERİ,MELİKGAZİ,KONAKLAR MAHALLESİ,38.749693,35.556053,130.0,2006.0,1.0,3.0,270000.0,2020-06-10 09:16:00,Apartman/Mesken,,2020.0,14.0,2076.923076923077
KAYSERİ,MELİKGAZİ,MİMARSİNAN  MAHALLESİ,38.738653,35.581416,135.0,2019.0,1.0,1.0,300000.0,2020-06-10 09:34:00,Apartman/Mesken,5.0,2020.0,1.0,2222.222222222222
KAYSERİ,MELİKGAZİ,MİMARSİNAN MAHALLESİ,38.773,35.5799,115.0,2012.0,1.0,3.0,210000.0,2020-06-10 09:41:00,Apartman/Mesken,5.0,2020.0,8.0,1826.0869565217392
KAYSERİ,MELİKGAZİ,KEYKUBAT MAHALLESİ,38.742,35.3889,107.0,,,,175000.0,2020-06-11 19:36:00,Apartman/Mesken,1.0,2020.0,,1635.5140186915887
KAYSERİ,MELİKGAZİ,HÜRRİYET MAHALLESİ,38.717008,35.465581,125.0,2020.0,1.0,2.0,300000.0,2020-06-11 10:29:00,Apartman/Mesken,5.0,2020.0,0.0,2400.0
KAYSERİ,MELİKGAZİ,MİMARSİNAN  MAHALLESİ,38.7569,35.5885,133.0,2018.0,1.0,1.0,265000.0,2020-06-10 09:25:00,Apartman/Mesken,2.0,2020.0,2.0,1992.4812030075188
KAYSERİ,MELİKGAZİ,MİMARSİNAN MAHALLESİ,38.7397,35.5764,98.0,2005.0,1.0,3.0,170000.0,2020-06-10 10:20:00,Apartman/Mesken,11.0,2020.0,15.0,1734.6938775510205
KAYSERİ,TALAS,TALAS MAHALLESİ,38.7176,35.5615,140.0,2017.0,1.0,2.0,385000.0,2020-06-11 10:19:00,Apartman/Mesken,13.0,2020.0,3.0,2750.0
KAYSERİ,TALAS,TALAS MAHALLESİ,38.7112,35.562,140.0,2016.0,1.0,2.0,435000.0,2020-06-10 12:45:00,Apartman/Mesken,13.0,2020.0,4.0,3107.1428571428573
KAYSERİ,TALAS,TALAS MAHALLESİ,38.7179,35.561,138.0,,,,270000.0,2020-06-13 22:42:00,Apartman/Mesken,1.0,2020.0,,1956.5217391304348
KAYSERİ,KOCASİNAN,SÜMER MAHALLESİ,38.7461,35.481,122.0,,,,300000.0,2020-06-12 14:09:00,Apartman/Mesken,2.0,2020.0,,2459.0163934426228
KAYSERİ,TALAS,TALAS MAHALLESİ,38.702558,35.550041,75.0,,,,230000.0,2020-06-11 18:24:00,Apartman/Mesken,8.0,2020.0,,3066.6666666666665
KAYSERİ,MELİKGAZİ,YEŞİLYURT MAHALLESİ,38.7916,35.616,143.0,,,,275000.0,2020-06-12 16:20:00,Apartman/Mesken,12.0,2020.0,,1923.076923076923
KAYSERİ,MELİKGAZİ,MİMARSİNAN MAHALLESİ,38.743,35.5776,117.0,2018.0,1.0,2.0,230000.0,2020-06-13 12:25:00,Apartman/Mesken,4.0,2020.0,2.0,1965.8119658119658
KAYSERİ,MELİKGAZİ,BATTALGAZİ MAHALLESİ,38.7101,35.474,116.0,2019.0,1.0,1.0,330000.0,2020-06-10 12:40:00,Apartman/Mesken,11.0,2020.0,1.0,2844.8275862068967
KAYSERİ,MELİKGAZİ,GÜLTEPE MAHALLESİ,38.7219,35.5166,183.0,,,,670000.0,2020-06-22 01:00:00,Apartman/Mesken,5.0,2020.0,,3661.2021857923496
KAYSERİ,MELİKGAZİ,19 MAYIS MAHALLESİ,38.7395,35.3812,96.0,,,,220000.0,2020-06-15 10:35:00,Apartman/Mesken,11.0,2020.0,,2291.6666666666665
KAYSERİ,TALAS,KİÇİKÖY MAHALLESİ,38.6983,35.5459,128.0,,,,330000.0,2020-06-15 23:36:00,Apartman/Mesken,13.0,2020.0,,2578.125
KAYSERİ,TALAS,TALAS  MAHALLESİ,38.704869,35.561885,130.0,,,,220000.0,2020-06-14 08:20:00,Apartman/Mesken,0.0,2020.0,,1692.3076923076924
KAYSERİ,MELİKGAZİ,KEYKUBAT  MAHALLESİ,38.7412,35.4185,134.0,,,,170000.0,2020-06-14 08:35:00,Apartman/Mesken,,2020.0,,1268.6567164179105
KAYSERİ,MELİKGAZİ,ANBAR  MAHALLESİ,38.7316,35.3788,116.0,,,,220000.0,2020-06-16 22:42:00,Apartman/Mesken,3.0,2020.0,,1896.551724137931
KAYSERİ,KOCASİNAN,SÜMER  MAHALLESİ,38.745205,35.460476,121.0,,,,290000.0,2020-06-14 20:55:00,Apartman/Mesken,6.0,2020.0,,2396.694214876033
KAYSERİ,MELİKGAZİ,MİMARSİNAN MAHALLESİ,38.74108,35.577687,130.0,2020.0,1.0,2.0,245000.0,2020-06-11 10:10:00,Apartman/Mesken,2.0,2020.0,0.0,1884.6153846153845
KAYSERİ,MELİKGAZİ,DEMİRCİYAZISI MAHALLESİ,38.717,35.4507,175.0,2019.0,1.0,1.0,430000.0,2020-06-11 10:15:00,Apartman/Mesken,7.0,2020.0,1.0,2457.1428571428573
KAYSERİ,KOCASİNAN,GAZİOSMAN PAŞA MAHALLESİ,38.731384,35.463894,110.0,,,,220000.0,2020-06-17 09:55:00,Apartman/Mesken,7.0,2020.0,,2000.0
KAYSERİ,TALAS,TALAS MAHALLESİ,38.7054,35.57,111.0,,,,205000.0,2020-06-15 12:08:00,Apartman/Mesken,0.0,2020.0,,1846.8468468468468
KAYSERİ,MELİKGAZİ,DEMİRCİYAZISI MAHALLESİ,38.715632,35.450608,135.0,2006.0,1.0,3.0,290000.0,2020-06-13 12:34:00,Apartman/Mesken,2.0,2020.0,14.0,2148.1481481481483
KAYSERİ,MELİKGAZİ,GESİ MAHALLESİ,38.786,35.624,81.0,2012.0,1.0,2.0,230000.0,2020-06-11 12:56:00,Apartman/Mesken,6.0,2020.0,8.0,2839.5061728395062
KAYSERİ,MELİKGAZİ,ALPASLAN MAHALLESİ,38.723571,35.518137,130.0,2007.0,1.0,2.0,460000.0,2020-06-12 09:35:00,Apartman/Mesken,5.0,2020.0,13.0,3538.4615384615386
KAYSERİ,MELİKGAZİ,MİMARSİNAN  MAHALLESİ,38.7571,35.6018,87.0,,,,130000.0,2020-06-15 13:46:00,Apartman/Mesken,0.0,2020.0,,1494.2528735632184
KAYSERİ,MELİKGAZİ,YILDIRIM BEYAZIT MAHALLESİ,38.722498,35.535791,125.0,2014.0,1.0,2.0,390000.0,2020-06-12 09:55:00,Apartman/Mesken,12.0,2020.0,6.0,3120.0
KAYSERİ,MELİKGAZİ,GESİ MAHALLESİ,38.788703,35.620967,90.0,2004.0,1.0,3.0,190000.0,2020-06-12 11:01:00,Apartman/Mesken,1.0,2020.0,16.0,2111.1111111111113
KAYSERİ,KOCASİNAN,SEYRANİ MAHALLESİ,38.753635,35.48129,127.0,,,,375000.0,2020-06-15 11:03:00,Apartman/Mesken,14.0,2020.0,,2952.755905511811
KAYSERİ,TALAS,TALAS  MAHALLESİ,38.7011,35.5547,146.0,,,,340000.0,2020-06-15 10:18:00,Apartman/Mesken,2.0,2020.0,,2328.7671232876714
KAYSERİ,MELİKGAZİ,KÖŞKDAĞI MAHALLESİ,38.7179,35.5152,125.0,2013.0,1.0,1.0,475000.0,2020-06-12 12:11:00,Apartman/Mesken,5.0,2020.0,7.0,3800.0
KAYSERİ,MELİKGAZİ,ESENTEPE  MAHALLESİ,38.7295,35.4207,124.0,2019.0,1.0,2.0,310000.0,2020-06-12 10:02:00,Apartman/Mesken,,2020.0,1.0,2500.0
KAYSERİ,MELİKGAZİ,KAZIM KARABEKİR MAHALLESİ,38.7202,35.4488,129.0,2020.0,1.0,1.0,345000.0,2020-06-12 09:42:00,Apartman/Mesken,,2020.0,0.0,2674.4186046511627
KAYSERİ,MELİKGAZİ,KEYKUBAT MAHALLESİ,38.7487,35.3923,105.0,,,,170000.0,2020-06-16 17:55:00,Apartman/Mesken,3.0,2020.0,,1619.047619047619
KAYSERİ,KOCASİNAN,ERKİLET  MAHALLESİ,38.790385,35.454457,128.0,,,,240000.0,2020-07-24 10:48:00,Apartman/Mesken,3.0,2020.0,,1875.0
KAYSERİ,MELİKGAZİ,MİMARSİNAN  MAHALLESİ,38.7625,35.6174,76.0,,,,135000.0,2020-06-15 15:53:00,Apartman/Mesken,3.0,2020.0,,1776.3157894736842
KAYSERİ,KOCASİNAN,ERKİLET  MAHALLESİ,38.787157,35.453626,125.0,,,,265000.0,2020-06-16 23:48:00,Apartman/Mesken,2.0,2020.0,,2120.0
KAYSERİ,KOCASİNAN,KÖTÜGÖLLER  MAHALLESİ,38.7539,35.4863,137.0,,,,335000.0,2020-07-23 12:59:00,Apartman/Mesken,13.0,2020.0,,2445.2554744525546
KAYSERİ,MELİKGAZİ,MİMARSİNAN MAHALLESİ,38.738628,35.576047,100.0,2007.0,1.0,3.0,155000.0,2020-06-13 12:12:00,Apartman/Mesken,1.0,2020.0,13.0,1550.0
KAYSERİ,KOCASİNAN,KÖTÜGÖLLER MAHALLESİ,38.7541,35.49,123.0,,,,310000.0,2020-07-23 13:07:00,Apartman/Mesken,4.0,2020.0,,2520.3252032520327
KAYSERİ,MELİKGAZİ,KAZIM KARABEKİR MAHALLESİ,38.7254,35.4463,112.0,,,,330000.0,2020-06-17 17:06:00,Apartman/Mesken,2.0,2020.0,,2946.4285714285716
KAYSERİ,TALAS,TALAS MAHALLESİ,38.6998,35.5669,79.0,,,,190000.0,2020-06-18 00:43:00,Apartman/Mesken,4.0,2020.0,,2405.0632911392404
KAYSERİ,KOCASİNAN,ERKİLET  MAHALLESİ,38.7876,35.4549,107.0,,,,235000.0,2020-06-18 00:59:00,Apartman/Mesken,8.0,2020.0,,2196.2616822429904
KAYSERİ,MELİKGAZİ,GESİ  MAHALLESİ,38.7837,35.597,129.0,,,,235000.0,2020-06-17 13:32:00,Apartman/Mesken,3.0,2020.0,,1821.7054263565892
KAYSERİ,MELİKGAZİ,ALPASLAN MAHALLESİ,38.726424,35.518957,185.0,2002.0,1.0,2.0,570000.0,2020-06-14 12:47:00,Apartman/Mesken,3.0,2020.0,18.0,3081.0810810810813
KAYSERİ,MELİKGAZİ,1. ESKİŞEHİR  MAHALLESİ,38.710839,35.476934,110.0,1997.0,1.0,3.0,220000.0,2020-06-12 12:05:00,Apartman/Mesken,,2020.0,23.0,2000.0
KAYSERİ,MELİKGAZİ,MİMARSİNAN MAHALLESİ,38.744869,35.573662,115.0,2019.0,1.0,2.0,240000.0,2020-06-14 12:31:00,Apartman/Mesken,4.0,2020.0,1.0,2086.9565217391305
KAYSERİ,MELİKGAZİ,KONAKLAR MAHALLESİ,38.733662,35.571983,135.0,2019.0,1.0,1.0,290000.0,2020-06-14 12:25:00,Apartman/Mesken,2.0,2020.0,1.0,2148.1481481481483
KAYSERİ,KOCASİNAN,KAVAKYAZISI MAHALLESİ,38.7345,35.5102,107.0,1985.0,1.0,3.0,205000.0,2020-06-12 16:41:00,Apartman/Mesken,3.0,2020.0,35.0,1915.8878504672898
KAYSERİ,MELİKGAZİ,ANBAR MAHALLESİ,38.7494,35.3772,109.0,,,,200000.0,2020-07-21 17:17:00,Apartman/Mesken,9.0,2020.0,,1834.8623853211009
KAYSERİ,KOCASİNAN,YENİDOĞAN MAHALLESİ,38.7474,35.4356,114.0,2007.0,1.0,2.0,195000.0,2020-06-12 15:34:00,Apartman/Mesken,0.0,2020.0,13.0,1710.5263157894738
KAYSERİ,MELİKGAZİ,MİMARSİNAN MAHALLESİ,38.7348,35.5761,143.0,2011.0,1.0,3.0,240000.0,2020-06-13 12:18:00,Apartman/Mesken,2.0,2020.0,9.0,1678.3216783216783
KAYSERİ,MELİKGAZİ,GESİ MAHALLESİ,38.7878,35.5962,129.0,2013.0,1.0,2.0,235000.0,2020-06-12 15:29:00,Apartman/Mesken,4.0,2020.0,7.0,1821.7054263565892
KAYSERİ,TALAS,YUKARI TALAS  MAHALLESİ,38.6763,35.5621,460.0,1996.0,1.0,2.0,1925000.0,2020-06-12 12:19:00,Apartman/Mesken,,2020.0,24.0,4184.782608695652
KAYSERİ,MELİKGAZİ,YILDIRIM BEYAZIT MAHALLESİ,38.728075,35.531555,135.0,2006.0,1.0,2.0,370000.0,2020-06-14 12:40:00,Apartman/Mesken,10.0,2020.0,14.0,2740.740740740741
KAYSERİ,KOCASİNAN,KÖTÜGÖLLER MAHALLESİ,38.7732,35.4611,132.0,,,,280000.0,2020-06-22 00:58:00,Apartman/Mesken,12.0,2020.0,,2121.212121212121
KAYSERİ,KOCASİNAN,ERKİLET MAHALLESİ,38.8004,35.4574,128.0,2020.0,1.0,1.0,260000.0,2020-06-15 15:30:00,Apartman/Mesken,3.0,2020.0,0.0,2031.25
KAYSERİ,MELİKGAZİ,MİMARSİNAN MAHALLESİ,38.740515,35.576595,100.0,2005.0,1.0,3.0,160000.0,2020-06-15 18:58:00,Apartman/Mesken,11.0,2020.0,15.0,1600.0
KAYSERİ,MELİKGAZİ,MİMARSİNAN MAHALLESİ,38.754668,35.608049,100.0,2006.0,1.0,3.0,160000.0,2020-06-14 15:13:00,Apartman/Mesken,5.0,2020.0,14.0,1600.0
KAYSERİ,TALAS,TALAS MAHALLESİ,38.706,35.5704,110.0,2007.0,1.0,3.0,235000.0,2020-06-11 13:03:00,Apartman/Mesken,9.0,2020.0,13.0,2136.3636363636365
KAYSERİ,KOCASİNAN,YEŞİLMAHALLE MAHALLESİ,38.7581,35.4675,141.0,,,,340000.0,2020-06-17 17:46:00,Apartman/Mesken,3.0,2020.0,,2411.3475177304963
KAYSERİ,MELİKGAZİ,MİMARSİNAN  MAHALLESİ,38.7722,35.5842,123.0,,,,340000.0,2020-06-18 01:41:00,Apartman/Mesken,7.0,2020.0,,2764.2276422764226
KAYSERİ,MELİKGAZİ,MAHRUMLAR MAHALLESİ,38.715372,35.442565,122.0,,,,275000.0,2020-06-22 14:18:00,Apartman/Mesken,,2020.0,,2254.098360655738
KAYSERİ,KOCASİNAN,KAVAKYAZISI  MAHALLESİ,38.7307,35.5055,110.0,,,,190000.0,2020-06-16 09:25:00,Apartman/Mesken,1.0,2020.0,,1727.2727272727273
KAYSERİ,MELİKGAZİ,MİMARSİNAN  MAHALLESİ,38.7633,35.586,120.0,2018.0,1.0,2.0,260000.0,2020-06-12 17:30:00,Apartman/Mesken,,2020.0,2.0,2166.6666666666665
KAYSERİ,MELİKGAZİ,19 MAYIS MAHALLESİ,38.7402,35.3812,125.0,2018.0,1.0,2.0,330000.0,2020-06-12 10:08:00,Apartman/Mesken,,2020.0,2.0,2640.0
KAYSERİ,KOCASİNAN,ERKİLET GENERALEMİR MAHALLESİ,38.8037,35.456,140.0,,,,265000.0,2020-06-18 16:12:00,Apartman/Mesken,1.0,2020.0,,1892.857142857143
KAYSERİ,MELİKGAZİ,KANLIYURT MAHALLESİ,38.7296,35.432,146.0,,,,240000.0,2020-06-22 11:09:00,Apartman/Mesken,1.0,2020.0,,1643.835616438356
KAYSERİ,MELİKGAZİ,GESİ MAHALLESİ,38.793416,35.593211,120.0,2020.0,1.0,2.0,240000.0,2020-06-17 10:30:00,Apartman/Mesken,1.0,2020.0,0.0,2000.0
KAYSERİ,MELİKGAZİ,MİMARSİNAN  MAHALLESİ,38.7355,35.5796,132.0,,,,260000.0,2020-06-17 17:16:00,Apartman/Mesken,7.0,2020.0,,1969.6969696969697
KAYSERİ,DEVELİ,GÜNEYAŞAĞI  MAHALLESİ,38.3757,35.4707,144.0,,,,270000.0,2020-06-18 20:32:00,Apartman/Mesken,1.0,2020.0,,1875.0
KAYSERİ,TALAS,TALAS MAHALLESİ,38.7188,35.5577,138.0,,,,360000.0,2020-06-19 12:00:00,Apartman/Mesken,11.0,2020.0,,2608.695652173913
KAYSERİ,KOCASİNAN,SÜMER MAHALLESİ,38.7397,35.4688,166.0,,,,435000.0,2020-06-18 00:09:00,Apartman/Mesken,0.0,2020.0,,2620.4819277108436
KAYSERİ,MELİKGAZİ,MİMARSİNAN MAHALLESİ,38.7708,35.6046,75.0,2009.0,1.0,2.0,145000.0,2020-06-12 16:06:00,Apartman/Mesken,5.0,2020.0,11.0,1933.3333333333333
KAYSERİ,MELİKGAZİ,KEYKUBAT MAHALLESİ,38.7464,35.3932,127.0,2002.0,1.0,3.0,260000.0,2020-06-14 20:11:00,Apartman/Mesken,3.0,2020.0,18.0,2047.244094488189
KAYSERİ,MELİKGAZİ,SELÇUKLU MAHALLESİ,38.690429,35.469741,295.0,2015.0,1.0,3.0,325000.0,2020-06-17 14:08:00,Apartman/Mesken,,2020.0,5.0,1101.6949152542372
KAYSERİ,MELİKGAZİ,KAYABAĞ  MAHALLESİ,38.7775,35.661,200.0,2020.0,1.0,2.0,340000.0,2020-06-16 09:37:00,Apartman/Mesken,,2020.0,0.0,1700.0
KAYSERİ,KOCASİNAN,SEYRANİ MAHALLESİ,38.7533,35.481,135.0,2019.0,1.0,1.0,400000.0,2020-06-16 13:40:00,Apartman/Mesken,9.0,2020.0,1.0,2962.962962962963
KAYSERİ,KOCASİNAN,KAVAKYAZISI MAHALLESİ,38.7324,35.5014,59.0,1976.0,1.0,4.0,80000.0,2020-06-15 11:26:00,Apartman/Mesken,,2020.0,44.0,1355.9322033898304
KAYSERİ,TALAS,HARMAN MAHALLESİ,38.6824,35.5555,95.0,1999.0,3.0,3.0,200000.0,2020-06-13 14:33:00,Apartman/Mesken,0.0,2020.0,21.0,2105.2631578947367
KAYSERİ,KOCASİNAN,YENİDOĞAN MAHALLESİ,38.7493,35.4463,115.0,2020.0,1.0,1.0,275000.0,2020-06-16 14:52:00,Apartman/Mesken,9.0,2020.0,0.0,2391.304347826087
KAYSERİ,MELİKGAZİ,MİMARSİNAN MAHALLESİ,38.770258,35.585698,115.0,,,,210000.0,2020-06-20 02:02:00,Apartman/Mesken,3.0,2020.0,,1826.0869565217392
KAYSERİ,KOCASİNAN,ERKİLET MAHALLESİ,38.7887,35.4567,129.0,,,,300000.0,2020-06-23 08:56:00,Apartman/Mesken,9.0,2020.0,,2325.5813953488373
KAYSERİ,KOCASİNAN,YILDIZEVLER MAHALLESİ,38.7417,35.5382,110.0,2017.0,,,200000.0,2020-06-17 18:37:00,Apartman/Mesken,10.0,2020.0,3.0,1818.1818181818182
KAYSERİ,TALAS,TALAS MAHALLESİ,38.7052,35.5643,121.0,,,,250000.0,2020-06-19 10:45:00,Apartman/Mesken,5.0,2020.0,,2066.115702479339
KAYSERİ,MELİKGAZİ,BATTALGAZİ MAHALLESİ,38.7104,35.4734,115.0,,,,315000.0,2020-06-22 00:57:00,Apartman/Mesken,12.0,2020.0,,2739.1304347826085
KAYSERİ,MELİKGAZİ,MELİKGAZİ MAHALLESİ,38.729845,35.519916,75.0,1980.0,1.0,3.0,130000.0,2020-06-17 10:44:00,Apartman/Mesken,0.0,2020.0,40.0,1733.3333333333333
KAYSERİ,MELİKGAZİ,MİMARSİNAN MAHALLESİ,38.757234,35.589343,120.0,2020.0,1.0,2.0,230000.0,2020-06-14 20:08:00,Apartman/Mesken,4.0,2020.0,0.0,1916.6666666666667
KAYSERİ,TALAS,TALAS  MAHALLESİ,38.7005,35.567,78.0,,,,230000.0,2020-07-21 17:09:00,Apartman/Mesken,10.0,2020.0,,2948.7179487179487
KAYSERİ,MELİKGAZİ,DEMİRCİYAZISI MAHALLESİ,38.709585,35.451812,125.0,2016.0,1.0,2.0,340000.0,2020-06-15 10:30:00,Apartman/Mesken,7.0,2020.0,4.0,2720.0
KAYSERİ,MELİKGAZİ,BAHÇELİEVLER MAHALLESİ,38.769963,35.595048,135.0,2018.0,1.0,2.0,240000.0,2020-06-15 10:22:00,Apartman/Mesken,8.0,2020.0,2.0,1777.7777777777778
KAYSERİ,MELİKGAZİ,BAHÇELİEVLER  MAHALLESİ,38.7762,35.5826,327.0,,,,900000.0,2020-06-22 22:01:00,Apartman/Mesken,,2020.0,,2752.293577981651
KAYSERİ,MELİKGAZİ,KÖŞKDAĞI MAHALLESİ,38.7182,35.5149,160.0,,,,600000.0,2020-06-20 01:43:00,Apartman/Mesken,6.0,2020.0,,3750.0
KAYSERİ,KOCASİNAN,ERKİLET GENERALEMİR MAHALLESİ,38.8043,35.4549,87.0,,,,200000.0,2020-06-20 02:17:00,Apartman/Mesken,4.0,2020.0,,2298.8505747126437
KAYSERİ,MELİKGAZİ,YEŞİLYURT  MAHALLESİ,38.792136,35.613332,130.0,2020.0,1.0,2.0,260000.0,2020-06-15 20:25:00,Apartman/Mesken,,2020.0,0.0,2000.0
KAYSERİ,MELİKGAZİ,KEYKUBAT MAHALLESİ,38.7398,35.407,94.0,,,,170000.0,2020-06-20 15:01:00,Apartman/Mesken,2.0,2020.0,,1808.5106382978724
KAYSERİ,KOCASİNAN,SÜMER MAHALLESİ,38.7348,35.449,130.0,2018.0,1.0,2.0,230000.0,2020-06-15 18:01:00,Apartman/Mesken,13.0,2020.0,2.0,1769.2307692307693
KAYSERİ,TALAS,MEVLANA MAHALLESİ,38.7167,35.5602,85.0,2018.0,1.0,2.0,210000.0,2020-06-16 09:48:00,Apartman/Mesken,8.0,2020.0,2.0,2470.5882352941176
KAYSERİ,KOCASİNAN,ERKİLET DERE MAHALLESİ,38.7881,35.4503,120.0,2018.0,1.0,2.0,275000.0,2020-06-16 09:52:00,Apartman/Mesken,1.0,2020.0,2.0,2291.6666666666665
KAYSERİ,MELİKGAZİ,MİMARSİNAN  MAHALLESİ,38.7351,35.5766,100.0,2006.0,1.0,2.0,180000.0,2020-06-16 10:31:00,Apartman/Mesken,,2020.0,14.0,1800.0
KAYSERİ,TALAS,TALAS MAHALLESİ,38.7041,35.553,97.0,,,,390000.0,2020-06-21 15:19:00,Apartman/Mesken,12.0,2020.0,,4020.618556701031
KAYSERİ,MELİKGAZİ,GESİ MAHALLESİ,38.7828,35.6057,123.0,2013.0,1.0,1.0,275000.0,2020-06-16 09:43:00,Apartman/Mesken,,2020.0,7.0,2235.7723577235774
KAYSERİ,TALAS,TALAS  MAHALLESİ,38.71,35.5711,120.0,2018.0,1.0,2.0,290000.0,2020-06-16 10:53:00,Apartman/Mesken,,2020.0,2.0,2416.6666666666665
KAYSERİ,MELİKGAZİ,MİMARSİNAN  MAHALLESİ,38.7616,35.5738,94.0,2020.0,1.0,1.0,225000.0,2020-06-16 12:48:00,Apartman/Mesken,,2020.0,0.0,2393.6170212765956
KAYSERİ,MELİKGAZİ,GESİ MAHALLESİ,38.788,35.6196,101.0,1999.0,1.0,3.0,205000.0,2020-06-16 14:46:00,Apartman/Mesken,,2020.0,21.0,2029.7029702970297
KAYSERİ,TALAS,HARMAN  MAHALLESİ,38.6846,35.5515,139.0,,,,360000.0,2020-06-20 13:53:00,Apartman/Mesken,7.0,2020.0,,2589.928057553957
KAYSERİ,MELİKGAZİ,MİMARSİNAN MAHALLESİ,38.750636,35.57903,126.0,,,,260000.0,2020-06-21 00:07:00,Apartman/Mesken,6.0,2020.0,,2063.4920634920636
KAYSERİ,KOCASİNAN,SÜMER MAHALLESİ,38.737,35.468,101.0,,,,260000.0,2020-06-20 15:24:00,Apartman/Mesken,1.0,2020.0,,2574.2574257425745
KAYSERİ,TALAS,TALAS MAHALLESİ,38.699166,35.549274,157.0,,,,600000.0,2020-06-19 18:52:00,Apartman/Mesken,12.0,2020.0,,3821.6560509554142
KAYSERİ,TALAS,TALAS  MAHALLESİ,38.7087,35.5722,115.0,,,,205000.0,2020-06-18 16:22:00,Apartman/Mesken,14.0,2020.0,,1782.608695652174
KAYSERİ,MELİKGAZİ,KARACAOĞLU MAHALLESİ,38.6984,35.4802,94.0,2017.0,1.0,1.0,205000.0,2020-06-18 17:24:00,Apartman/Mesken,5.0,2020.0,3.0,2180.851063829787
KAYSERİ,MELİKGAZİ,KANLIYURT MAHALLESİ,38.7398,35.4147,93.0,,,,165000.0,2020-06-23 12:27:00,Apartman/Mesken,0.0,2020.0,,1774.1935483870968
KAYSERİ,BÜNYAN,CUMHURİYET MAHALLESİ,38.865673,35.843966,105.0,2000.0,1.0,3.0,90000.0,2020-06-21 13:08:00,Apartman/Mesken,4.0,2020.0,20.0,857.1428571428571
KAYSERİ,MELİKGAZİ,MİMARSİNAN MAHALLESİ,38.7388,35.5782,103.0,,,,145000.0,2020-06-18 10:02:00,Apartman/Mesken,1.0,2020.0,,1407.7669902912621
KAYSERİ,MELİKGAZİ,KONAKLAR MAHALLESİ,38.72912,35.546822,95.0,2000.0,1.0,3.0,140000.0,2020-06-18 09:49:00,Apartman/Mesken,0.0,2020.0,20.0,1473.6842105263158
KAYSERİ,MELİKGAZİ,GESİ MAHALLESİ,38.7905,35.6235,152.0,,,,290000.0,2020-06-23 15:02:00,Apartman/Mesken,4.0,2020.0,,1907.8947368421052
KAYSERİ,MELİKGAZİ,BAHÇELİEVLER MAHALLESİ,38.770865,35.595477,125.0,2020.0,1.0,2.0,240000.0,2020-06-18 13:41:00,Apartman/Mesken,9.0,2020.0,0.0,1920.0
KAYSERİ,KOCASİNAN,KÖTÜGÖLLER MAHALLESİ,38.753761,35.489727,125.0,2020.0,1.0,2.0,350000.0,2020-06-20 10:40:00,Apartman/Mesken,3.0,2020.0,0.0,2800.0
KAYSERİ,MELİKGAZİ,MİMARSİNAN MAHALLESİ,38.758271,35.590761,125.0,2020.0,1.0,2.0,230000.0,2020-06-18 21:32:00,Apartman/Mesken,3.0,2020.0,0.0,1840.0
KAYSERİ,KOCASİNAN,ERKİLET GENERALEMİR MAHALLESİ,38.805767,35.452434,105.0,1980.0,1.0,3.0,150000.0,2020-06-20 10:53:00,Apartman/Mesken,2.0,2020.0,40.0,1428.5714285714287
KAYSERİ,MELİKGAZİ,GESİ MAHALLESİ,38.785175,35.619456,100.0,2000.0,1.0,3.0,190000.0,2020-06-20 15:34:00,Apartman/Mesken,2.0,2020.0,20.0,1900.0
KAYSERİ,KOCASİNAN,PERVANE MAHALLESİ,38.7525,35.4939,101.0,2001.0,1.0,3.0,160000.0,2020-06-20 15:40:00,Apartman/Mesken,3.0,2020.0,19.0,1584.1584158415842
KAYSERİ,MELİKGAZİ,KAZIMKARABEKİR MAHALLESİ,38.724529,35.445531,130.0,,,,250000.0,2020-06-23 20:43:00,Apartman/Mesken,,2020.0,,1923.076923076923
KAYSERİ,TALAS,TALAS  MAHALLESİ,38.716235,35.56013,135.0,2017.0,1.0,2.0,390000.0,2020-06-20 16:50:00,Apartman/Mesken,13.0,2020.0,3.0,2888.8888888888887
KAYSERİ,MELİKGAZİ,MİMARSİNAN MAHALLESİ,38.740657,35.574127,100.0,2005.0,1.0,3.0,170000.0,2020-06-21 13:33:00,Apartman/Mesken,8.0,2020.0,15.0,1700.0
KAYSERİ,KOCASİNAN,PERVANE MAHALLESİ,38.758,35.4984,138.0,,,,435000.0,2020-06-21 17:42:00,Apartman/Mesken,9.0,2020.0,,3152.1739130434785
KAYSERİ,TALAS,KİÇİKÖY MAHALLESİ,38.6905,35.56,130.0,2010.0,1.0,2.0,375000.0,2020-06-17 10:19:00,Apartman/Mesken,,2020.0,10.0,2884.6153846153848
KAYSERİ,TALAS,KİÇİKÖY MAHALLESİ,38.6964,35.5421,184.0,,,,360000.0,2020-06-19 16:01:00,Apartman/Mesken,6.0,2020.0,,1956.5217391304348
KAYSERİ,MELİKGAZİ,ANBAR MAHALLESİ,38.736837,35.382424,105.0,2002.0,1.0,3.0,195000.0,2020-06-20 18:29:00,Apartman/Mesken,0.0,2020.0,18.0,1857.142857142857
KAYSERİ,KOCASİNAN,PERVANE MAHALLESİ,38.7539,35.4996,132.0,2020.0,1.0,2.0,320000.0,2020-06-19 13:48:00,Apartman/Mesken,,2020.0,0.0,2424.242424242424
KAYSERİ,KOCASİNAN,YENİDOĞAN  MAHALLESİ,38.745,35.4321,138.0,2020.0,1.0,1.0,375000.0,2020-06-18 19:46:00,Apartman/Mesken,,2020.0,0.0,2717.391304347826
KAYSERİ,MELİKGAZİ,AKKAYA MAHALLESİ,38.704,35.4346,210.0,,,,700000.0,2020-06-22 12:56:00,Apartman/Mesken,1.0,2020.0,,3333.3333333333335
KAYSERİ,MELİKGAZİ,YILDIRIM BEYAZIT MAHALLESİ,38.728463,35.534731,126.0,,,,400000.0,2020-06-24 09:43:00,Apartman/Mesken,5.0,2020.0,,3174.6031746031745
KAYSERİ,DEVELİ,YENİMAHALLE MAHALLESİ,38.4037,35.4869,128.0,2020.0,1.0,2.0,210000.0,2020-06-20 11:02:00,Apartman/Mesken,0.0,2020.0,0.0,1640.625
KAYSERİ,MELİKGAZİ,SAKARYA MAHALLESİ,38.730091,35.410523,100.0,2015.0,1.0,2.0,240000.0,2020-06-20 11:14:00,Apartman/Mesken,12.0,2020.0,5.0,2400.0
KAYSERİ,TALAS,KİÇİKÖY MAHALLESİ,38.700257,35.541252,105.0,1988.0,1.0,3.0,190000.0,2020-06-20 18:36:00,Apartman/Mesken,4.0,2020.0,32.0,1809.5238095238096
KAYSERİ,KOCASİNAN,ERKİLET MAHALLESİ,38.783503,35.461748,107.0,,,,230000.0,2020-06-22 15:04:00,Apartman/Mesken,5.0,2020.0,,2149.532710280374
KAYSERİ,KOCASİNAN,ERKİLET MAHALLESİ,38.794739,35.447756,135.0,2020.0,1.0,2.0,280000.0,2020-06-21 13:26:00,Apartman/Mesken,1.0,2020.0,0.0,2074.074074074074
KAYSERİ,KOCASİNAN,PERVANE MAHALLESİ,38.741145,35.495337,135.0,2016.0,1.0,2.0,420000.0,2020-06-21 17:19:00,Apartman/Mesken,10.0,2020.0,4.0,3111.1111111111113
KAYSERİ,MELİKGAZİ,YILDIRIM BEYAZIT MAHALLESİ,38.725454,35.548365,110.0,2020.0,1.0,2.0,300000.0,2020-06-19 10:41:00,Apartman/Mesken,8.0,2020.0,0.0,2727.2727272727275
KAYSERİ,KOCASİNAN,ERKİLET MAHALLESİ,38.7896,35.4549,140.0,2017.0,1.0,2.0,320000.0,2020-06-17 10:52:00,Apartman/Mesken,10.0,2020.0,3.0,2285.714285714286
KAYSERİ,TALAS,TALAS MAHALLESİ,38.7076,35.5705,125.0,,,,240000.0,2020-06-22 16:38:00,Apartman/Mesken,3.0,2020.0,,1920.0
KAYSERİ,KOCASİNAN,KAVAKYAZISI MAHALLESİ,38.7333,35.4962,111.0,,,,235000.0,2020-06-19 11:46:00,Apartman/Mesken,5.0,2020.0,,2117.1171171171172
KAYSERİ,MELİKGAZİ,ANBAR MAHALLESİ,38.7378,35.3867,104.0,,,,175000.0,2020-06-20 18:26:00,Apartman/Mesken,3.0,2020.0,,1682.6923076923076
KAYSERİ,KOCASİNAN,SÜMER MAHALLESİ,38.746239,35.472046,130.0,2020.0,1.0,1.0,400000.0,2020-06-19 10:32:00,Apartman/Mesken,5.0,2020.0,0.0,3076.923076923077
KAYSERİ,KOCASİNAN,İSTASYON MAHALLESİ,38.725568,35.464246,100.0,1973.0,1.0,4.0,120000.0,2020-06-22 10:05:00,Apartman/Mesken,0.0,2020.0,47.0,1200.0
KAYSERİ,MELİKGAZİ,MİMARSİNAN  MAHALLESİ,38.7392,35.5746,105.0,2005.0,1.0,3.0,175000.0,2020-06-18 09:42:00,Apartman/Mesken,,2020.0,15.0,1666.6666666666667
KAYSERİ,TALAS,KİÇİKÖY MAHALLESİ,38.6908,35.5547,150.0,,,,480000.0,2020-06-19 16:39:00,Apartman/Mesken,3.0,2020.0,,3200.0
KAYSERİ,MELİKGAZİ,MİMARSİNAN MAHALLESİ,38.7494,35.5746,118.0,,,,240000.0,2020-06-22 19:47:00,Apartman/Mesken,3.0,2020.0,,2033.8983050847457
KAYSERİ,MELİKGAZİ,ESENTEPE MAHALLESİ,38.7269,35.439,118.0,,,,280000.0,2020-06-22 23:19:00,Apartman/Mesken,4.0,2020.0,,2372.8813559322034
KAYSERİ,MELİKGAZİ,YEŞİLYURT MAHALLESİ,38.791244,35.605391,125.0,2018.0,1.0,2.0,250000.0,2020-06-21 13:17:00,Apartman/Mesken,5.0,2020.0,2.0,2000.0
KAYSERİ,MELİKGAZİ,DEMİRCİYAZISI MAHALLESİ,38.71694,35.450434,165.0,2020.0,1.0,2.0,410000.0,2020-06-22 10:13:00,Apartman/Mesken,5.0,2020.0,0.0,2484.848484848485
KAYSERİ,KOCASİNAN,BEYAZŞEHİR MAHALLESİ,38.784995,35.588418,115.0,,,,200000.0,2020-06-23 13:56:00,Apartman/Mesken,0.0,2020.0,,1739.1304347826087
KAYSERİ,MELİKGAZİ,BAHÇELİEVLER  MAHALLESİ,38.7698,35.5985,110.0,,,,250000.0,2020-06-23 15:18:00,Apartman/Mesken,,2020.0,,2272.7272727272725
KAYSERİ,MELİKGAZİ,MİMARSİNAN  MAHALLESİ,38.7658,35.5854,131.0,,,,340000.0,2020-06-23 15:30:00,Apartman/Mesken,,2020.0,,2595.4198473282445
KAYSERİ,MELİKGAZİ,YEŞİLYURT MAHALLESİ,38.7916,35.6162,143.0,,,,290000.0,2020-07-24 09:46:00,Apartman/Mesken,9.0,2020.0,,2027.972027972028
KAYSERİ,KOCASİNAN,PERVANE MAHALLESİ,38.7453,35.5015,148.0,,,,520000.0,2020-07-27 12:03:00,Apartman/Mesken,10.0,2020.0,,3513.5135135135133
KAYSERİ,MELİKGAZİ,YEŞİLYURT MAHALLESİ,38.7916,35.6162,143.0,,,,270000.0,2020-07-24 10:28:00,Apartman/Mesken,12.0,2020.0,,1888.1118881118882
KAYSERİ,KOCASİNAN,KAVAKYAZISI MAHALLESİ,38.7356,35.5048,115.0,1979.0,1.0,3.0,170000.0,2020-06-18 19:52:00,Apartman/Mesken,0.0,2020.0,41.0,1478.2608695652175
KAYSERİ,TALAS,HARMAN  MAHALLESİ,38.6844,35.548,138.0,1997.0,1.0,2.0,440000.0,2020-06-19 10:22:00,Apartman/Mesken,6.0,2020.0,23.0,3188.4057971014495
KAYSERİ,MELİKGAZİ,ALPASLAN MAHALLESİ,38.725292,35.51586,200.0,2002.0,1.0,2.0,550000.0,2020-06-22 21:28:00,Apartman/Mesken,10.0,2020.0,18.0,2750.0
KAYSERİ,MELİKGAZİ,YILDIRIM BEYAZIT MAHALLESİ,38.729003,35.531523,230.0,2010.0,1.0,1.0,760000.0,2020-06-24 10:01:00,Apartman/Mesken,14.0,2020.0,10.0,3304.3478260869565
KAYSERİ,MELİKGAZİ,KONAKLAR MAHALLESİ,38.725,35.5592,138.0,2011.0,1.0,2.0,490000.0,2020-06-23 09:39:00,Apartman/Mesken,,2020.0,9.0,3550.7246376811595
KAYSERİ,TALAS,TALAS MAHALLESİ,38.7079,35.5575,128.0,,,,305000.0,2020-07-02 10:29:00,Apartman/Mesken,3.0,2020.0,,2382.8125
KAYSERİ,TALAS,TALAS MAHALLESİ,38.699552,35.570297,85.0,2020.0,1.0,2.0,250000.0,2020-06-22 14:07:00,Apartman/Mesken,13.0,2020.0,0.0,2941.176470588235
KAYSERİ,MELİKGAZİ,19 MAYIS MAHALLESİ,38.742101,35.381212,130.0,2020.0,1.0,1.0,280000.0,2020-06-23 18:00:00,Apartman/Mesken,8.0,2020.0,0.0,2153.846153846154
KAYSERİ,MELİKGAZİ,1. ESKİŞEHİR MAHALLESİ,38.689367,35.4908,145.0,2007.0,1.0,2.0,250000.0,2020-06-22 21:19:00,Apartman/Mesken,1.0,2020.0,13.0,1724.1379310344828
KAYSERİ,MELİKGAZİ,MİMARSİNAN MAHALLESİ,38.7252,35.594,132.0,,,,205000.0,2020-07-02 10:32:00,Apartman/Mesken,1.0,2020.0,,1553.030303030303
KAYSERİ,MELİKGAZİ,ALPASLAN MAHALLESİ,38.7254,35.5194,215.0,,,,895000.0,2020-06-23 10:31:00,Apartman/Mesken,1.0,2020.0,,4162.790697674419
KAYSERİ,KOCASİNAN,PERVANE MAHALLESİ,38.731,35.4934,130.0,1988.0,1.0,3.0,230000.0,2020-06-23 12:51:00,Apartman/Mesken,5.0,2020.0,32.0,1769.2307692307693
KAYSERİ,MELİKGAZİ,KEYKUBAT MAHALLESİ,38.7454,35.3934,105.0,1992.0,3.0,3.0,170000.0,2020-06-21 21:00:00,Apartman/Mesken,4.0,2020.0,28.0,1619.047619047619
KAYSERİ,MELİKGAZİ,MELİKGAZİ MAHALLESİ,38.7271,35.523,177.0,2005.0,1.0,2.0,600000.0,2020-06-22 10:19:00,Apartman/Mesken,4.0,2020.0,15.0,3389.830508474576
KAYSERİ,MELİKGAZİ,MİMARSİNAN  MAHALLESİ,38.7617,35.5956,140.0,,,,265000.0,2020-06-25 11:46:00,Apartman/Mesken,2.0,2020.0,,1892.857142857143
KAYSERİ,MELİKGAZİ,19 MAYIS MAHALLESİ,38.73954,35.38119,95.0,2020.0,1.0,2.0,220000.0,2020-06-24 11:56:00,Apartman/Mesken,5.0,2020.0,0.0,2315.7894736842104
KAYSERİ,MELİKGAZİ,GÜLTEPE MAHALLESİ,38.7188,35.52,163.0,,,,420000.0,2020-06-25 11:46:00,Apartman/Mesken,4.0,2020.0,,2576.687116564417
KAYSERİ,KOCASİNAN,MİTHATPAŞA MAHALLESİ,38.751427,35.469701,135.0,2020.0,1.0,2.0,430000.0,2020-06-27 16:23:00,Apartman/Mesken,9.0,2020.0,0.0,3185.185185185185
KAYSERİ,MELİKGAZİ,MİMARSİNAN MAHALLESİ,38.756091,35.607573,120.0,2008.0,1.0,3.0,190000.0,2020-06-27 17:30:00,Apartman/Mesken,5.0,2020.0,12.0,1583.3333333333333
KAYSERİ,KOCASİNAN,KARPUZATAN DÜZ MAHALLESİ,38.751374,35.461405,140.0,1997.0,1.0,3.0,250000.0,2020-06-27 21:31:00,Apartman/Mesken,2.0,2020.0,23.0,1785.7142857142858
KAYSERİ,MELİKGAZİ,GESİ MAHALLESİ,38.788008,35.593574,85.0,2020.0,1.0,3.0,215000.0,2020-06-26 09:28:00,Apartman/Mesken,12.0,2020.0,0.0,2529.4117647058824
KAYSERİ,KOCASİNAN,ERKİLET MAHALLESİ,38.786487,35.456498,115.0,2018.0,1.0,3.0,370000.0,2020-06-27 16:49:00,Apartman/Mesken,2.0,2020.0,2.0,3217.391304347826
KAYSERİ,TALAS,TALAS MAHALLESİ,38.7091,35.5541,165.0,2001.0,1.0,2.0,460000.0,2020-06-23 16:20:00,Apartman/Mesken,12.0,2020.0,19.0,2787.878787878788
KAYSERİ,MELİKGAZİ,MİMARSİNAN MAHALLESİ,38.7401,35.5764,100.0,2007.0,1.0,3.0,170000.0,2020-06-24 12:00:00,Apartman/Mesken,4.0,2020.0,13.0,1700.0
KAYSERİ,MELİKGAZİ,BAHÇELİEVLER MAHALLESİ,38.771674,35.601523,115.0,2019.0,1.0,3.0,240000.0,2020-06-27 21:38:00,Apartman/Mesken,1.0,2020.0,1.0,2086.9565217391305
KAYSERİ,MELİKGAZİ,ALPASLAN MAHALLESİ,38.7252,35.5082,176.0,2020.0,1.0,1.0,975000.0,2020-06-23 20:32:00,Apartman/Mesken,9.0,2020.0,0.0,5539.772727272727
KAYSERİ,MELİKGAZİ,TONTAR MAHALLESİ,38.6973,35.4919,110.0,1987.0,1.0,3.0,150000.0,2020-06-25 11:07:00,Apartman/Mesken,2.0,2020.0,33.0,1363.6363636363637
KAYSERİ,MELİKGAZİ,MİMARSİNAN MAHALLESİ,38.7559,35.6032,75.0,2018.0,1.0,2.0,190000.0,2020-06-23 18:24:00,Apartman/Mesken,1.0,2020.0,2.0,2533.3333333333335
KAYSERİ,MELİKGAZİ,MİMARSİNAN MAHALLESİ,38.7679,35.6057,75.0,2009.0,1.0,3.0,130000.0,2020-06-24 10:06:00,Apartman/Mesken,0.0,2020.0,11.0,1733.3333333333333
KAYSERİ,MELİKGAZİ,YAZIBAĞLARI MAHALLESİ,38.7336,35.3966,110.0,1999.0,1.0,3.0,230000.0,2020-06-24 09:48:00,Apartman/Mesken,8.0,2020.0,21.0,2090.909090909091
KAYSERİ,KOCASİNAN,KAVAKYAZISI MAHALLESİ,38.7316,35.521,195.0,,,,683000.0,2020-07-01 10:41:00,Apartman/Mesken,2.0,2020.0,,3502.5641025641025
KAYSERİ,KOCASİNAN,ESENTEPE MAHALLESİ,38.7532,35.5287,133.0,2012.0,1.0,2.0,230000.0,2020-06-25 10:23:00,Apartman/Mesken,2.0,2020.0,8.0,1729.3233082706768
KAYSERİ,TALAS,TALAS MAHALLESİ,38.7171,35.5611,155.0,2018.0,1.0,2.0,450000.0,2020-06-25 09:52:00,Apartman/Mesken,9.0,2020.0,2.0,2903.2258064516127
KAYSERİ,HACILAR,HACILAR MAHALLESİ,38.649616,35.452531,95.0,1990.0,1.0,3.0,95000.0,2020-06-28 13:39:00,Apartman/Mesken,0.0,2020.0,30.0,1000.0
KAYSERİ,KOCASİNAN,PERVANE MAHALLESİ,38.7357,35.4854,100.0,1985.0,1.0,3.0,220000.0,2020-06-27 11:37:00,Apartman/Mesken,0.0,2020.0,35.0,2200.0
KAYSERİ,KOCASİNAN,ERKİLET 100. YIL MAHALLESİ,38.8113,35.4519,134.0,2020.0,1.0,1.0,260000.0,2020-06-25 10:09:00,Apartman/Mesken,1.0,2020.0,0.0,1940.2985074626865
KAYSERİ,MELİKGAZİ,ANBAR MAHALLESİ,38.739015,35.396186,125.0,2019.0,1.0,2.0,310000.0,2020-06-28 11:22:00,Apartman/Mesken,5.0,2020.0,1.0,2480.0
KAYSERİ,MELİKGAZİ,KONAKLAR MAHALLESİ,38.717047,35.567797,160.0,2015.0,1.0,2.0,430000.0,2020-06-28 13:16:00,Apartman/Mesken,4.0,2020.0,5.0,2687.5
KAYSERİ,KOCASİNAN,AHİEVRAN MAHALLESİ,38.7629,35.5698,111.0,,,,180000.0,2020-06-26 14:43:00,Apartman/Mesken,,2020.0,,1621.6216216216217
KAYSERİ,MELİKGAZİ,GESİ MAHALLESİ,38.788008,35.593574,85.0,2020.0,1.0,3.0,215000.0,2020-06-26 09:35:00,Apartman/Mesken,12.0,2020.0,0.0,2529.4117647058824
KAYSERİ,MELİKGAZİ,DEMİRCİYAZISI MAHALLESİ,38.695,35.4395,103.0,,,,190000.0,2020-06-26 09:52:00,Apartman/Mesken,2.0,2020.0,,1844.6601941747572
KAYSERİ,KOCASİNAN,ERKİLET MAHALLESİ,38.8118,35.455128,120.0,2012.0,1.0,2.0,210000.0,2020-06-25 10:51:00,Apartman/Mesken,2.0,2020.0,8.0,1750.0
KAYSERİ,MELİKGAZİ,ESENTEPE MAHALLESİ,38.7324,35.4221,125.0,2013.0,1.0,2.0,275000.0,2020-06-25 10:18:00,Apartman/Mesken,1.0,2020.0,7.0,2200.0
KAYSERİ,TALAS,TALAS MAHALLESİ,38.7031,35.559,130.0,2002.0,1.0,3.0,280000.0,2020-06-24 17:23:00,Apartman/Mesken,4.0,2020.0,18.0,2153.846153846154
KAYSERİ,KOCASİNAN,ERKİLET MAHALLESİ,38.789081,35.456464,130.0,2020.0,1.0,1.0,325000.0,2020-06-25 09:46:00,Apartman/Mesken,2.0,2020.0,0.0,2500.0
KAYSERİ,İNCESU,VALİ İHSAN ARAS MAHALLESİ,38.619323,35.184535,100.0,1992.0,1.0,3.0,120000.0,2020-06-30 10:41:00,Apartman/Mesken,2.0,2020.0,28.0,1200.0
KAYSERİ,MELİKGAZİ,GESİ MAHALLESİ,38.7839,35.5977,129.0,2013.0,1.0,2.0,230000.0,2020-06-25 10:14:00,Apartman/Mesken,0.0,2020.0,7.0,1782.9457364341085
KAYSERİ,TALAS,TALAS MAHALLESİ,38.7027,35.5494,75.0,2010.0,1.0,3.0,255000.0,2020-06-24 15:19:00,Apartman/Mesken,10.0,2020.0,10.0,3400.0
KAYSERİ,MELİKGAZİ,KEYKUBAT MAHALLESİ,38.743,35.4006,83.0,1995.0,1.0,3.0,170000.0,2020-06-25 11:54:00,Apartman/Mesken,1.0,2020.0,25.0,2048.1927710843374
KAYSERİ,TALAS,TALAS MAHALLESİ,38.7059,35.5586,110.0,2015.0,1.0,3.0,300000.0,2020-06-25 09:56:00,Apartman/Mesken,9.0,2020.0,5.0,2727.2727272727275
KAYSERİ,KOCASİNAN,ERKİLET MAHALLESİ,38.785799,35.452496,130.0,2016.0,1.0,2.0,290000.0,2020-06-28 14:48:00,Apartman/Mesken,9.0,2020.0,4.0,2230.769230769231
KAYSERİ,MELİKGAZİ,KAZIM KARABEKİR MAHALLESİ,38.7246,35.4454,130.0,2020.0,1.0,1.0,280000.0,2020-06-24 14:21:00,Apartman/Mesken,1.0,2020.0,0.0,2153.846153846154
KAYSERİ,TALAS,TALAS MAHALLESİ,38.7063,35.5683,125.0,2010.0,1.0,2.0,345000.0,2020-06-25 10:56:00,Apartman/Mesken,6.0,2020.0,10.0,2760.0
KAYSERİ,MELİKGAZİ,BAHÇELİEVLER MAHALLESİ,38.7668,35.5968,127.0,2008.0,1.0,2.0,245000.0,2020-06-26 10:28:00,Apartman/Mesken,5.0,2020.0,12.0,1929.1338582677165
KAYSERİ,KOCASİNAN,ERKİLET MAHALLESİ,38.7897,35.4613,118.0,2017.0,1.0,2.0,245000.0,2020-06-25 14:03:00,Apartman/Mesken,8.0,2020.0,3.0,2076.271186440678
KAYSERİ,KOCASİNAN,PERVANE MAHALLESİ,38.7459,35.505,148.0,,,,330000.0,2020-07-02 10:32:00,Apartman/Mesken,1.0,2020.0,,2229.7297297297296
KAYSERİ,TALAS,HARMAN MAHALLESİ,38.685318,35.54561,140.0,2006.0,1.0,2.0,440000.0,2020-06-28 22:05:00,Apartman/Mesken,8.0,2020.0,14.0,3142.8571428571427
KAYSERİ,MELİKGAZİ,GESİ MAHALLESİ,38.787703,35.611707,100.0,2004.0,1.0,3.0,205000.0,2020-06-30 10:48:00,Apartman/Mesken,2.0,2020.0,16.0,2050.0
KAYSERİ,KOCASİNAN,KARPUZATAN DÜZ MAHALLESİ,38.7592,35.4623,124.0,,,,310000.0,2020-07-02 10:30:00,Apartman/Mesken,2.0,2020.0,,2500.0
KAYSERİ,MELİKGAZİ,MİMARSİNAN  MAHALLESİ,38.7654,35.5958,130.0,2010.0,1.0,3.0,275000.0,2020-06-26 09:18:00,Apartman/Mesken,,2020.0,10.0,2115.3846153846152
KAYSERİ,TALAS,TALAS  MAHALLESİ,38.7096,35.5677,45.0,2013.0,1.0,2.0,165000.0,2020-06-25 16:55:00,Apartman/Mesken,,2020.0,7.0,3666.6666666666665
KAYSERİ,DEVELİ,REŞADİYE MAHALLESİ,38.378201,35.478072,95.0,2005.0,1.0,3.0,110000.0,2020-06-29 15:38:00,Apartman/Mesken,2.0,2020.0,15.0,1157.8947368421052
KAYSERİ,İNCESU,VALİ İHSAN ARAS MAHALLESİ,38.618555,35.185121,150.0,2020.0,1.0,2.0,330000.0,2020-06-30 12:21:00,Apartman/Mesken,2.0,2020.0,0.0,2200.0
KAYSERİ,MELİKGAZİ,KILIÇASLAN MAHALLESİ,38.719,35.5015,109.0,1985.0,1.0,3.0,210000.0,2020-06-26 15:42:00,Apartman/Mesken,1.0,2020.0,35.0,1926.605504587156
KAYSERİ,MELİKGAZİ,KONAKLAR MAHALLESİ,38.7448,35.5561,118.0,2000.0,1.0,3.0,265000.0,2020-06-27 11:12:00,Apartman/Mesken,2.0,2020.0,20.0,2245.762711864407
KAYSERİ,MELİKGAZİ,MİMARSİNAN MAHALLESİ,38.755529,35.606825,100.0,2000.0,1.0,2.0,170000.0,2020-07-01 09:49:00,Apartman/Mesken,3.0,2020.0,20.0,1700.0
KAYSERİ,MELİKGAZİ,SELÇUKLU MAHALLESİ,38.6881,35.4726,341.0,,,,370000.0,2020-06-30 10:12:00,Apartman/Mesken,,2020.0,,1085.0439882697947
KAYSERİ,KOCASİNAN,AHİEVRAN MAHALLESİ,38.7612,35.5713,111.0,2007.0,1.0,3.0,190000.0,2020-06-27 11:06:00,Apartman/Mesken,7.0,2020.0,13.0,1711.7117117117118
KAYSERİ,KOCASİNAN,ZEKAİBEY MAHALLESİ,38.7255,35.4945,163.0,1991.0,1.0,3.0,340000.0,2020-06-27 15:20:00,Apartman/Mesken,5.0,2020.0,29.0,2085.8895705521472
KAYSERİ,MELİKGAZİ,YILDIRIM BEYAZIT MAHALLESİ,38.7249,35.5373,148.0,2016.0,1.0,2.0,380000.0,2020-06-28 13:27:00,Apartman/Mesken,7.0,2020.0,4.0,2567.5675675675675
KAYSERİ,MELİKGAZİ,ALPASLAN MAHALLESİ,38.7244,35.5132,190.0,2000.0,1.0,2.0,555000.0,2020-06-26 15:26:00,Apartman/Mesken,7.0,2020.0,20.0,2921.0526315789475
KAYSERİ,KOCASİNAN,ERKİLET MAHALLESİ,38.8036,35.4513,127.0,2009.0,1.0,2.0,250000.0,2020-06-27 21:48:00,Apartman/Mesken,3.0,2020.0,11.0,1968.5039370078741
KAYSERİ,KOCASİNAN,KAVAKYAZISI MAHALLESİ,38.73125,35.509164,100.0,1977.0,1.0,3.0,190000.0,2020-07-01 13:50:00,Apartman/Mesken,3.0,2020.0,43.0,1900.0
KAYSERİ,MELİKGAZİ,MİMARSİNAN MAHALLESİ,38.7594,35.6004,86.0,2007.0,1.0,2.0,145000.0,2020-06-27 21:44:00,Apartman/Mesken,8.0,2020.0,13.0,1686.046511627907
KAYSERİ,MELİKGAZİ,ESENYURT MAHALLESİ,38.6892,35.4924,146.0,2020.0,1.0,1.0,420000.0,2020-06-28 15:02:00,Apartman/Mesken,1.0,2020.0,0.0,2876.7123287671234
KAYSERİ,TALAS,HARMAN MAHALLESİ,38.688352,35.54539,151.0,2006.0,1.0,2.0,365000.0,2020-06-28 13:20:00,Apartman/Mesken,7.0,2020.0,14.0,2417.218543046358
KAYSERİ,MELİKGAZİ,ANBAR MAHALLESİ,38.7345,35.3792,114.0,2000.0,1.0,3.0,210000.0,2020-06-28 16:07:00,Apartman/Mesken,0.0,2020.0,20.0,1842.1052631578948
KAYSERİ,MELİKGAZİ,KEYKUBAT MAHALLESİ,38.740359,35.42096,85.0,1996.0,1.0,3.0,150000.0,2020-06-30 12:26:00,Apartman/Mesken,0.0,2020.0,24.0,1764.7058823529412
KAYSERİ,KOCASİNAN,KÖTÜGÖLLER MAHALLESİ,38.7544,35.4809,143.0,1997.0,1.0,3.0,210000.0,2020-06-28 13:52:00,Apartman/Mesken,7.0,2020.0,23.0,1468.5314685314686
KAYSERİ,KOCASİNAN,ERKİLET MAHALLESİ,38.7904,35.4545,130.0,,,,275000.0,2020-07-28 13:26:00,Apartman/Mesken,4.0,2020.0,,2115.3846153846152
KAYSERİ,MELİKGAZİ,YEŞİLYURT MAHALLESİ,38.7918,35.6181,130.0,2020.0,1.0,1.0,335000.0,2020-06-29 15:39:00,Apartman/Mesken,10.0,2020.0,0.0,2576.923076923077
KAYSERİ,MELİKGAZİ,ESENYURT MAHALLESİ,38.695,35.4887,130.0,2015.0,1.0,2.0,370000.0,2020-06-28 17:58:00,Apartman/Mesken,14.0,2020.0,5.0,2846.153846153846
KAYSERİ,MELİKGAZİ,MİMARSİNAN MAHALLESİ,38.760331,35.589526,130.0,2020.0,1.0,1.0,250000.0,2020-07-04 14:33:00,Apartman/Mesken,9.0,2020.0,0.0,1923.076923076923
KAYSERİ,TALAS,TALAS MAHALLESİ,38.712522,35.564916,130.0,2019.0,1.0,2.0,320000.0,2020-07-02 15:17:00,Apartman/Mesken,1.0,2020.0,1.0,2461.5384615384614
KAYSERİ,KOCASİNAN,SÜMER MAHALLESİ,38.7411,35.4689,155.0,2013.0,1.0,1.0,610000.0,2020-06-29 13:13:00,Apartman/Mesken,14.0,2020.0,7.0,3935.483870967742
KAYSERİ,MELİKGAZİ,MELİKGAZİ MAHALLESİ,38.727505,35.520466,173.0,,,,950000.0,2020-06-30 15:15:00,Apartman/Mesken,10.0,2020.0,,5491.329479768786
KAYSERİ,MELİKGAZİ,MİMARSİNAN MAHALLESİ,38.738661,35.581272,135.0,2020.0,1.0,2.0,320000.0,2020-07-02 11:44:00,Apartman/Mesken,6.0,2020.0,0.0,2370.3703703703704
KAYSERİ,MELİKGAZİ,MİMARSİNAN MAHALLESİ,38.7603,35.5896,122.0,,,,280000.0,2020-06-30 14:34:00,Apartman/Mesken,9.0,2020.0,,2295.0819672131147
KAYSERİ,MELİKGAZİ,MİMARSİNAN MAHALLESİ,38.744156,35.57804,127.0,,,,255000.0,2020-06-30 17:58:00,Apartman/Mesken,14.0,2020.0,,2007.8740157480315
KAYSERİ,MELİKGAZİ,KEYKUBAT MAHALLESİ,38.7444,35.3884,105.0,,,,165000.0,2020-07-28 13:26:00,Apartman/Mesken,0.0,2020.0,,1571.4285714285713
KAYSERİ,KOCASİNAN,SÜMER MAHALLESİ,38.7473,35.4584,115.0,,,,180000.0,2020-07-28 13:26:00,Apartman/Mesken,3.0,2020.0,,1565.2173913043478
KAYSERİ,TALAS,TALAS MAHALLESİ,38.7188,35.5576,138.0,,,,390000.0,2020-06-30 16:07:00,Apartman/Mesken,10.0,2020.0,,2826.086956521739
KAYSERİ,MELİKGAZİ,KAZIM KARABEKİR MAHALLESİ,38.7206,35.4485,111.0,,,,335000.0,2020-07-01 13:12:00,Apartman/Mesken,2.0,2020.0,,3018.018018018018
KAYSERİ,TALAS,TALAS MAHALLESİ,38.7115,35.5528,135.0,,,,330000.0,2020-07-01 13:32:00,Apartman/Mesken,1.0,2020.0,,2444.4444444444443
KAYSERİ,KOCASİNAN,BEYAZŞEHİR MAHALLESİ,38.7838,35.5833,32.0,,,,350000.0,2020-07-01 22:55:00,Apartman/Mesken,10.0,2020.0,,10937.5
KAYSERİ,KOCASİNAN,YENİPERVANE MAHALLESİ,38.7473,35.5103,106.0,,,,170000.0,2020-07-01 14:03:00,Apartman/Mesken,1.0,2020.0,,1603.7735849056603
KAYSERİ,MELİKGAZİ,KAZIM KARABEKİR MAHALLESİ,38.7246,35.4483,130.0,,,,315000.0,2020-07-01 15:22:00,Apartman/Mesken,4.0,2020.0,,2423.076923076923
KAYSERİ,MELİKGAZİ,KAZIM KARABEKİR MAHALLESİ,38.7246,35.4483,130.0,,,,315000.0,2020-07-01 15:42:00,Apartman/Mesken,4.0,2020.0,,2423.076923076923
KAYSERİ,KOCASİNAN,ERKİLET MAHALLESİ,38.8019,35.4549,102.0,,,,225000.0,2020-07-01 16:12:00,Apartman/Mesken,3.0,2020.0,,2205.8823529411766
KAYSERİ,KOCASİNAN,PERVANE MAHALLESİ,38.745649,35.502775,137.0,,,,370000.0,2020-07-01 19:21:00,Apartman/Mesken,7.0,2020.0,,2700.7299270072995
KAYSERİ,MELİKGAZİ,KAZIM KARABEKİR MAHALLESİ,38.7259,35.4452,130.0,,,,350000.0,2020-07-02 14:33:00,Apartman/Mesken,2.0,2020.0,,2692.3076923076924
KAYSERİ,KOCASİNAN,PERVANE MAHALLESİ,38.7418,35.5033,164.0,,,,600000.0,2020-07-01 19:42:00,Apartman/Mesken,13.0,2020.0,,3658.5365853658536
KAYSERİ,MELİKGAZİ,KEYKUBAT MAHALLESİ,38.7431,35.3957,108.0,1995.0,3.0,3.0,185000.0,2020-06-29 09:59:00,Apartman/Mesken,9.0,2020.0,25.0,1712.962962962963
KAYSERİ,MELİKGAZİ,KEYKUBAT MAHALLESİ,38.743277,35.41311,145.0,2000.0,1.0,3.0,230000.0,2020-06-30 14:41:00,Apartman/Mesken,2.0,2020.0,20.0,1586.2068965517242
KAYSERİ,MELİKGAZİ,KONAKLAR MAHALLESİ,38.7343,35.5562,122.0,,,,335000.0,2020-07-01 20:17:00,Apartman/Mesken,3.0,2020.0,,2745.901639344262
KAYSERİ,KOCASİNAN,YILDIZEVLER MAHALLESİ,38.745,35.5395,146.0,,,,320000.0,2020-07-01 21:40:00,Apartman/Mesken,3.0,2020.0,,2191.780821917808
KAYSERİ,TALAS,TALAS MAHALLESİ,38.7047,35.5649,45.0,2016.0,1.0,2.0,180000.0,2020-06-29 18:07:00,Apartman/Mesken,8.0,2020.0,4.0,4000.0
KAYSERİ,TALAS,TALAS MAHALLESİ,38.7005,35.567,78.0,,,,220000.0,2020-07-02 23:46:00,Apartman/Mesken,7.0,2020.0,,2820.5128205128203
KAYSERİ,KOCASİNAN,PERVANE MAHALLESİ,38.7368,35.4919,120.0,,,,220000.0,2020-07-05 17:06:00,Apartman/Mesken,4.0,2020.0,,1833.3333333333333
KAYSERİ,MELİKGAZİ,ALTINOLUK MAHALLESİ,38.6926,35.43,145.0,,,,465000.0,2020-07-03 14:50:00,Apartman/Mesken,1.0,2020.0,,3206.896551724138
KAYSERİ,TALAS,TALAS  MAHALLESİ,38.705,35.5665,115.0,,,,230000.0,2020-07-03 15:04:00,Apartman/Mesken,10.0,2020.0,,2000.0
KAYSERİ,MELİKGAZİ,KEYKUBAT  MAHALLESİ,38.7422,35.413,108.0,,,,170000.0,2020-07-02 19:39:00,Apartman/Mesken,0.0,2020.0,,1574.0740740740741
KAYSERİ,TALAS,TALAS  MAHALLESİ,38.7125,35.5634,140.0,,,,375000.0,2020-07-05 17:23:00,Apartman/Mesken,3.0,2020.0,,2678.5714285714284
KAYSERİ,MELİKGAZİ,MİMARSİNAN MAHALLESİ,38.757095,35.604946,74.0,,,,145000.0,2020-07-07 16:50:00,Apartman/Mesken,2.0,2020.0,,1959.4594594594594
KAYSERİ,MELİKGAZİ,YILDIRIM BEYAZIT MAHALLESİ,38.7241,35.5429,103.0,,,,225000.0,2020-07-02 18:31:00,Apartman/Mesken,8.0,2020.0,,2184.4660194174758
KAYSERİ,DEVELİ,FENESEYUKARI MAHALLESİ,38.3917,35.5048,118.0,,,,180000.0,2020-07-02 21:41:00,Apartman/Mesken,3.0,2020.0,,1525.4237288135594
KAYSERİ,TALAS,TALAS  MAHALLESİ,38.6996,35.5641,114.0,,,,270000.0,2020-07-05 23:35:00,Apartman/Mesken,4.0,2020.0,,2368.4210526315787
KAYSERİ,KOCASİNAN,KAVAKYAZISI MAHALLESİ,38.7318,35.4979,107.0,,,,335000.0,2020-07-04 21:38:00,Apartman/Mesken,3.0,2020.0,,3130.841121495327
KAYSERİ,KOCASİNAN,ZİYA GÖKALP  MAHALLESİ,38.7414,35.4351,100.0,,,,170000.0,2020-07-02 18:31:00,Apartman/Mesken,4.0,2020.0,,1700.0
KAYSERİ,KOCASİNAN,ZİYA GÖKALP  MAHALLESİ,38.7431,35.4431,104.0,,,,180000.0,2020-07-06 12:21:00,Apartman/Mesken,3.0,2020.0,,1730.7692307692307
KAYSERİ,MELİKGAZİ,TONTAR MAHALLESİ,38.6998,35.4899,117.0,,,,300000.0,2020-07-04 23:57:00,Apartman/Mesken,2.0,2020.0,,2564.102564102564
KAYSERİ,KOCASİNAN,YENİDOĞAN  MAHALLESİ,38.7446,35.4317,139.0,,,,285000.0,2020-07-05 00:16:00,Apartman/Mesken,14.0,2020.0,,2050.359712230216
KAYSERİ,KOCASİNAN,ŞEKER  MAHALLESİ,38.7602,35.3922,106.0,,,,220000.0,2020-07-04 21:20:00,Apartman/Mesken,1.0,2020.0,,2075.4716981132074
KAYSERİ,KOCASİNAN,YENİDOĞAN MAHALLESİ,38.7476,35.438,100.0,,,,160000.0,2020-07-06 00:49:00,Apartman/Mesken,4.0,2020.0,,1600.0
KAYSERİ,MELİKGAZİ,KEYKUBAT MAHALLESİ,38.7368,35.4308,137.0,,,,225000.0,2020-07-03 15:55:00,Apartman/Mesken,2.0,2020.0,,1642.3357664233577
KAYSERİ,MELİKGAZİ,MİMARSİNAN MAHALLESİ,38.754853,35.568425,121.0,,,,240000.0,2020-07-05 02:25:00,Apartman/Mesken,3.0,2020.0,,1983.4710743801652
KAYSERİ,MELİKGAZİ,ANBAR MAHALLESİ,38.7297,35.3795,115.0,,,,235000.0,2020-07-05 22:22:00,Apartman/Mesken,10.0,2020.0,,2043.4782608695652
KAYSERİ,KOCASİNAN,BEYAZŞEHİR MAHALLESİ,38.7794,35.5804,120.0,,,,250000.0,2020-07-03 17:18:00,Apartman/Mesken,3.0,2020.0,,2083.3333333333335
KAYSERİ,KOCASİNAN,PERVANE MAHALLESİ,38.7526,35.5062,140.0,,,,475000.0,2020-07-03 18:36:00,Apartman/Mesken,8.0,2020.0,,3392.8571428571427
KAYSERİ,MELİKGAZİ,ALTINOLUK MAHALLESİ,38.701,35.4481,120.0,,,,300000.0,2020-07-06 16:53:00,Apartman/Mesken,1.0,2020.0,,2500.0
KAYSERİ,MELİKGAZİ,19 MAYIS MAHALLESİ,38.7421,35.3812,125.0,,,,300000.0,2020-07-05 19:19:00,Apartman/Mesken,9.0,2020.0,,2400.0
KAYSERİ,TALAS,TALAS MAHALLESİ,38.7015,35.5716,83.0,,,,270000.0,2020-07-05 00:28:00,Apartman/Mesken,4.0,2020.0,,3253.012048192771
KAYSERİ,KOCASİNAN,ZİYA GÖKALP MAHALLESİ,38.7404,35.4423,121.0,,,,285000.0,2020-07-03 18:59:00,Apartman/Mesken,3.0,2020.0,,2355.371900826446
KAYSERİ,DEVELİ,REŞADİYE MAHALLESİ,38.3825,35.4833,100.0,,,,195000.0,2020-07-03 21:05:00,Apartman/Mesken,2.0,2020.0,,1950.0
KAYSERİ,MELİKGAZİ,DEMİRCİYAZISI MAHALLESİ,38.702006,35.441379,119.0,,,,335000.0,2020-07-06 12:41:00,Apartman/Mesken,11.0,2020.0,,2815.126050420168
KAYSERİ,MELİKGAZİ,GÜLÜK MAHALLESİ,38.7186,35.4741,104.0,,,,200000.0,2020-07-05 00:44:00,Apartman/Mesken,7.0,2020.0,,1923.076923076923
KAYSERİ,KOCASİNAN,ERKİLET MAHALLESİ,38.7854,35.4508,156.0,,,,375000.0,2020-07-06 11:00:00,Apartman/Mesken,1.0,2020.0,,2403.846153846154
KAYSERİ,KOCASİNAN,KÖTÜGÖLLER MAHALLESİ,38.7586,35.4678,110.0,,,,180000.0,2020-07-05 02:40:00,Apartman/Mesken,2.0,2020.0,,1636.3636363636363
KAYSERİ,KOCASİNAN,ERKİLET MAHALLESİ,38.7867,35.4538,133.0,,,,275000.0,2020-07-05 10:31:00,Apartman/Mesken,13.0,2020.0,,2067.6691729323306
KAYSERİ,MELİKGAZİ,ALPASLAN MAHALLESİ,38.7242,35.5091,174.0,,,,500000.0,2020-07-07 12:26:00,Apartman/Mesken,5.0,2020.0,,2873.5632183908046
KAYSERİ,MELİKGAZİ,YILDIRIM BEYAZIT MAHALLESİ,38.7287,35.5319,121.0,,,,400000.0,2020-07-06 14:17:00,Apartman/Mesken,1.0,2020.0,,3305.785123966942
KAYSERİ,MELİKGAZİ,ERENKÖY MAHALLESİ,38.682,35.5343,356.0,,,,1600000.0,2020-07-06 22:29:00,Villa,1.0,2020.0,,4494.38202247191
KAYSERİ,MELİKGAZİ,KONAKLAR MAHALLESİ,38.724868,35.5593,140.0,,,,490000.0,2020-07-07 00:38:00,Apartman/Mesken,2.0,2020.0,,3500.0
KAYSERİ,MELİKGAZİ,MİMARSİNAN MAHALLESİ,38.76,35.598,114.0,,,,230000.0,2020-07-06 16:38:00,Apartman/Mesken,5.0,2020.0,,2017.5438596491229
KAYSERİ,MELİKGAZİ,ANBAR MAHALLESİ,38.7364,35.3966,126.0,,,,360000.0,2020-07-03 12:12:00,Apartman/Mesken,13.0,2020.0,,2857.1428571428573
KAYSERİ,MELİKGAZİ,KONAKLAR MAHALLESİ,38.750502,35.559257,137.0,,,,260000.0,2020-07-07 12:10:00,Apartman/Mesken,11.0,2020.0,,1897.8102189781023
KAYSERİ,MELİKGAZİ,ANBAR MAHALLESİ,38.751698,35.374281,122.0,,,,280000.0,2020-07-02 17:09:00,Apartman/Mesken,7.0,2020.0,,2295.0819672131147
KAYSERİ,MELİKGAZİ,MİMARSİNAN MAHALLESİ,38.7322,35.5819,115.0,,,,210000.0,2020-07-07 12:26:00,Apartman/Mesken,2.0,2020.0,,1826.0869565217392
KAYSERİ,MELİKGAZİ,MİMARSİNAN MAHALLESİ,38.7655,35.6134,78.0,,,,140000.0,2020-07-07 14:51:00,Apartman/Mesken,3.0,2020.0,,1794.871794871795
KAYSERİ,KOCASİNAN,YENİDOĞAN MAHALLESİ,38.7445,35.4317,139.0,,,,295000.0,2020-07-05 02:52:00,Apartman/Mesken,9.0,2020.0,,2122.3021582733813
KAYSERİ,TALAS,TALAS MAHALLESİ,38.704,35.5531,97.0,,,,390000.0,2020-07-05 21:40:00,Apartman/Mesken,12.0,2020.0,,4020.618556701031
KAYSERİ,TALAS,TALAS MAHALLESİ,38.7063,35.5486,130.0,,,,330000.0,2020-07-06 12:03:00,Apartman/Mesken,5.0,2020.0,,2538.4615384615386
KAYSERİ,KOCASİNAN,ESENTEPE MAHALLESİ,38.7535,35.5262,92.0,,,,125000.0,2020-07-07 16:34:00,Apartman/Mesken,3.0,2020.0,,1358.695652173913
KAYSERİ,TALAS,TALAS MAHALLESİ,38.704,35.5531,97.0,,,,400000.0,2020-07-05 22:33:00,Apartman/Mesken,6.0,2020.0,,4123.711340206186
KAYSERİ,KOCASİNAN,SÜMER MAHALLESİ,38.7454,35.4525,104.0,,,,180000.0,2020-07-06 10:46:00,Apartman/Mesken,3.0,2020.0,,1730.7692307692307
KAYSERİ,KOCASİNAN,KAVAKYAZISI MAHALLESİ,38.7395,35.5178,110.0,,,,280000.0,2020-07-26 10:40:00,Apartman/Mesken,5.0,2020.0,,2545.4545454545455
KAYSERİ,KOCASİNAN,SÜMER MAHALLESİ,38.735171,35.472579,200.0,2019.0,1.0,3.0,575000.0,2020-07-08 11:50:00,Apartman/Mesken,1.0,2020.0,1.0,2875.0
KAYSERİ,KOCASİNAN,ERKİLET MAHALLESİ,38.783486,35.461737,106.0,2012.0,1.0,3.0,255000.0,2020-07-04 10:35:00,Apartman/Mesken,6.0,2020.0,8.0,2405.6603773584907
KAYSERİ,MELİKGAZİ,ANBAR MAHALLESİ,38.731497,35.381882,111.0,2005.0,1.0,3.0,235000.0,2020-07-03 16:47:00,Apartman/Mesken,12.0,2020.0,15.0,2117.1171171171172
KAYSERİ,BÜNYAN,CUMHURİYET MAHALLESİ,38.8553,35.845,138.0,2018.0,1.0,2.0,240000.0,2020-07-08 09:48:00,Apartman/Mesken,4.0,2020.0,2.0,1739.1304347826087
KAYSERİ,TALAS,TALAS MAHALLESİ,38.7008,35.5565,135.0,2010.0,1.0,2.0,425000.0,2020-07-02 17:30:00,Apartman/Mesken,2.0,2020.0,10.0,3148.1481481481483
KAYSERİ,KOCASİNAN,MUAMMERBEY MAHALLESİ,38.724768,35.493725,133.0,1994.0,1.0,3.0,240000.0,2020-07-06 14:16:00,Apartman/Mesken,1.0,2020.0,26.0,1804.5112781954888
KAYSERİ,TALAS,TALAS MAHALLESİ,38.7064,35.5701,120.0,,,,300000.0,2020-07-07 14:30:00,Apartman/Mesken,7.0,2020.0,,2500.0
KAYSERİ,MELİKGAZİ,ERENKÖY MAHALLESİ,38.6921,35.5267,391.0,,,,2425000.0,2020-07-06 19:47:00,Apartman/Mesken,0.0,2020.0,,6202.046035805626
KAYSERİ,TALAS,TALAS MAHALLESİ,38.7046,35.5542,145.0,,,,475000.0,2020-07-08 13:21:00,Apartman/Mesken,3.0,2020.0,,3275.862068965517
KAYSERİ,MELİKGAZİ,GESİ MAHALLESİ,38.7893,35.6123,140.0,2013.0,1.0,2.0,325000.0,2020-07-06 11:29:00,Apartman/Mesken,,2020.0,7.0,2321.4285714285716
KAYSERİ,MELİKGAZİ,KONAKLAR MAHALLESİ,38.7346,35.5539,150.0,2008.0,1.0,3.0,335000.0,2020-07-04 14:25:00,Apartman/Mesken,,2020.0,12.0,2233.3333333333335
KAYSERİ,MELİKGAZİ,MİMARSİNAN  MAHALLESİ,38.7512,35.5785,125.0,2020.0,1.0,2.0,245000.0,2020-07-06 11:33:00,Apartman/Mesken,,2020.0,0.0,1960.0
KAYSERİ,KOCASİNAN,SÜMER MAHALLESİ,38.7458,35.4838,95.0,2020.0,1.0,2.0,280000.0,2020-07-07 10:08:00,Apartman/Mesken,0.0,2020.0,0.0,2947.3684210526317
KAYSERİ,MELİKGAZİ,KEYKUBAT MAHALLESİ,38.7421,35.3956,82.0,,,,165000.0,2020-07-13 09:39:00,Apartman/Mesken,3.0,2020.0,,2012.1951219512196
KAYSERİ,MELİKGAZİ,ERENKÖY MAHALLESİ,38.6693,35.5195,255.0,,,,2000000.0,2020-07-07 13:45:00,Villa,-1.0,2020.0,,7843.137254901961
KAYSERİ,KOCASİNAN,PERVANE MAHALLESİ,38.741716,35.503284,160.0,2020.0,1.0,1.0,580000.0,2020-07-07 12:17:00,Apartman/Mesken,6.0,2020.0,0.0,3625.0
KAYSERİ,MELİKGAZİ,MİMARSİNAN MAHALLESİ,38.7354,35.5796,127.0,2020.0,1.0,1.0,255000.0,2020-07-07 10:27:00,Apartman/Mesken,7.0,2020.0,0.0,2007.8740157480315
KAYSERİ,BÜNYAN,CUMHURİYET MAHALLESİ,38.852471,35.852725,125.0,1986.0,1.0,4.0,125000.0,2020-07-08 09:34:00,Apartman/Mesken,1.0,2020.0,34.0,1000.0
KAYSERİ,KOCASİNAN,ERKİLET MAHALLESİ,38.7918,35.459627,130.0,2016.0,1.0,3.0,265000.0,2020-07-11 11:23:00,Apartman/Mesken,7.0,2020.0,4.0,2038.4615384615386
KAYSERİ,KOCASİNAN,PERVANE MAHALLESİ,38.7409,35.5037,160.0,,,,610000.0,2020-07-08 09:49:00,Apartman/Mesken,6.0,2020.0,,3812.5
KAYSERİ,İNCESU,SÜKSÜN / ZAFER  MAHALLESİ,38.793773,35.230644,160.0,2000.0,1.0,3.0,240000.0,2020-07-10 13:35:00,Apartman/Mesken,,2020.0,20.0,1500.0
KAYSERİ,MELİKGAZİ,MELİKGAZİ MAHALLESİ,38.730518,35.525,192.0,2009.0,1.0,2.0,705000.0,2020-07-09 10:02:00,Apartman/Mesken,9.0,2020.0,11.0,3671.875
KAYSERİ,MELİKGAZİ,KÜÇÜKALİ MAHALLESİ,38.711309,35.472287,140.0,2020.0,1.0,2.0,310000.0,2020-07-08 09:25:00,Apartman/Mesken,1.0,2020.0,0.0,2214.285714285714
KAYSERİ,MELİKGAZİ,YEŞİLYURT MAHALLESİ,38.7915,35.6164,134.0,2020.0,1.0,1.0,295000.0,2020-07-08 09:52:00,Apartman/Mesken,12.0,2020.0,0.0,2201.492537313433
KAYSERİ,MELİKGAZİ,ANBAR MAHALLESİ,38.740067,35.379989,115.0,2002.0,1.0,3.0,250000.0,2020-07-09 16:07:00,Apartman/Mesken,8.0,2020.0,18.0,2173.913043478261
KAYSERİ,MELİKGAZİ,DEMİRCİYAZISI MAHALLESİ,38.7137,35.4517,93.0,,,,160000.0,2020-07-13 09:39:00,Apartman/Mesken,0.0,2020.0,,1720.4301075268818
KAYSERİ,MELİKGAZİ,ALPASLAN MAHALLESİ,38.729,35.5173,103.0,,,,2060000.0,2020-07-26 10:37:00,Apartman/Mesken,,2020.0,,20000.0
KAYSERİ,MELİKGAZİ,KAZIM KARABEKİR MAHALLESİ,38.7254,35.4463,112.0,,,,355000.0,2020-07-09 14:14:00,Apartman/Mesken,3.0,2020.0,,3169.6428571428573
KAYSERİ,TALAS,TALAS MAHALLESİ,38.6997,35.5704,85.0,2019.0,1.0,2.0,265000.0,2020-07-07 16:41:00,Apartman/Mesken,7.0,2020.0,1.0,3117.6470588235293
KAYSERİ,TALAS,HARMAN MAHALLESİ,38.6838,35.5454,148.0,2003.0,1.0,3.0,320000.0,2020-07-08 09:15:00,Apartman/Mesken,12.0,2020.0,17.0,2162.162162162162
KAYSERİ,MELİKGAZİ,ALTINOLUK MAHALLESİ,38.6931,35.4305,145.0,2020.0,1.0,1.0,445000.0,2020-07-09 10:22:00,Apartman/Mesken,1.0,2020.0,0.0,3068.9655172413795
KAYSERİ,MELİKGAZİ,YEŞİLYURT MAHALLESİ,38.7945,35.5918,128.0,2020.0,1.0,1.0,300000.0,2020-07-08 12:02:00,Apartman/Mesken,7.0,2020.0,0.0,2343.75
KAYSERİ,HACILAR,HACILAR MAHALLESİ,38.649912,35.450783,96.0,1985.0,1.0,4.0,115000.0,2020-07-08 15:22:00,Apartman/Mesken,1.0,2020.0,35.0,1197.9166666666667
KAYSERİ,MELİKGAZİ,ALPASLAN MAHALLESİ,38.7237,35.5124,211.0,,,,700000.0,2020-07-09 23:04:00,Apartman/Mesken,13.0,2020.0,,3317.5355450236966
KAYSERİ,İNCESU,BAHÇESARAY MAHALLESİ,38.6359,35.1945,110.0,,,,125000.0,2020-07-13 09:39:00,Apartman/Mesken,7.0,2020.0,,1136.3636363636363
KAYSERİ,MELİKGAZİ,KAZIM KARABEKİR MAHALLESİ,38.724165,35.446481,127.0,2020.0,1.0,2.0,325000.0,2020-07-09 10:29:00,Apartman/Mesken,12.0,2020.0,0.0,2559.0551181102364
KAYSERİ,MELİKGAZİ,KEYKUBAT MAHALLESİ,38.74295,35.393684,103.0,1995.0,1.0,3.0,185000.0,2020-07-13 10:02:00,Apartman/Mesken,2.0,2020.0,25.0,1796.116504854369
KAYSERİ,KOCASİNAN,BEYAZŞEHİR MAHALLESİ,38.783741,35.583311,125.0,2018.0,1.0,2.0,330000.0,2020-07-13 09:53:00,Apartman/Mesken,7.0,2020.0,2.0,2640.0
KAYSERİ,MELİKGAZİ,EĞRİBUCAK MAHALLESİ,38.6734,35.4373,190.0,2015.0,1.0,2.0,910000.0,2020-07-09 16:56:00,Villa,-1.0,2020.0,5.0,4789.473684210527
KAYSERİ,BÜNYAN,SÜMER  MAHALLESİ,38.846029,35.863309,200.0,1980.0,1.0,4.0,120000.0,2020-07-14 08:37:00,Apartman/Mesken,,2020.0,40.0,600.0
KAYSERİ,MELİKGAZİ,MİMARSİNAN MAHALLESİ,38.755208,35.606292,100.0,2008.0,1.0,3.0,190000.0,2020-07-09 11:15:00,Apartman/Mesken,2.0,2020.0,12.0,1900.0
KAYSERİ,TALAS,HARMAN MAHALLESİ,38.6889,35.5535,100.0,,,,250000.0,2020-07-13 09:41:00,Apartman/Mesken,3.0,2020.0,,2500.0
KAYSERİ,KOCASİNAN,YILDIZEVLER MAHALLESİ,38.742485,35.540503,216.0,,,,950000.0,2020-07-13 15:38:00,Apartman/Mesken,11.0,2020.0,,4398.148148148148
KAYSERİ,MELİKGAZİ,GESİ MAHALLESİ,38.7856,35.6056,130.0,,,,235000.0,2020-07-13 16:26:00,Apartman/Mesken,0.0,2020.0,,1807.6923076923076
KAYSERİ,MELİKGAZİ,HİSARCIK  MAHALLESİ,38.625401,35.506903,140.0,2010.0,1.0,2.0,400000.0,2020-07-13 10:52:00,Apartman/Mesken,,2020.0,10.0,2857.1428571428573
KAYSERİ,KOCASİNAN,YENİDOĞAN MAHALLESİ,38.744213,35.433252,137.0,2016.0,1.0,1.0,385000.0,2020-07-12 12:43:00,Apartman/Mesken,12.0,2020.0,4.0,2810.21897810219
KAYSERİ,MELİKGAZİ,ALPASLAN MAHALLESİ,38.7268,35.5166,149.0,,,,500000.0,2020-07-24 18:02:00,Apartman/Mesken,7.0,2020.0,,3355.7046979865772
KAYSERİ,MELİKGAZİ,MİMARSİNAN MAHALLESİ,38.729932,35.586251,100.0,2020.0,1.0,1.0,200000.0,2020-07-14 08:44:00,Apartman/Mesken,4.0,2020.0,0.0,2000.0
KAYSERİ,MELİKGAZİ,MİMARSİNAN MAHALLESİ,38.77232,35.579652,111.0,2012.0,1.0,3.0,235000.0,2020-07-13 10:09:00,Apartman/Mesken,8.0,2020.0,8.0,2117.1171171171172
KAYSERİ,MELİKGAZİ,BAHÇELİEVLER MAHALLESİ,38.7701,35.5949,134.0,2018.0,1.0,2.0,255000.0,2020-07-13 10:30:00,Apartman/Mesken,3.0,2020.0,2.0,1902.9850746268658
KAYSERİ,KOCASİNAN,BEYAZŞEHİR MAHALLESİ,38.786683,35.584038,129.0,2014.0,1.0,2.0,260000.0,2020-07-13 10:16:00,Apartman/Mesken,11.0,2020.0,6.0,2015.5038759689924
KAYSERİ,MELİKGAZİ,MİMARSİNAN MAHALLESİ,38.7714,35.5804,158.0,2018.0,1.0,1.0,370000.0,2020-07-12 13:42:00,Apartman/Mesken,9.0,2020.0,2.0,2341.772151898734
KAYSERİ,KOCASİNAN,ERKİLET MAHALLESİ,38.799115,35.457451,126.0,2020.0,1.0,2.0,210000.0,2020-07-12 12:49:00,Apartman/Mesken,2.0,2020.0,0.0,1666.6666666666667
KAYSERİ,TALAS,TABLAKAYA MAHALLESİ,38.6976,35.563,48.0,,,,245000.0,2020-07-17 10:40:00,Apartman/Mesken,9.0,2020.0,,5104.166666666667
KAYSERİ,TALAS,TALAS MAHALLESİ,38.7063,35.5702,120.0,2018.0,1.0,2.0,305000.0,2020-07-13 16:54:00,Apartman/Mesken,10.0,2020.0,2.0,2541.6666666666665
KAYSERİ,MELİKGAZİ,ESENTEPE MAHALLESİ,38.7303,35.4297,111.0,2011.0,1.0,2.0,285000.0,2020-07-15 09:15:00,Apartman/Mesken,3.0,2020.0,9.0,2567.5675675675675
KAYSERİ,YAHYALI,KOPÇU  MAHALLESİ,38.2219,35.3792,450.0,,,,1100000.0,2020-07-16 16:38:00,Apartman/Mesken,,2020.0,,2444.4444444444443
KAYSERİ,MELİKGAZİ,KÖŞKDAĞI MAHALLESİ,38.7175,35.516,300.0,,,,1150000.0,2020-07-16 17:48:00,Apartman/Mesken,1.0,2020.0,,3833.3333333333335
KAYSERİ,MELİKGAZİ,ALPASLAN MAHALLESİ,38.7274,35.5128,144.0,,,,420000.0,2020-07-16 10:32:00,Apartman/Mesken,12.0,2020.0,,2916.6666666666665
KAYSERİ,KOCASİNAN,KAVAKYAZISI MAHALLESİ,38.735286,35.505366,82.0,1985.0,1.0,3.0,100000.0,2020-07-17 10:00:00,Apartman/Mesken,-1.0,2020.0,35.0,1219.5121951219512
KAYSERİ,DEVELİ,AŞAĞIEVEREK MAHALLESİ,38.3795,35.4856,125.0,2017.0,1.0,2.0,240000.0,2020-07-17 11:02:00,Apartman/Mesken,3.0,2020.0,3.0,1920.0
KAYSERİ,MELİKGAZİ,ESKİŞEHİR MAHALLESİ,38.6901,35.4944,135.0,1994.0,1.0,3.0,320000.0,2020-07-16 14:53:00,Apartman/Mesken,,2020.0,26.0,2370.3703703703704
KAYSERİ,MELİKGAZİ,MİMARSİNAN MAHALLESİ,38.7617,35.5737,94.0,2019.0,1.0,2.0,265000.0,2020-07-15 16:22:00,Apartman/Mesken,,2020.0,1.0,2819.148936170213
KAYSERİ,MELİKGAZİ,SAKARYA MAHALLESİ,38.7389,35.4044,113.0,2014.0,1.0,1.0,355000.0,2020-07-17 17:34:00,Apartman/Mesken,11.0,2020.0,6.0,3141.592920353982
KAYSERİ,MELİKGAZİ,1. ESKİŞEHİR MAHALLESİ,38.712951,35.474857,140.0,2006.0,1.0,3.0,360000.0,2020-07-17 10:15:00,Apartman/Mesken,13.0,2020.0,14.0,2571.4285714285716
KAYSERİ,KOCASİNAN,ERKİLET MAHALLESİ,38.7852,35.4522,134.0,2016.0,1.0,2.0,290000.0,2020-07-17 10:27:00,Apartman/Mesken,7.0,2020.0,4.0,2164.179104477612
KAYSERİ,KOCASİNAN,ERKİLET MAHALLESİ,38.7833,35.4539,130.0,,,,255000.0,2020-07-21 09:44:00,Apartman/Mesken,5.0,2020.0,,1961.5384615384614
KAYSERİ,MELİKGAZİ,GESİ MAHALLESİ,38.790214,35.62452,130.0,,,,300000.0,2020-07-21 11:41:00,Apartman/Mesken,7.0,2020.0,,2307.6923076923076
KAYSERİ,TALAS,TALAS MAHALLESİ,38.7094,35.5649,138.0,2009.0,1.0,3.0,340000.0,2020-07-19 12:52:00,Apartman/Mesken,13.0,2020.0,11.0,2463.768115942029
KAYSERİ,TALAS,TALAS MAHALLESİ,38.7051,35.5631,110.0,2000.0,1.0,3.0,220000.0,2020-07-18 12:27:00,Apartman/Mesken,4.0,2020.0,20.0,2000.0
KAYSERİ,TALAS,TALAS MAHALLESİ,38.6997,35.5704,85.0,2019.0,1.0,2.0,270000.0,2020-07-17 17:05:00,Apartman/Mesken,9.0,2020.0,1.0,3176.470588235294
KAYSERİ,MELİKGAZİ,KEYKUBAT MAHALLESİ,38.7463,35.3937,112.0,1992.0,1.0,3.0,185000.0,2020-07-19 12:47:00,Apartman/Mesken,4.0,2020.0,28.0,1651.7857142857142
KAYSERİ,MELİKGAZİ,MİMARSİNAN MAHALLESİ,38.7725,35.5776,115.0,2005.0,1.0,3.0,210000.0,2020-07-20 17:38:00,Apartman/Mesken,8.0,2020.0,15.0,1826.0869565217392
KAYSERİ,KOCASİNAN,KAVAKYAZISI MAHALLESİ,38.732807,35.503937,125.0,2018.0,1.0,3.0,355000.0,2020-07-17 16:14:00,Apartman/Mesken,5.0,2020.0,2.0,2840.0
KAYSERİ,KOCASİNAN,MİTHATPAŞA MAHALLESİ,38.7525,35.4595,84.0,2020.0,1.0,1.0,230000.0,2020-07-20 17:01:00,Apartman/Mesken,7.0,2020.0,0.0,2738.095238095238
KAYSERİ,MELİKGAZİ,ESENTEPE MAHALLESİ,38.7303,35.4289,120.0,2012.0,1.0,2.0,310000.0,2020-07-21 13:56:00,Apartman/Mesken,10.0,2020.0,8.0,2583.3333333333335
KAYSERİ,MELİKGAZİ,HUNAT MAHALLESİ,38.7177,35.4962,118.0,1989.0,1.0,3.0,320000.0,2020-07-20 17:45:00,Apartman/Mesken,5.0,2020.0,31.0,2711.864406779661
KAYSERİ,MELİKGAZİ,KEYKUBAT MAHALLESİ,38.7414,35.4181,132.0,1996.0,1.0,3.0,240000.0,2020-07-21 15:04:00,Apartman/Mesken,3.0,2020.0,24.0,1818.1818181818182
KAYSERİ,TALAS,TALAS MAHALLESİ,38.7148,35.5619,141.0,2019.0,1.0,2.0,410000.0,2020-07-21 09:38:00,Apartman/Mesken,6.0,2020.0,1.0,2907.801418439716
KAYSERİ,MELİKGAZİ,1. ESKİŞEHİR MAHALLESİ,38.6967,35.4872,120.0,2018.0,1.0,2.0,285000.0,2020-07-20 15:29:00,Apartman/Mesken,4.0,2020.0,2.0,2375.0
KAYSERİ,PINARBAŞI,HÜRRİYET MAHALLESİ,38.722843,36.373962,98.0,2009.0,1.0,3.0,160000.0,2020-07-21 16:17:00,Apartman/Mesken,1.0,2020.0,11.0,1632.6530612244899
KAYSERİ,TALAS,TALAS MAHALLESİ,38.713,35.5662,75.0,2019.0,1.0,2.0,260000.0,2020-07-21 10:59:00,Apartman/Mesken,1.0,2020.0,1.0,3466.6666666666665
KAYSERİ,MELİKGAZİ,MİMARSİNAN MAHALLESİ,38.773771,35.58278,110.0,2019.0,1.0,2.0,240000.0,2020-07-22 17:51:00,Apartman/Mesken,8.0,2020.0,1.0,2181.818181818182
KAYSERİ,MELİKGAZİ,MİMARSİNAN MAHALLESİ,38.763366,35.586001,115.0,2019.0,1.0,3.0,250000.0,2020-07-21 14:58:00,Apartman/Mesken,10.0,2020.0,1.0,2173.913043478261
KAYSERİ,KOCASİNAN,YILDIZEVLER MAHALLESİ,38.7416,35.538,136.0,2020.0,1.0,2.0,400000.0,2020-07-22 13:03:00,Apartman/Mesken,7.0,2020.0,0.0,2941.176470588235
KAYSERİ,KOCASİNAN,SÜMER MAHALLESİ,38.746431,35.455396,127.0,2007.0,1.0,3.0,200000.0,2020-07-22 15:47:00,Apartman/Mesken,1.0,2020.0,13.0,1574.8031496062993
KAYSERİ,MELİKGAZİ,YILDIRIM BEYAZIT MAHALLESİ,38.7248,35.5256,238.0,2009.0,1.0,1.0,950000.0,2020-07-22 13:42:00,Apartman/Mesken,14.0,2020.0,11.0,3991.5966386554624
KAYSERİ,MELİKGAZİ,KILIÇASLAN MAHALLESİ,38.7249,35.5007,122.0,,,,230000.0,2020-07-24 09:58:00,Apartman/Mesken,6.0,2020.0,,1885.2459016393443
KAYSERİ,MELİKGAZİ,MİMARSİNAN  MAHALLESİ,38.7402,35.5758,105.0,2005.0,1.0,3.0,185000.0,2020-07-22 16:21:00,Apartman/Mesken,9.0,2020.0,15.0,1761.904761904762
KAYSERİ,MELİKGAZİ,KAZIM KARABEKİR MAHALLESİ,38.7203,35.4487,130.0,2019.0,1.0,2.0,350000.0,2020-07-22 13:09:00,Apartman/Mesken,6.0,2020.0,1.0,2692.3076923076924
KAYSERİ,MELİKGAZİ,KEYKUBAT MAHALLESİ,38.7425,35.4152,125.0,,,,235000.0,2020-07-23 18:11:00,Apartman/Mesken,3.0,2020.0,,1880.0
KAYSERİ,İNCESU,VALİ İHSAN ARAS MAHALLESİ,38.623366,35.188565,125.0,2002.0,1.0,3.0,240000.0,2020-07-24 12:03:00,Apartman/Mesken,2.0,2020.0,18.0,1920.0
KAYSERİ,MELİKGAZİ,KEYKUBAT MAHALLESİ,38.7468,35.4053,113.0,1987.0,1.0,3.0,210000.0,2020-07-24 12:46:00,Apartman/Mesken,1.0,2020.0,33.0,1858.4070796460178
KAYSERİ,MELİKGAZİ,KEYKUBAT  MAHALLESİ,38.740301,35.397632,104.0,1995.0,1.0,3.0,180000.0,2020-07-23 10:51:00,Apartman/Mesken,,2020.0,25.0,1730.7692307692307
KAYSERİ,MELİKGAZİ,GESİ  MAHALLESİ,38.7873,35.6113,102.0,2004.0,1.0,2.0,225000.0,2020-07-23 13:59:00,Apartman/Mesken,,2020.0,16.0,2205.8823529411766
KAYSERİ,MELİKGAZİ,KAZIM KARABEKİR MAHALLESİ,38.7207,35.4484,111.0,2020.0,1.0,1.0,350000.0,2020-07-22 17:29:00,Apartman/Mesken,,2020.0,0.0,3153.153153153153
KAYSERİ,MELİKGAZİ,TINAZTEPE MAHALLESİ,38.7364,35.3819,110.0,2002.0,1.0,2.0,245000.0,2020-07-23 11:40:00,Apartman/Mesken,,2020.0,18.0,2227.2727272727275
KAYSERİ,MELİKGAZİ,YEŞİLYURT MAHALLESİ,38.7919,35.6181,123.0,2020.0,1.0,1.0,325000.0,2020-07-24 11:08:00,Apartman/Mesken,6.0,2020.0,0.0,2642.276422764228
KAYSERİ,KOCASİNAN,KARPUATAN DÜZ MAHALLESİ,38.756,35.4666,112.0,2003.0,1.0,3.0,200000.0,2020-07-23 10:37:00,Apartman/Mesken,3.0,2020.0,17.0,1785.7142857142858
KAYSERİ,MELİKGAZİ,MİMARSİNAN  MAHALLESİ,38.7583,35.5908,117.0,2020.0,1.0,1.0,260000.0,2020-07-24 11:26:00,Apartman/Mesken,,2020.0,0.0,2222.222222222222
KAYSERİ,MELİKGAZİ,OSMANLI MAHALLESİ,38.6926,35.4763,111.0,,,,220000.0,2020-07-27 13:27:00,Apartman/Mesken,5.0,2020.0,,1981.981981981982
KAYSERİ,TALAS,HARMAN MAHALLESİ,38.6877,35.5454,142.0,2005.0,1.0,2.0,455000.0,2020-07-24 12:18:00,Apartman/Mesken,8.0,2020.0,15.0,3204.225352112676
KAYSERİ,TALAS,TALAS MAHALLESİ,38.7104,35.565,77.0,,,,230000.0,2020-07-29 08:43:00,Apartman/Mesken,1.0,2020.0,,2987.012987012987
KAYSERİ,KOCASİNAN,UĞUREVLER MAHALLESİ,38.735925,35.529071,124.0,2019.0,1.0,2.0,400000.0,2020-07-24 17:48:00,Apartman/Mesken,10.0,2020.0,1.0,3225.8064516129034
KAYSERİ,MELİKGAZİ,TONTAR MAHALLESİ,38.6949,35.4942,134.0,,,,200000.0,2020-07-30 08:56:00,Apartman/Mesken,2.0,2020.0,,1492.5373134328358
KAYSERİ,KOCASİNAN,KAVAKYAZISI MAHALLESİ,38.7325,35.5016,99.0,,,,100000.0,2020-07-28 15:58:00,Apartman/Mesken,-1.0,2020.0,,1010.10101010101
KAYSERİ,KOCASİNAN,KÖTÜGÖLLER  MAHALLESİ,38.7594,35.4924,91.0,1993.0,1.0,3.0,165000.0,2020-07-27 17:42:00,Apartman/Mesken,1.0,2020.0,27.0,1813.1868131868132
KAYSERİ,KOCASİNAN,SÜMER  MAHALLESİ,38.7441,35.4593,124.0,1.0,1.0,1.0,365000.0,2020-07-27 17:47:00,Apartman/Mesken,,2020.0,,2943.548387096774
KAYSERİ,TALAS,TALAS MAHALLESİ,38.7159,35.5615,136.0,2018.0,1.0,2.0,510000.0,2020-07-28 10:32:00,Apartman/Mesken,,2020.0,2.0,3750.0
KAYSERİ,TALAS,MEVLANA MAHALLESİ,38.7121,35.5634,98.0,2013.0,1.0,2.0,250000.0,2020-07-28 12:13:00,Apartman/Mesken,,2020.0,7.0,2551.0204081632655
KAYSERİ,KOCASİNAN,KÖTÜGÖLLER  MAHALLESİ,38.7537,35.4898,125.0,2018.0,1.0,2.0,315000.0,2020-07-27 17:51:00,Apartman/Mesken,,2020.0,2.0,2520.0
KAYSERİ,MELİKGAZİ,KEYKUBAT MAHALLESİ,38.74833,35.396431,80.0,,,,160000.0,2020-07-27 17:54:00,Apartman/Mesken,4.0,2020.0,,2000.0
KAYSERİ,MELİKGAZİ,AKKAYA MAHALLESİ,38.7025,35.4364,130.0,,,,300000.0,2020-08-05 09:28:00,Apartman/Mesken,8.0,2020.0,,2307.6923076923076
KAYSERİ,MELİKGAZİ,YENİ MAHALLE MAHALLESİ,38.7198,35.5404,141.0,2011.0,1.0,2.0,380000.0,2020-07-28 17:59:00,Apartman/Mesken,14.0,2020.0,9.0,2695.0354609929077
KAYSERİ,MELİKGAZİ,AYDINLIKEVLER MAHALLESİ,38.721068,35.470578,136.0,2009.0,1.0,3.0,300000.0,2020-07-29 15:19:00,Apartman/Mesken,2.0,2020.0,11.0,2205.8823529411766
KAYSERİ,MELİKGAZİ,YEŞİLYURT MAHALLESİ,38.7918,35.6198,122.0,2020.0,1.0,1.0,290000.0,2020-07-29 11:13:00,Apartman/Mesken,1.0,2020.0,0.0,2377.0491803278687
KAYSERİ,MELİKGAZİ,YEŞİLYURT MAHALLESİ,38.7917,35.6183,136.0,2020.0,1.0,1.0,305000.0,2020-07-29 13:10:00,Apartman/Mesken,12.0,2020.0,0.0,2242.6470588235293
KAYSERİ,MELİKGAZİ,MİMARSİNAN MAHALLESİ,38.7634,35.586,120.0,2019.0,1.0,2.0,270000.0,2020-07-28 18:07:00,Apartman/Mesken,5.0,2020.0,1.0,2250.0
KAYSERİ,MELİKGAZİ,MELİKGAZİ MAHALLESİ,38.730993,35.52482,190.0,,,,750000.0,2020-08-04 17:05:00,Apartman/Mesken,12.0,2020.0,,3947.3684210526317
KAYSERİ,KOCASİNAN,SÜMER MAHALLESİ,38.7476,35.4678,113.0,,,,150000.0,2020-08-05 10:34:00,Apartman/Mesken,0.0,2020.0,,1327.4336283185842
KAYSERİ,MELİKGAZİ,MİMARSİNAN MAHALLESİ,38.740992,35.577678,132.0,2020.0,1.0,1.0,315000.0,2020-08-05 13:07:00,Apartman/Mesken,6.0,2020.0,0.0,2386.3636363636365
KAYSERİ,KOCASİNAN,SÜMER MAHALLESİ,38.736,35.4498,126.0,2020.0,1.0,1.0,325000.0,2020-08-04 16:59:00,Apartman/Mesken,6.0,2020.0,0.0,2579.3650793650795
KAYSERİ,MELİKGAZİ,MİMARSİNAN MAHALLESİ,38.767201,35.609634,57.0,2012.0,1.0,2.0,120000.0,2020-08-04 17:08:00,Apartman/Mesken,3.0,2020.0,8.0,2105.2631578947367
KAYSERİ,MELİKGAZİ,KAZIM KARABEKİR MAHALLESİ,38.726,35.4451,130.0,2019.0,1.0,2.0,360000.0,2020-08-05 16:06:00,Apartman/Mesken,4.0,2020.0,1.0,2769.230769230769
KAYSERİ,MELİKGAZİ,GESİ MAHALLESİ,38.787952,35.599661,125.0,2019.0,1.0,3.0,320000.0,2020-08-05 18:01:00,Apartman/Mesken,6.0,2020.0,1.0,2560.0
KAYSERİ,KOCASİNAN,PERVANE MAHALLESİ,38.7441,35.49,175.0,1997.0,1.0,2.0,440000.0,2020-08-06 16:50:00,Apartman/Mesken,12.0,2020.0,23.0,2514.285714285714
KAYSERİ,MELİKGAZİ,BECEN MAHALLESİ,38.6637,35.4902,301.0,,,,1250000.0,2020-08-10 15:24:00,Apartman/Mesken,1.0,2020.0,,4152.8239202657805
KAYSERİ,MELİKGAZİ,ANBAR MAHALLESİ,38.7486,35.3774,90.0,2017.0,1.0,1.0,220000.0,2020-08-05 17:55:00,Apartman/Mesken,2.0,2020.0,3.0,2444.4444444444443
KAYSERİ,MELİKGAZİ,ALPASLAN MAHALLESİ,38.728415,35.514697,210.0,1999.0,1.0,2.0,800000.0,2020-08-07 16:14:00,Apartman/Mesken,11.0,2020.0,21.0,3809.5238095238096
KAYSERİ,MELİKGAZİ,MİMARSİNAN MAHALLESİ,38.7412,35.5785,125.0,2020.0,1.0,2.0,230000.0,2020-08-07 16:27:00,Apartman/Mesken,2.0,2020.0,0.0,1840.0
KAYSERİ,MELİKGAZİ,GERMİR MAHALLESİ,38.744465,35.552224,172.0,2020.0,1.0,1.0,660000.0,2020-08-07 11:54:00,Apartman/Mesken,8.0,2020.0,0.0,3837.2093023255816
KAYSERİ,MELİKGAZİ,OSMANLI MAHALLESİ,38.6838,35.4797,98.0,2018.0,1.0,2.0,160000.0,2020-08-07 17:55:00,Apartman/Mesken,1.0,2020.0,2.0,1632.6530612244899
KAYSERİ,DEVELİ,GÜNEYAŞAĞI MAHALLESİ,38.3703,35.4728,90.0,,,,105000.0,2020-08-12 10:45:00,Apartman/Mesken,1.0,2020.0,,1166.6666666666667
KAYSERİ,TALAS,TALAS MAHALLESİ,38.7168,35.5603,85.0,2018.0,1.0,2.0,320000.0,2020-08-11 10:03:00,Apartman/Mesken,6.0,2020.0,2.0,3764.705882352941
KAYSERİ,KOCASİNAN,ERKİLET MAHALLESİ,38.7951,35.4555,125.0,,,,285000.0,2020-08-11 12:28:00,Apartman/Mesken,7.0,2020.0,,2280.0
KAYSERİ,TALAS,TALAS MAHALLESİ,38.7026,35.5546,141.0,2011.0,1.0,3.0,400000.0,2020-08-11 10:21:00,Apartman/Mesken,11.0,2020.0,9.0,2836.8794326241136
KAYSERİ,MELİKGAZİ,GESİ MAHALLESİ,38.7877,35.5948,127.0,2013.0,1.0,2.0,210000.0,2020-08-11 10:41:00,Apartman/Mesken,0.0,2020.0,7.0,1653.5433070866143
KAYSERİ,TALAS,TALAS MAHALLESİ,38.7072,35.566,115.0,2002.0,1.0,3.0,295000.0,2020-08-11 10:29:00,Apartman/Mesken,3.0,2020.0,18.0,2565.217391304348
KAYSERİ,MELİKGAZİ,KILIÇASLAN MAHALLESİ,38.725,35.5027,147.0,1996.0,1.0,2.0,355000.0,2020-08-11 17:31:00,Apartman/Mesken,12.0,2020.0,24.0,2414.9659863945576
KAYSERİ,TALAS,TALAS MAHALLESİ,38.7116,35.5697,158.0,2020.0,1.0,2.0,435000.0,2020-08-12 15:04:00,Apartman/Mesken,12.0,2020.0,0.0,2753.1645569620255
KAYSERİ,TALAS,TALAS MAHALLESİ,38.7054,35.5695,114.0,2000.0,1.0,3.0,200000.0,2020-08-11 17:36:00,Apartman/Mesken,0.0,2020.0,20.0,1754.3859649122808
KAYSERİ,KOCASİNAN,SÜMER MAHALLESİ,38.735,35.4497,130.0,2019.0,1.0,2.0,275000.0,2020-08-12 10:53:00,Apartman/Mesken,14.0,2020.0,1.0,2115.3846153846152
KAYSERİ,KOCASİNAN,ERKİLET MAHALLESİ,38.7883,35.458,133.0,2014.0,1.0,3.0,290000.0,2020-08-12 15:09:00,Apartman/Mesken,7.0,2020.0,6.0,2180.4511278195487
KAYSERİ,İNCESU,VALİ İHSAN ARAS MAHALLESİ,38.62,35.1866,105.0,,,,110000.0,2020-08-14 09:29:00,Apartman/Mesken,4.0,2020.0,,1047.6190476190477
KAYSERİ,MELİKGAZİ,KAZIM KARABEKİR MAHALLESİ,38.72468,35.448264,125.0,2020.0,1.0,2.0,380000.0,2020-08-14 15:14:00,Apartman/Mesken,4.0,2020.0,0.0,3040.0
KAYSERİ,MELİKGAZİ,KEYKUBAT  MAHALLESİ,38.746837,35.404188,101.0,1987.0,1.0,3.0,200000.0,2020-08-14 08:59:00,Apartman/Mesken,0.0,2020.0,33.0,1980.1980198019803
KAYSERİ,MELİKGAZİ,MİMARSİNAN MAHALLESİ,38.725379,35.598964,113.0,1987.0,3.0,3.0,145000.0,2020-08-14 14:56:00,Apartman/Mesken,1.0,2020.0,33.0,1283.1858407079646
KAYSERİ,İNCESU,VALİ İHSAN ARAS MAHALLESİ,38.6232,35.1837,110.0,,,,130000.0,2020-08-19 09:40:00,Apartman/Mesken,0.0,2020.0,,1181.8181818181818
KAYSERİ,TALAS,TALAS MAHALLESİ,38.7045,35.5618,132.0,2000.0,1.0,3.0,315000.0,2020-08-15 16:53:00,Apartman/Mesken,4.0,2020.0,20.0,2386.3636363636365
KAYSERİ,MELİKGAZİ,1.ESKİŞEHİR MAHALLESİ,38.7004,35.4854,112.0,2018.0,1.0,1.0,300000.0,2020-08-17 18:11:00,Apartman/Mesken,1.0,2020.0,2.0,2678.5714285714284
KAYSERİ,MELİKGAZİ,MİMARSİNAN MAHALLESİ,38.740789,35.577202,155.0,2008.0,1.0,3.0,285000.0,2020-08-17 14:40:00,Apartman/Mesken,4.0,2020.0,12.0,1838.7096774193549
KAYSERİ,MELİKGAZİ,YEŞİLYURT MAHALLESİ,38.7947,35.5935,85.0,2020.0,1.0,2.0,220000.0,2020-08-18 14:36:00,Apartman/Mesken,8.0,2020.0,0.0,2588.235294117647
KAYSERİ,KOCASİNAN,KAVAKYAZISI MAHALLESİ,38.7351,35.5017,92.0,1978.0,1.0,2.0,210000.0,2020-08-19 16:11:00,Apartman/Mesken,,2020.0,42.0,2282.608695652174
KAYSERİ,KOCASİNAN,BEYAZŞEHİR MAHALLESİ,38.781544,35.594986,132.0,2020.0,1.0,1.0,345000.0,2020-08-19 10:51:00,Apartman/Mesken,6.0,2020.0,0.0,2613.6363636363635
KAYSERİ,KOCASİNAN,BEYAZŞEHİR MAHALLESİ,38.785301,35.591518,119.0,2004.0,1.0,3.0,215000.0,2020-08-18 17:23:00,Apartman/Mesken,12.0,2020.0,16.0,1806.7226890756303
KAYSERİ,MELİKGAZİ,MİMARSİNAN MAHALLESİ,38.7739,35.58,130.0,,,,330000.0,2020-08-24 18:09:00,Apartman/Mesken,4.0,2020.0,,2538.4615384615386
KAYSERİ,KOCASİNAN,KAVAKYAZISI MAHALLESİ,38.7305,35.5074,70.0,,,,110000.0,2020-08-21 13:33:00,Apartman/Mesken,-1.0,2020.0,,1571.4285714285713
KAYSERİ,TALAS,KİÇİKÖY MAHALLESİ,38.6959,35.5476,105.0,,,,185000.0,2020-08-19 18:23:00,Apartman/Mesken,1.0,2020.0,,1761.904761904762
KAYSERİ,MELİKGAZİ,KANLIYURT MAHALLESİ,38.733251,35.434378,93.0,,,,170000.0,2020-08-21 14:07:00,Apartman/Mesken,2.0,2020.0,,1827.9569892473119
KAYSERİ,MELİKGAZİ,KEYKUBAT MAHALLESİ,38.7401,35.4215,100.0,,,,210000.0,2020-09-07 11:54:00,Apartman/Mesken,-1.0,2020.0,,2100.0
KAYSERİ,MELİKGAZİ,KILIÇASLAN MAHALLESİ,38.7246,35.4991,110.0,1976.0,1.0,3.0,250000.0,2020-08-25 10:11:00,Apartman/Mesken,,2020.0,44.0,2272.7272727272725
KAYSERİ,MELİKGAZİ,AYDINLAR MAHALLESİ,38.7294,35.5746,127.0,2015.0,1.0,2.0,260000.0,2020-08-20 17:11:00,Apartman/Mesken,7.0,2020.0,5.0,2047.244094488189
KAYSERİ,MELİKGAZİ,ESENTEPE MAHALLESİ,38.730778,35.425908,115.0,2018.0,1.0,3.0,345000.0,2020-08-21 09:43:00,Apartman/Mesken,12.0,2020.0,2.0,3000.0
KAYSERİ,MELİKGAZİ,ANBAR Mah. MAHALLESİ,38.7476,35.3777,306.0,1988.0,3.0,4.0,420000.0,2020-08-21 10:54:00,Apartman/Mesken,,2020.0,32.0,1372.549019607843
KAYSERİ,MELİKGAZİ,MİMARSİNAN MAHALLESİ,38.7506,35.5791,126.0,2019.0,1.0,1.0,270000.0,2020-08-21 10:59:00,Apartman/Mesken,1.0,2020.0,1.0,2142.8571428571427
KAYSERİ,KOCASİNAN,ESENTEPE Mah. MAHALLESİ,38.758,35.522,583.0,,,,475000.0,2020-08-24 13:44:00,Apartman/Mesken,,2020.0,,814.7512864493997
KAYSERİ,DEVELİ,ÇAYLICA Mah. MAHALLESİ,38.4204,35.6279,321.0,1980.0,3.0,4.0,125000.0,2020-08-25 14:21:00,Apartman/Mesken,,2020.0,40.0,389.4080996884735
KAYSERİ,KOCASİNAN,PERVANE MAHALLESİ,38.7512,35.4972,116.0,,,,185000.0,2020-08-27 12:22:00,Apartman/Mesken,0.0,2020.0,,1594.8275862068965
KAYSERİ,MELİKGAZİ,MİMARSİNAN MAHALLESİ,38.7582,35.5905,117.0,2020.0,1.0,2.0,255000.0,2020-08-28 09:59:00,Apartman/Mesken,2.0,2020.0,0.0,2179.4871794871797
KAYSERİ,KOCASİNAN,YAVUZSELİM MAHALLESİ,38.7596,35.5669,125.0,2020.0,1.0,2.0,315000.0,2020-08-28 14:50:00,Apartman/Mesken,1.0,2020.0,0.0,2520.0
KAYSERİ,KOCASİNAN,AHİ EVRAN MAHALLESİ,38.7621,35.5716,108.0,,,,715000.0,2020-09-01 13:12:00,Apartman/Mesken,7.0,2020.0,,6620.37037037037
KAYSERİ,TALAS,TALAS MAHALLESİ,38.7067,35.5723,50.0,,,,130000.0,2020-08-31 09:42:00,Apartman/Mesken,-1.0,2020.0,,2600.0
KAYSERİ,KOCASİNAN,PERVANE MAHALLESİ,38.7539,35.4995,132.0,2020.0,1.0,2.0,320000.0,2020-09-01 15:15:00,Apartman/Mesken,2.0,2020.0,0.0,2424.242424242424
KAYSERİ,MELİKGAZİ,GÜLTEPE MAHALLESİ,38.719394,35.507528,123.0,2008.0,1.0,2.0,420000.0,2020-09-01 17:35:00,Apartman/Mesken,2.0,2020.0,12.0,3414.6341463414633
KAYSERİ,MELİKGAZİ,19 MAYIS MAHALLESİ,38.742243,35.381271,125.0,2020.0,1.0,1.0,335000.0,2020-09-02 15:34:00,Apartman/Mesken,3.0,2020.0,0.0,2680.0
KAYSERİ,TALAS,KİÇİKÖY MAHALLESİ,38.6932,35.5509,125.0,1998.0,1.0,3.0,330000.0,2020-09-02 16:47:00,Apartman/Mesken,3.0,2020.0,22.0,2640.0
KAYSERİ,KOCASİNAN,YENİDOĞAN MAHALLESİ,38.7446,35.4318,139.0,2020.0,1.0,2.0,330000.0,2020-09-02 16:55:00,Apartman/Mesken,12.0,2020.0,0.0,2374.1007194244603
KAYSERİ,KOCASİNAN,FEVZİOĞLU MAHALLESİ,38.7586,35.5172,116.0,,,,330000.0,2020-09-07 09:45:00,Apartman/Mesken,8.0,2020.0,,2844.8275862068967
KAYSERİ,İNCESU,VALİ İHSAN ARAS MAHALLESİ,38.6204,35.1858,115.0,2000.0,1.0,3.0,125000.0,2020-09-03 17:29:00,Apartman/Mesken,3.0,2020.0,20.0,1086.9565217391305
KAYSERİ,MELİKGAZİ,İBRAHİM TENNURİ M MAHALLESİ,38.6339,35.5188,120.0,,,,95000.0,2020-09-14 10:16:00,Apartman/Mesken,,2020.0,,791.6666666666666
KAYSERİ,KOCASİNAN,KAVAKYAZISI MAHALLESİ,38.727455,35.494637,194.0,,,,425000.0,2020-09-14 09:21:00,Apartman/Mesken,3.0,2020.0,,2190.721649484536
KAYSERİ,KOCASİNAN,ERTUĞRUL GAZİ MAHALLESİ,38.7854,35.4508,156.0,,,,400000.0,2020-09-15 16:19:00,Apartman/Mesken,7.0,2020.0,,2564.102564102564
KAYSERİ,TALAS,TABLAKAYA Mah. MAHALLESİ,38.6982,35.5629,52.0,,,,125000.0,2020-09-17 15:15:00,Apartman/Mesken,,2020.0,,2403.846153846154
KAYSERİ,MELİKGAZİ,HİSARCIK Mah. MAHALLESİ,38.644029,35.512401,383.0,,,,1090000.0,2020-09-23 09:29:00,Apartman/Mesken,,2020.0,,2845.953002610966
KAYSERİ,KOCASİNAN,KAVAKYAZISI MAHALLESİ,38.7262,35.4967,190.0,1988.0,1.0,3.0,500000.0,2020-09-22 17:40:00,Apartman/Mesken,10.0,2020.0,32.0,2631.5789473684213
KAYSERİ,MELİKGAZİ,MİMARSİNAN MAHALLESİ,38.7685,35.6097,40.0,2012.0,1.0,3.0,80000.0,2020-09-22 16:42:00,Apartman/Mesken,3.0,2020.0,8.0,2000.0
KAYSERİ,MELİKGAZİ,HİSARCIK Mah. MAHALLESİ,38.6235,35.5155,535.0,,,,1540000.0,2020-09-23 14:35:00,Apartman/Mesken,,2020.0,,2878.504672897196
KAYSERİ,MELİKGAZİ,KANLIYURT MAHALLESİ,38.735339,35.417808,125.0,,,,305000.0,2020-09-26 20:21:00,Apartman/Mesken,8.0,2020.0,,2440.0
KAYSERİ,MELİKGAZİ,MİMARSİNAN MAHALLESİ,38.7721,35.578,105.0,2008.0,1.0,2.0,230000.0,2020-09-23 17:49:00,Apartman/Mesken,2.0,2020.0,12.0,2190.4761904761904
KAYSERİ,MELİKGAZİ,MİMARSİNAN MAHALLESİ,38.766816,35.587989,123.0,2020.0,1.0,1.0,330000.0,2020-09-24 17:15:00,Apartman/Mesken,0.0,2020.0,0.0,2682.9268292682927
KAYSERİ,TALAS,ZİNCİDERE  MAHALLESİ,38.644,35.5863,223.0,,,,90000.0,2020-09-30 13:09:00,Apartman/Mesken,,2020.0,,403.58744394618833
KAYSERİ,MELİKGAZİ,GESİ MAHALLESİ,38.7841,35.6101,130.0,2008.0,1.0,2.0,245000.0,2020-09-25 12:39:00,Apartman/Mesken,0.0,2020.0,12.0,1884.6153846153845
KAYSERİ,MELİKGAZİ,HUNAT MAHALLESİ,38.720177,35.494825,84.0,,,,115000.0,2020-09-30 15:46:00,Apartman/Mesken,,2020.0,,1369.047619047619
KAYSERİ,MELİKGAZİ,MİMARSİNAN MAHALLESİ,38.7421,35.5788,128.0,,,,300000.0,2020-10-02 12:23:00,Apartman/Mesken,3.0,2020.0,,2343.75
KAYSERİ,TALAS,TALAS MAHALLESİ,38.7038,35.5683,115.0,,,,330000.0,2020-10-05 15:34:00,Apartman/Mesken,7.0,2020.0,,2869.5652173913045
KAYSERİ,DEVELİ,HARMAN MAHALLESİ,38.394802,35.496793,121.0,,,,205000.0,2020-10-09 10:05:00,Apartman/Mesken,0.0,2020.0,,1694.2148760330579
KAYSERİ,DEVELİ,HARMAN MAHALLESİ,38.39481,35.496777,136.0,,,,230000.0,2020-10-09 10:05:00,Apartman/Mesken,2.0,2020.0,,1691.1764705882354
KAYSERİ,KOCASİNAN,ERKİLET MEHMET AKİF ERSOY MAHALLESİ,38.800174,35.451369,100.0,1987.0,1.0,4.0,160000.0,2020-10-08 10:54:00,Apartman/Mesken,1.0,2020.0,33.0,1600.0
KAYSERİ,TALAS,TALAS MAHALLESİ,38.7166,35.5596,133.0,,,,510000.0,2020-10-08 17:00:00,Apartman/Mesken,3.0,2020.0,,3834.5864661654136
KAYSERİ,MELİKGAZİ,KANLIYURT MAHALLESİ,38.7407,35.4142,87.0,,,,140000.0,2020-10-13 17:30:00,Apartman/Mesken,0.0,2020.0,,1609.1954022988505
KAYSERİ,MELİKGAZİ,KÜÇÜKALİ MAHALLESİ,38.7094,35.4723,96.0,,,,245000.0,2020-10-09 14:11:00,Apartman/Mesken,5.0,2020.0,,2552.0833333333335
KAYSERİ,MELİKGAZİ,TONTAR MAHALLESİ,38.6999,35.4912,80.0,1979.0,1.0,4.0,150000.0,2020-10-10 14:00:00,Apartman/Mesken,1.0,2020.0,41.0,1875.0
KAYSERİ,MELİKGAZİ,DEMİRCİYAZISI MAHALLESİ,38.704256,35.441963,126.0,,,,305000.0,2020-10-13 14:53:00,Apartman/Mesken,10.0,2020.0,,2420.6349206349205
KAYSERİ,KOCASİNAN,SÜMER MAHALLESİ,38.7436,35.4621,113.0,,,,250000.0,2020-10-12 15:46:00,Apartman/Mesken,7.0,2020.0,,2212.3893805309735
KAYSERİ,TALAS,HAN Mah. MAHALLESİ,38.6861,35.5616,515.0,,,,970000.0,2020-10-23 13:41:00,Apartman/Mesken,,2020.0,,1883.495145631068
KAYSERİ,MELİKGAZİ,MİMARSİNAN MAHALLESİ,38.7666,35.5983,115.0,,,,215000.0,2020-10-13 13:20:00,Apartman/Mesken,9.0,2020.0,,1869.5652173913043
KAYSERİ,MELİKGAZİ,MİMARSİNAN MAHALLESİ,38.767362,35.601585,100.0,2010.0,1.0,3.0,215000.0,2020-10-14 16:42:00,Apartman/Mesken,5.0,2020.0,10.0,2150.0
KAYSERİ,TALAS,TALAS MAHALLESİ,38.7043,35.5591,140.0,,,,300000.0,2020-10-16 10:08:00,Apartman/Mesken,1.0,2020.0,,2142.8571428571427
KAYSERİ,MELİKGAZİ,EMİRAĞA MAHALLESİ,38.7132,35.4793,127.0,,,,350000.0,2020-10-16 10:08:00,Apartman/Mesken,13.0,2020.0,,2755.9055118110236
KAYSERİ,MELİKGAZİ,KEYKUBAT MAHALLESİ,38.74131,35.405989,110.0,2009.0,1.0,3.0,225000.0,2020-10-16 10:07:00,Apartman/Mesken,2.0,2020.0,11.0,2045.4545454545455
KAYSERİ,MELİKGAZİ,MİMARSİNAN MAHALLESİ,38.7321,35.5856,110.0,2020.0,1.0,2.0,260000.0,2020-10-17 11:15:00,Apartman/Mesken,4.0,2020.0,0.0,2363.6363636363635
KAYSERİ,KOCASİNAN,SÜMER MAHALLESİ,38.736072,35.449889,130.0,2019.0,1.0,2.0,360000.0,2020-10-17 11:36:00,Apartman/Mesken,8.0,2020.0,1.0,2769.230769230769
KAYSERİ,MELİKGAZİ,KÖŞKDAĞI MAHALLESİ,38.7163,35.5144,174.0,,,,900000.0,2020-10-22 10:07:00,Apartman/Mesken,11.0,2020.0,,5172.413793103448
KAYSERİ,TALAS,KİÇİKÖY MAHALLESİ,38.6903,35.5605,130.0,,,,350000.0,2020-10-22 11:13:00,Apartman/Mesken,9.0,2020.0,,2692.3076923076924
KAYSERİ,MELİKGAZİ,MİMARSİNAN MAHALLESİ,38.7427,35.5748,123.0,2020.0,1.0,2.0,250000.0,2020-10-23 08:39:00,Apartman/Mesken,2.0,2020.0,0.0,2032.520325203252
KAYSERİ,MELİKGAZİ,GESİ MAHALLESİ,38.7852,35.5987,126.0,2014.0,1.0,2.0,240000.0,2020-10-26 11:58:00,Apartman/Mesken,0.0,2020.0,6.0,1904.7619047619048
KAYSERİ,MELİKGAZİ,GESİ MAHALLESİ,38.7851,35.6132,100.0,2003.0,1.0,3.0,230000.0,2020-10-26 16:16:00,Apartman/Mesken,5.0,2020.0,17.0,2300.0
KAYSERİ,DEVELİ,FENESEAŞAĞI MAHALLESİ,38.38868,35.494573,76.0,,,,75000.0,2020-10-28 12:00:00,Apartman/Mesken,1.0,2020.0,,986.8421052631579
KAYSERİ,İNCESU,SÜKSÜN/ZAFER Mah. MAHALLESİ,38.8005,35.2253,195.0,,,,400000.0,2020-10-30 10:54:00,Apartman/Mesken,,2020.0,,2051.2820512820513
KAYSERİ,MELİKGAZİ,KAZIM KARABEKİR MAHALLESİ,38.7241,35.4458,112.0,,,,315000.0,2020-11-02 13:09:00,Apartman/Mesken,4.0,2020.0,,2812.5
KAYSERİ,TALAS,HARMAN MAHALLESİ,38.6841,35.5506,131.0,2012.0,1.0,2.0,360000.0,2020-10-28 13:24:00,Apartman/Mesken,6.0,2020.0,8.0,2748.091603053435
KAYSERİ,TALAS,TALAS MAHALLESİ,38.6988,35.5638,122.0,2010.0,1.0,2.0,325000.0,2020-10-28 11:36:00,Apartman/Mesken,3.0,2020.0,10.0,2663.934426229508
KAYSERİ,KOCASİNAN,ÖRNEKEVLER MAHALLESİ,38.728631,35.480148,69.0,,,,135000.0,2020-10-30 12:06:00,Apartman/Mesken,0.0,2020.0,,1956.5217391304348
KAYSERİ,TALAS,TALAS MAHALLESİ,38.7073,35.5693,126.0,,,,270000.0,2020-11-02 17:06:00,Apartman/Mesken,14.0,2020.0,,2142.8571428571427
KAYSERİ,TALAS,TALAS MAHALLESİ,38.699858,35.558251,34.0,,,,165000.0,2020-11-03 11:13:00,Apartman/Mesken,7.0,2020.0,,4852.941176470588
KAYSERİ,KOCASİNAN,ÖRNEKEVLER MAHALLESİ,38.7277,35.4826,73.0,,,,140000.0,2020-11-03 12:15:00,Apartman/Mesken,1.0,2020.0,,1917.8082191780823
KAYSERİ,TALAS,TALAS MAHALLESİ,38.7044,35.5665,110.0,2002.0,1.0,3.0,260000.0,2020-11-04 10:04:00,Apartman/Mesken,2.0,2020.0,18.0,2363.6363636363635
KAYSERİ,KOCASİNAN,ERKİLET GENERALEMİR MAHALLESİ,38.8063,35.4522,113.0,,,,260000.0,2020-11-05 09:19:00,Apartman/Mesken,3.0,2020.0,,2300.8849557522126
KAYSERİ,MELİKGAZİ,ERENKÖY Mah. MAHALLESİ,38.6808,35.5148,398.0,,,,1950000.0,2020-11-17 11:46:00,Apartman/Mesken,,2020.0,,4899.497487437186
KAYSERİ,TALAS,TALAS MAHALLESİ,38.7163,35.5598,135.0,2018.0,1.0,2.0,420000.0,2020-11-05 09:54:00,Apartman/Mesken,6.0,2020.0,2.0,3111.1111111111113
KAYSERİ,MELİKGAZİ,19 MAYIS MAHALLESİ,38.7439,35.3798,125.0,,,,350000.0,2020-11-06 17:20:00,Apartman/Mesken,7.0,2020.0,,2800.0
KAYSERİ,MELİKGAZİ,SAKARYA MAHALLESİ,38.737611,35.40143,115.0,2018.0,1.0,3.0,300000.0,2020-11-06 14:48:00,Apartman/Mesken,3.0,2020.0,2.0,2608.695652173913
KAYSERİ,MELİKGAZİ,MİMARSİNAN MAHALLESİ,38.7704,35.5856,115.0,,,,230000.0,2020-11-10 12:25:00,Apartman/Mesken,9.0,2020.0,,2000.0
KAYSERİ,MELİKGAZİ,GÜLÜK MAHALLESİ,38.716443,35.475325,124.0,1999.0,1.0,3.0,265000.0,2020-11-10 17:07:00,Apartman/Mesken,1.0,2020.0,21.0,2137.0967741935483
KAYSERİ,KOCASİNAN,BEYAZŞEHİR MAHALLESİ,38.781596,35.595037,132.0,,,,330000.0,2020-11-11 15:55:00,Apartman/Mesken,6.0,2020.0,,2500.0
KAYSERİ,TALAS,HARMAN MAHALLESİ,38.6849,35.5511,133.0,,,,350000.0,2020-11-17 11:43:00,Apartman/Mesken,9.0,2020.0,,2631.5789473684213
KAYSERİ,TALAS,TALAS MAHALLESİ,38.7004,35.5714,38.0,2010.0,1.0,3.0,150000.0,2020-11-12 15:37:00,Apartman/Mesken,8.0,2020.0,10.0,3947.3684210526317
KAYSERİ,BÜNYAN,CUMHURİYET MAHALLESİ,38.8558,35.8475,123.0,1997.0,1.0,2.0,190000.0,2020-11-12 17:09:00,Apartman/Mesken,5.0,2020.0,23.0,1544.7154471544716
KAYSERİ,TALAS,TALAS MAHALLESİ,38.712488,35.566874,132.0,,,,410000.0,2020-11-16 11:45:00,Apartman/Mesken,9.0,2020.0,,3106.060606060606
KAYSERİ,MELİKGAZİ,MİMARSİNAN MAHALLESİ,38.7256,35.5906,123.0,,,,300000.0,2020-11-17 17:07:00,Apartman/Mesken,12.0,2020.0,,2439.0243902439024
KAYSERİ,TALAS,TALAS MAHALLESİ,38.7114,35.5693,122.0,,,,260000.0,2020-11-18 10:05:00,Apartman/Mesken,11.0,2020.0,,2131.1475409836066
KAYSERİ,MELİKGAZİ,ALTINOLUK MAHALLESİ,38.6931,35.4305,145.0,,,,450000.0,2020-11-18 15:53:00,Apartman/Mesken,1.0,2020.0,,3103.448275862069
KAYSERİ,MELİKGAZİ,KAZIM KARABEKİR MAHALLESİ,38.725384,35.446239,110.0,2020.0,1.0,2.0,385000.0,2020-11-19 11:23:00,Apartman/Mesken,7.0,2020.0,0.0,3500.0
KAYSERİ,MELİKGAZİ,ÇAY MAHALLESİ,38.6928,35.5201,373.0,,,,2350000.0,2020-11-23 09:47:00,Apartman/Mesken,1.0,2020.0,,6300.268096514746
KAYSERİ,KOCASİNAN,ERKİLET MAHALLESİ,38.79904,35.457392,129.0,,,,280000.0,2020-11-26 12:09:00,Apartman/Mesken,3.0,2020.0,,2170.5426356589146
KAYSERİ,MELİKGAZİ,MİMARSİNAN MAHALLESİ,38.7604,35.5895,127.0,,,,290000.0,2020-11-22 17:18:00,Apartman/Mesken,11.0,2020.0,,2283.464566929134
KAYSERİ,KOCASİNAN,ŞEKER MAHALLESİ,38.7694,35.4159,48.0,,,,175000.0,2020-11-22 18:09:00,Apartman/Mesken,0.0,2020.0,,3645.8333333333335
KAYSERİ,MELİKGAZİ,19 MAYIS MAHALLESİ,38.7439,35.3798,125.0,,,,340000.0,2020-11-22 18:21:00,Apartman/Mesken,2.0,2020.0,,2720.0
KAYSERİ,TALAS,TALAS  MAHALLESİ,38.700448,35.564471,155.0,2009.0,1.0,2.0,1350000.0,2020-11-21 17:16:00,Apartman/Mesken,5.0,2020.0,11.0,8709.677419354839
KAYSERİ,MELİKGAZİ,GÜLTEPE MAHALLESİ,38.717871,35.507243,192.0,2014.0,1.0,1.0,1200000.0,2020-11-23 12:49:00,Apartman/Mesken,7.0,2020.0,6.0,6250.0
KAYSERİ,TALAS,TALAS MAHALLESİ,38.7054,35.5606,132.0,2009.0,1.0,3.0,240000.0,2020-11-23 17:29:00,Apartman/Mesken,1.0,2020.0,11.0,1818.1818181818182
KAYSERİ,TALAS,HARMAN MAHALLESİ,38.6891,35.5441,176.0,,,,800000.0,2020-11-24 16:25:00,Apartman/Mesken,7.0,2020.0,,4545.454545454545
KAYSERİ,MELİKGAZİ,YILDIRIM BEYAZIT MAHALLESİ,38.7337,35.5333,176.0,,,,800000.0,2020-11-30 10:01:00,Apartman/Mesken,6.0,2020.0,,4545.454545454545
KAYSERİ,MELİKGAZİ,KONAKLAR MAHALLESİ,38.7202,35.5664,176.0,,,,860000.0,2020-11-27 15:01:00,Apartman/Mesken,7.0,2020.0,,4886.363636363636
KAYSERİ,TALAS,TALAS MAHALLESİ,38.700834,35.566767,80.0,,,,240000.0,2020-11-28 17:24:00,Apartman/Mesken,5.0,2020.0,,3000.0
KAYSERİ,MELİKGAZİ,KEYKUBAT MAHALLESİ,38.740021,35.394811,82.0,1995.0,1.0,3.0,185000.0,2020-12-01 14:26:00,Apartman/Mesken,5.0,2020.0,25.0,2256.0975609756097
KAYSERİ,KOCASİNAN,KAVAKYAZISI MAHALLESİ,38.7272,35.5058,255.0,,,,750000.0,2020-12-02 10:58:00,Apartman/Mesken,6.0,2020.0,,2941.176470588235
KAYSERİ,MELİKGAZİ,KEYKUBAT MAHALLESİ,38.7493,35.3893,103.0,,,,265000.0,2020-12-04 17:07:00,Apartman/Mesken,1.0,2020.0,,2572.8155339805826
KAYSERİ,MELİKGAZİ,ŞİRİNTEPE MAHALLESİ,38.73872,35.581841,133.0,,,,350000.0,2020-12-03 10:55:00,Apartman/Mesken,4.0,2020.0,,2631.5789473684213
KAYSERİ,YEŞİLHİSAR,HACIBEKTAŞ MAHALLESİ,38.35918,35.080582,85.0,,,,140000.0,2020-12-03 11:15:00,Apartman/Mesken,1.0,2020.0,,1647.0588235294117
KAYSERİ,KOCASİNAN,MİTHATPAŞA MAHALLESİ,38.7552,35.4645,129.0,,,,350000.0,2020-12-03 12:52:00,Apartman/Mesken,8.0,2020.0,,2713.1782945736436
KAYSERİ,MELİKGAZİ,ANBAR MAHALLESİ,38.7322,35.3836,117.0,,,,270000.0,2020-12-04 17:08:00,Apartman/Mesken,8.0,2020.0,,2307.6923076923076
KAYSERİ,DEVELİ,REŞADİYE MAHALLESİ,38.3762,35.4646,97.0,,,,100000.0,2020-12-08 12:16:00,Apartman/Mesken,0.0,2020.0,,1030.9278350515465
KAYSERİ,TALAS,YUKARI TALAS MAHALLESİ,38.667886,35.574041,117.0,,,,470000.0,2020-12-07 16:28:00,Villa,-1.0,2020.0,,4017.094017094017
KAYSERİ,KOCASİNAN,SÜMER MAHALLESİ,38.739916,35.462107,106.0,,,,280000.0,2020-12-06 15:40:00,Apartman/Mesken,9.0,2020.0,,2641.509433962264
KAYSERİ,KOCASİNAN,SÜMER MAHALLESİ,38.7425,35.455,133.0,,,,410000.0,2020-12-06 16:13:00,Apartman/Mesken,2.0,2020.0,,3082.7067669172934
KAYSERİ,MELİKGAZİ,DEMOKRASİ MAHALLESİ,38.7708,35.5954,130.0,,,,255000.0,2020-12-07 16:59:00,Apartman/Mesken,9.0,2020.0,,1961.5384615384614
KAYSERİ,KOCASİNAN,PERVANE MAHALLESİ,38.7423,35.4976,141.0,,,,520000.0,2020-12-10 21:10:00,Apartman/Mesken,12.0,2020.0,,3687.9432624113474
KAYSERİ,KOCASİNAN,KAVAKYAZISI MAHALLESİ,38.7371,35.5147,105.0,1982.0,1.0,3.0,200000.0,2020-12-10 12:08:00,Apartman/Mesken,2.0,2020.0,38.0,1904.7619047619048
KAYSERİ,MELİKGAZİ,ŞİRİNTEPE MAHALLESİ,38.741,35.5777,134.0,,,,300000.0,2020-12-15 12:16:00,Apartman/Mesken,1.0,2020.0,,2238.805970149254
KAYSERİ,MELİKGAZİ,KEYKUBAT MAHALLESİ,38.7432,35.4038,102.0,1980.0,3.0,3.0,180000.0,2020-12-15 12:03:00,Apartman/Mesken,1.0,2020.0,40.0,1764.7058823529412
KAYSERİ,MELİKGAZİ,GÜLTEPE MAHALLESİ,38.717812,35.511771,186.0,,,,650000.0,2020-12-15 11:54:00,Apartman/Mesken,9.0,2020.0,,3494.6236559139784
KAYSERİ,MELİKGAZİ,ALTINOLUK MAHALLESİ,38.6984,35.447,117.0,,,,290000.0,2020-12-17 21:20:00,Apartman/Mesken,8.0,2020.0,,2478.6324786324785
KAYSERİ,MELİKGAZİ,OSMANLI Mah. MAHALLESİ,38.69496,35.481424,370.0,2017.0,1.0,3.0,410000.0,2020-12-17 11:03:00,Apartman/Mesken,,2020.0,3.0,1108.1081081081081
KAYSERİ,MELİKGAZİ,DEMOKRASİ MAHALLESİ,38.756333,35.602988,117.0,2020.0,1.0,1.0,210000.0,2020-12-23 15:28:00,Apartman/Mesken,5.0,2020.0,0.0,1794.871794871795
KAYSERİ,KOCASİNAN,FEVZİOĞLU  MAHALLESİ,38.7647,35.519,195.0,,,,315000.0,2020-12-27 18:06:00,Apartman/Mesken,,2020.0,,1615.3846153846155
KAYSERİ,MELİKGAZİ,MİMARSİNAN MAHALLESİ,38.73187,35.592868,172.0,,,,265000.0,2020-12-27 18:06:00,Apartman/Mesken,0.0,2020.0,,1540.6976744186047
KAYSERİ,KOCASİNAN,KÖTÜGÖLLER MAHALLESİ,38.7541,35.49,123.0,,,,325000.0,2020-12-25 11:17:00,Apartman/Mesken,2.0,2020.0,,2642.276422764228
KAYSERİ,MELİKGAZİ,DEMOKRASİ MAHALLESİ,38.767004,35.598237,111.0,2007.0,1.0,3.0,220000.0,2020-12-25 11:40:00,Apartman/Mesken,3.0,2020.0,13.0,1981.981981981982
KAYSERİ,KOCASİNAN,MİTHATPAŞA MAHALLESİ,38.7522,35.4596,125.0,,,,330000.0,2020-12-30 16:26:00,Apartman/Mesken,2.0,2020.0,,2640.0
KAYSERİ,MELİKGAZİ,TONTAR MAHALLESİ,38.7058,35.4956,138.0,,,,500000.0,2020-12-30 17:36:00,Apartman/Mesken,4.0,2020.0,,3623.1884057971015
KAYSERİ,MELİKGAZİ,GESİ MAHALLESİ,38.788069,35.590628,87.0,,,,1355000.0,2021-01-04 15:35:00,Apartman/Mesken,1.0,2021.0,,15574.71264367816
KAYSERİ,TALAS,TALAS MAHALLESİ,38.7145,35.5623,139.0,,,,125000.0,2021-01-06 18:30:00,Apartman/Mesken,6.0,2021.0,,899.2805755395683
KAYSERİ,MELİKGAZİ,19 MAYIS MAHALLESİ,38.7439,35.3798,124.0,,,,345000.0,2021-01-06 18:29:00,Apartman/Mesken,11.0,2021.0,,2782.2580645161293
KAYSERİ,KOCASİNAN,SÜMER MAHALLESİ,38.7426,35.4549,133.0,,,,425000.0,2021-01-11 11:17:00,Apartman/Mesken,6.0,2021.0,,3195.4887218045114
KAYSERİ,MELİKGAZİ,GESİ Mah. MAHALLESİ,38.7939,35.6327,186.0,,,,625000.0,2021-01-11 23:24:00,Apartman/Mesken,,2021.0,,3360.2150537634407
KAYSERİ,DEVELİ,YENİMAHALLE MAHALLESİ,38.3955,35.4852,99.0,,,,200000.0,2021-01-13 12:31:00,Apartman/Mesken,-1.0,2021.0,,2020.20202020202
KAYSERİ,MELİKGAZİ,GÜLTEPE MAHALLESİ,38.7205,35.5102,180.0,2002.0,1.0,2.0,715000.0,2021-01-12 14:17:00,Apartman/Mesken,13.0,2021.0,19.0,3972.222222222222
KAYSERİ,MELİKGAZİ,19 MAYIS MAHALLESİ,38.7439,35.3809,125.0,,,,335000.0,2021-01-18 13:15:00,Apartman/Mesken,1.0,2021.0,,2680.0
KAYSERİ,MELİKGAZİ,DEMİRCİYAZISI MAHALLESİ,38.7044,35.4431,135.0,,,,390000.0,2021-01-17 21:14:00,Apartman/Mesken,4.0,2021.0,,2888.8888888888887
KAYSERİ,MELİKGAZİ,KEYKUBAT MAHALLESİ,38.743716,35.404542,102.0,2021.0,1.0,4.0,200000.0,2021-01-15 17:19:00,Apartman/Mesken,2.0,2021.0,0.0,1960.7843137254902
KAYSERİ,MELİKGAZİ,SAKARYA MAHALLESİ,38.731669,35.406548,90.0,2019.0,1.0,1.0,250000.0,2021-01-18 17:20:00,Apartman/Mesken,1.0,2021.0,2.0,2777.777777777778
KAYSERİ,TALAS,TALAS MAHALLESİ,38.7056,35.5495,135.0,,,,330000.0,2021-01-20 18:31:00,Apartman/Mesken,12.0,2021.0,,2444.4444444444443
KAYSERİ,TALAS,YUKARI TALAS M MAHALLESİ,38.6779,35.5688,290.0,,,,1830000.0,2021-01-20 21:00:00,Apartman/Mesken,,2021.0,,6310.3448275862065
KAYSERİ,KOCASİNAN,KAVAKYAZISI MAHALLESİ,38.727752,35.499851,133.0,,,,380000.0,2021-01-20 22:21:00,Apartman/Mesken,7.0,2021.0,,2857.1428571428573
KAYSERİ,KOCASİNAN,ŞEKER MAHALLESİ,38.7726,35.4116,92.0,,,,330000.0,2021-01-22 12:23:00,Apartman/Mesken,1.0,2021.0,,3586.9565217391305
KAYSERİ,TALAS,YUKARI TALAS M MAHALLESİ,38.676003,35.576648,360.0,,,,1300000.0,2021-01-22 12:33:00,Apartman/Mesken,,2021.0,,3611.1111111111113
KAYSERİ,TALAS,HARMAN MAHALLESİ,38.6883,35.5455,151.0,,,,300000.0,2021-01-22 14:32:00,Apartman/Mesken,1.0,2021.0,,1986.7549668874171
KAYSERİ,MELİKGAZİ,KAZIM KARABEKİR MAHALLESİ,38.7265,35.4439,112.0,,,,360000.0,2021-01-25 13:23:00,Apartman/Mesken,2.0,2021.0,,3214.285714285714
KAYSERİ,MELİKGAZİ,KONAKLAR MAHALLESİ,38.729171,35.547755,98.0,,,,225000.0,2021-01-26 21:50:00,Apartman/Mesken,0.0,2021.0,,2295.918367346939
KAYSERİ,KOCASİNAN,YEMLİHA  MAHALLESİ,38.8736,35.256,405.0,,,,410000.0,2021-01-28 11:19:00,Apartman/Mesken,,2021.0,,1012.3456790123457
KAYSERİ,MELİKGAZİ,GESİ MAHALLESİ,38.7844,35.5967,129.0,2013.0,1.0,2.0,260000.0,2021-01-27 12:18:00,Apartman/Mesken,2.0,2021.0,8.0,2015.5038759689924
KAYSERİ,MELİKGAZİ,KEYKUBAT MAHALLESİ,38.7426,35.3955,110.0,,,,220000.0,2021-01-28 13:48:00,Apartman/Mesken,1.0,2021.0,,2000.0
KAYSERİ,MELİKGAZİ,EĞRİBUCAK MAHALLESİ,38.6797,35.4312,133.0,,,,650000.0,2021-01-29 12:30:00,Villa,1.0,2021.0,,4887.2180451127815
KAYSERİ,TALAS,TALAS MAHALLESİ,38.7123,35.5619,50.0,,,,160000.0,2021-01-29 12:30:00,Apartman/Mesken,1.0,2021.0,,3200.0
KAYSERİ,KOCASİNAN,SEYRANİ MAHALLESİ,38.753146,35.483243,196.0,,,,7530000.0,2021-01-31 20:29:00,Apartman/Mesken,2.0,2021.0,,38418.36734693877
KAYSERİ,KOCASİNAN,BEYAZŞEHİR MAHALLESİ,38.781236,35.582632,132.0,,,,270000.0,2021-02-02 10:36:00,Apartman/Mesken,2.0,2021.0,,2045.4545454545455
KAYSERİ,MELİKGAZİ,ŞİRİNTEPE MAHALLESİ,38.744,35.5752,126.0,2018.0,1.0,1.0,340000.0,2021-02-01 12:02:00,Apartman/Mesken,11.0,2021.0,3.0,2698.4126984126983
KAYSERİ,MELİKGAZİ,ERENKÖY MAHALLESİ,38.6782,35.5037,336.0,2020.0,1.0,2.0,1850000.0,2021-02-02 16:20:00,Apartman/Mesken,1.0,2021.0,1.0,5505.952380952381
KAYSERİ,TALAS,TALAS MAHALLESİ,38.71,35.5518,108.0,,,,250000.0,2021-02-05 10:40:00,Apartman/Mesken,13.0,2021.0,,2314.814814814815
KAYSERİ,MELİKGAZİ,HÜRRİYET MAHALLESİ,38.720876,35.465492,117.0,,,,320000.0,2021-02-09 15:50:00,Apartman/Mesken,4.0,2021.0,,2735.042735042735
KAYSERİ,MELİKGAZİ,KAZIM KARABEKİR MAHALLESİ,38.725998,35.444533,94.0,,,,250000.0,2021-02-11 22:15:00,Apartman/Mesken,4.0,2021.0,,2659.574468085106
KAYSERİ,MELİKGAZİ,YILDIRIM BEYAZIT MAHALLESİ,38.730104,35.534269,20.0,,,,1150000.0,2021-02-11 11:49:00,Apartman/Mesken,6.0,2021.0,,57500.0
KAYSERİ,DEVELİ,İBRAHİMAĞA MAHALLESİ,38.3862,35.4906,123.0,,,,240000.0,2021-02-11 15:46:00,Apartman/Mesken,,2021.0,,1951.219512195122
KAYSERİ,BÜNYAN,BÜYÜKTUZHİSAR  MAHALLESİ,38.9544,35.8511,128.0,2006.0,3.0,3.0,355000.0,2021-02-10 15:59:00,Apartman/Mesken,,2021.0,15.0,2773.4375
KAYSERİ,TALAS,TALAS MAHALLESİ,38.7028,35.5546,132.0,,,,280000.0,2021-02-11 22:47:00,Apartman/Mesken,1.0,2021.0,,2121.212121212121
KAYSERİ,KOCASİNAN,ERKİLET OSMANGAZİ MAHALLESİ,38.7916,35.4621,119.0,,,,275000.0,2021-02-15 10:38:00,Apartman/Mesken,9.0,2021.0,,2310.924369747899
KAYSERİ,MELİKGAZİ,KILIÇASLAN MAHALLESİ,38.7219,35.5042,118.0,1978.0,1.0,3.0,275000.0,2021-02-12 12:01:00,Apartman/Mesken,2.0,2021.0,43.0,2330.508474576271
KAYSERİ,KOCASİNAN,PERVANE MAHALLESİ,38.7426,35.498,141.0,,,,510000.0,2021-02-13 14:13:00,Apartman/Mesken,10.0,2021.0,,3617.021276595745
KAYSERİ,MELİKGAZİ,DEMOKRASİ MAHALLESİ,38.7565,35.6032,117.0,,,,255000.0,2021-02-16 11:59:00,Apartman/Mesken,7.0,2021.0,,2179.4871794871797
KAYSERİ,KOCASİNAN,OYMAAĞAÇ MAHALLESİ,38.7763,35.3911,59.0,,,,170000.0,2021-02-15 21:57:00,Apartman/Mesken,3.0,2021.0,,2881.35593220339
KAYSERİ,MELİKGAZİ,BAHÇELİEVLER MAHALLESİ,38.7641,35.5887,122.0,,,,370000.0,2021-02-16 11:59:00,Apartman/Mesken,1.0,2021.0,,3032.7868852459014
KAYSERİ,MELİKGAZİ,YEŞİLYURT MAHALLESİ,38.7947,35.5925,128.0,,,,295000.0,2021-02-16 19:32:00,Apartman/Mesken,6.0,2021.0,,2304.6875
KAYSERİ,MELİKGAZİ,ALTINOLUK MAHALLESİ,38.6893,35.4355,237.0,,,,1200000.0,2021-02-17 10:35:00,Villa,1.0,2021.0,,5063.291139240507
KAYSERİ,MELİKGAZİ,ALTINOLUK MAHALLESİ,38.7012,35.4482,120.0,,,,350000.0,2021-02-17 10:35:00,Apartman/Mesken,6.0,2021.0,,2916.6666666666665
KAYSERİ,DEVELİ,İBRAHİMAĞA MAHALLESİ,38.383861,35.489112,142.0,,,,320000.0,2021-02-16 21:12:00,Apartman/Mesken,4.0,2021.0,,2253.521126760563
KAYSERİ,TALAS,TALAS MAHALLESİ,38.7132,35.5654,145.0,,,,440000.0,2021-02-18 10:59:00,Apartman/Mesken,6.0,2021.0,,3034.4827586206898
KAYSERİ,MELİKGAZİ,ŞİRİNTEPE MAHALLESİ,38.7428,35.5743,118.0,,,,200000.0,2021-02-19 10:00:00,Apartman/Mesken,1.0,2021.0,,1694.915254237288
KAYSERİ,TALAS,TALAS MAHALLESİ,38.717753,35.561081,138.0,,,,415000.0,2021-02-20 18:26:00,Apartman/Mesken,1.0,2021.0,,3007.246376811594
KAYSERİ,KOCASİNAN,KAVAKYAZISI MAHALLESİ,38.7292,35.4986,80.0,,,,180000.0,2021-02-23 09:05:00,Apartman/Mesken,0.0,2021.0,,2250.0
KAYSERİ,DEVELİ,ÇOMAKLI Mah. MAHALLESİ,38.4438,35.5446,337.0,,,,135000.0,2021-02-23 00:09:00,Apartman/Mesken,,2021.0,,400.593471810089
KAYSERİ,TALAS,KİÇİKÖY MAHALLESİ,38.6909,35.5527,148.0,,,,375000.0,2021-02-24 10:37:00,Apartman/Mesken,4.0,2021.0,,2533.7837837837837
KAYSERİ,MELİKGAZİ,BECEN MAHALLESİ,38.6707,35.4883,273.0,,,,1350000.0,2021-02-22 22:41:00,Apartman/Mesken,0.0,2021.0,,4945.054945054945
KAYSERİ,KOCASİNAN,SÜMER MAHALLESİ,38.7459,35.4677,143.0,,,,320000.0,2021-02-24 10:37:00,Apartman/Mesken,10.0,2021.0,,2237.762237762238
KAYSERİ,KOCASİNAN,PERVANE MAHALLESİ,38.731,35.4923,94.0,2021.0,1.0,2.0,430000.0,2021-02-23 23:23:00,Apartman/Mesken,4.0,2021.0,0.0,4574.468085106383
KAYSERİ,MELİKGAZİ,KAZIM KARABEKİR MAHALLESİ,38.720461,35.448465,111.0,,,,345000.0,2021-02-25 12:22:00,Apartman/Mesken,5.0,2021.0,,3108.108108108108
KAYSERİ,MELİKGAZİ,DEMİRCİYAZISI MAHALLESİ,38.718,35.4597,95.0,,,,220000.0,2021-02-26 19:01:00,Apartman/Mesken,1.0,2021.0,,2315.7894736842104
KAYSERİ,TALAS,HARMAN MAHALLESİ,38.6833,35.5461,145.0,,,,365000.0,2021-02-23 22:28:00,Apartman/Mesken,12.0,2021.0,,2517.2413793103447
KAYSERİ,MELİKGAZİ,KÖŞKDAĞI MAHALLESİ,38.7069,35.5171,95.0,,,,430000.0,2021-02-26 19:00:00,Apartman/Mesken,12.0,2021.0,,4526.315789473684
KAYSERİ,MELİKGAZİ,19 MAYIS MAHALLESİ,38.7443,35.3815,122.0,,,,340000.0,2021-02-26 19:00:00,Apartman/Mesken,9.0,2021.0,,2786.8852459016393
KAYSERİ,MELİKGAZİ,KANLIYURT MAHALLESİ,38.726505,35.412261,116.0,,,,305000.0,2021-03-01 20:27:00,Apartman/Mesken,2.0,2021.0,,2629.310344827586
KAYSERİ,MELİKGAZİ,DEMİRCİYAZISI MAHALLESİ,38.715945,35.461227,107.0,,,,130000.0,2021-03-02 10:10:00,Apartman/Mesken,0.0,2021.0,,1214.9532710280373
KAYSERİ,KOCASİNAN,BEYAZŞEHİR MAHALLESİ,38.782668,35.587095,107.0,2003.0,1.0,3.0,255000.0,2021-03-03 12:32:00,Apartman/Mesken,5.0,2021.0,18.0,2383.177570093458
KAYSERİ,MELİKGAZİ,DEMOKRASİ MAHALLESİ,38.752937,35.606464,98.0,,,,200000.0,2021-03-05 22:31:00,Apartman/Mesken,1.0,2021.0,,2040.8163265306123
KAYSERİ,MELİKGAZİ,ANBAR MAHALLESİ,38.7398,35.3807,115.0,,,,310000.0,2021-03-04 13:44:00,Apartman/Mesken,5.0,2021.0,,2695.6521739130435
KAYSERİ,TALAS,TALAS MAHALLESİ,38.7124,35.5662,87.0,2021.0,1.0,2.0,280000.0,2021-03-03 15:15:00,Apartman/Mesken,11.0,2021.0,0.0,3218.390804597701
KAYSERİ,KOCASİNAN,ERTUĞRUL GAZİ MAHALLESİ,38.7878,35.4497,140.0,,,,375000.0,2021-03-08 10:43:00,Apartman/Mesken,2.0,2021.0,,2678.5714285714284
KAYSERİ,YAHYALI,100.YIL MAHALLESİ,38.110778,35.35344,145.0,2021.0,1.0,2.0,420000.0,2021-03-08 15:55:00,Apartman/Mesken,3.0,2021.0,0.0,2896.551724137931
KAYSERİ,KOCASİNAN,ÖRNEKEVLER MAHALLESİ,38.7276,35.4826,73.0,,,,155000.0,2021-03-08 09:33:00,Apartman/Mesken,1.0,2021.0,,2123.2876712328766
KAYSERİ,TALAS,HARMAN MAHALLESİ,38.686789,35.546255,140.0,2004.0,1.0,3.0,415000.0,2021-03-08 10:28:00,Apartman/Mesken,7.0,2021.0,17.0,2964.285714285714
KAYSERİ,MELİKGAZİ,DEMOKRASİ MAHALLESİ,38.7695,35.6045,115.0,,,,240000.0,2021-03-09 13:39:00,Apartman/Mesken,6.0,2021.0,,2086.9565217391305
KAYSERİ,KOCASİNAN,UĞUREVLER MAHALLESİ,38.7397,35.5262,128.0,,,,420000.0,2021-03-08 23:05:00,Apartman/Mesken,11.0,2021.0,,3281.25
KAYSERİ,KOCASİNAN,OYMAAĞAÇ MAHALLESİ,38.7756,35.3845,107.0,,,,215000.0,2021-03-10 09:53:00,Apartman/Mesken,2.0,2021.0,,2009.3457943925234
KAYSERİ,MELİKGAZİ,KEYKUBAT MAHALLESİ,38.7436,35.3984,107.0,,,,210000.0,2021-03-10 09:56:00,Apartman/Mesken,2.0,2021.0,,1962.6168224299065
KAYSERİ,TALAS,TALAS MAHALLESİ,38.701219,35.562196,70.0,,,,310000.0,2021-03-11 14:38:00,Apartman/Mesken,2.0,2021.0,,4428.571428571428
KAYSERİ,MELİKGAZİ,GESİ MAHALLESİ,38.787705,35.611651,100.0,2004.0,1.0,3.0,250000.0,2021-03-10 13:13:00,Apartman/Mesken,6.0,2021.0,17.0,2500.0
KAYSERİ,TALAS,KİÇİKÖY MAHALLESİ,38.696,35.5468,140.0,2009.0,1.0,2.0,410000.0,2021-03-09 16:27:00,Apartman/Mesken,4.0,2021.0,12.0,2928.5714285714284
KAYSERİ,MELİKGAZİ,KANLIYURT MAHALLESİ,38.729614,35.443772,98.0,,,,185000.0,2021-03-11 10:45:00,Apartman/Mesken,3.0,2021.0,,1887.7551020408164
KAYSERİ,MELİKGAZİ,GÜLTEPE MAHALLESİ,38.7198,35.5149,187.0,,,,950000.0,2021-03-12 11:39:00,Apartman/Mesken,8.0,2021.0,,5080.213903743315
KAYSERİ,MELİKGAZİ,ŞİRİNTEPE MAHALLESİ,38.7445,35.576,106.0,,,,250000.0,2021-03-12 11:39:00,Apartman/Mesken,0.0,2021.0,,2358.490566037736
KAYSERİ,MELİKGAZİ,YEŞİLYURT MAHALLESİ,38.7942,35.5944,83.0,,,,240000.0,2021-03-12 10:22:00,Apartman/Mesken,4.0,2021.0,,2891.5662650602408
KAYSERİ,YAHYALI,100.YIL MAHALLESİ,38.109855,35.355398,111.0,2021.0,1.0,1.0,370000.0,2021-03-12 13:02:00,Apartman/Mesken,2.0,2021.0,0.0,3333.3333333333335
KAYSERİ,TALAS,TALAS MAHALLESİ,38.7002,35.5726,117.0,,,,335000.0,2021-03-15 10:24:00,Apartman/Mesken,10.0,2021.0,,2863.2478632478633
KAYSERİ,MELİKGAZİ,KARADERE Mah. MAHALLESİ,38.6601,35.5116,365.0,,,,1280000.0,2021-03-15 10:24:00,Apartman/Mesken,,2021.0,,3506.849315068493
KAYSERİ,KOCASİNAN,MİTHATPAŞA MAHALLESİ,38.7549,35.4641,120.0,,,,350000.0,2021-03-15 20:56:00,Apartman/Mesken,11.0,2021.0,,2916.6666666666665
KAYSERİ,KOCASİNAN,SÜMER MAHALLESİ,38.7354,35.468,100.0,,,,200000.0,2021-03-16 11:41:00,Apartman/Mesken,3.0,2021.0,,2000.0
KAYSERİ,TALAS,TALAS MAHALLESİ,38.71232,35.56343,134.0,,,,575000.0,2021-03-16 11:41:00,Apartman/Mesken,7.0,2021.0,,4291.044776119403
KAYSERİ,KOCASİNAN,ERKİLET GENERALEMİR MAHALLESİ,38.8034,35.4531,126.0,,,,245000.0,2021-03-15 21:30:00,Apartman/Mesken,0.0,2021.0,,1944.4444444444443
KAYSERİ,MELİKGAZİ,GÜLTEPE MAHALLESİ,38.7148,35.5044,180.0,,,,1000000.0,2021-03-17 14:53:00,Apartman/Mesken,13.0,2021.0,,5555.555555555556
KAYSERİ,TALAS,HARMAN MAHALLESİ,38.690459,35.545004,83.0,,,,385000.0,2021-03-17 14:53:00,Apartman/Mesken,3.0,2021.0,,4638.55421686747
KAYSERİ,KOCASİNAN,SÜMER MAHALLESİ,38.733209,35.470374,110.0,2000.0,1.0,3.0,290000.0,2021-03-15 01:02:00,Apartman/Mesken,6.0,2021.0,21.0,2636.3636363636365
KAYSERİ,MELİKGAZİ,GÜLTEPE MAHALLESİ,38.7218,35.5194,272.0,,,,1100000.0,2021-03-18 11:38:00,Apartman/Mesken,11.0,2021.0,,4044.1176470588234
KAYSERİ,KOCASİNAN,ERTUĞRUL GAZİ MAHALLESİ,38.795097,35.445665,120.0,,,,280000.0,2021-03-18 11:38:00,Apartman/Mesken,8.0,2021.0,,2333.3333333333335
KAYSERİ,MELİKGAZİ,BAHÇELİEVLER MAHALLESİ,38.760341,35.591132,120.0,2006.0,1.0,3.0,265000.0,2021-03-18 12:41:00,Apartman/Mesken,1.0,2021.0,15.0,2208.3333333333335
KAYSERİ,MELİKGAZİ,KAZIM KARABEKİR MAHALLESİ,38.7265,35.4439,112.0,,,,400000.0,2021-03-18 21:30:00,Apartman/Mesken,9.0,2021.0,,3571.4285714285716
KAYSERİ,MELİKGAZİ,DANİŞMENTGAZİ Mah. MAHALLESİ,38.6777,35.4745,391.0,,,,525000.0,2021-03-18 16:54:00,Apartman/Mesken,,2021.0,,1342.7109974424552
KAYSERİ,MELİKGAZİ,GESİ MAHALLESİ,38.7946,35.635,111.0,,,,500000.0,2021-03-22 09:42:00,Apartman/Mesken,0.0,2021.0,,4504.504504504504
KAYSERİ,KOCASİNAN,PERVANE MAHALLESİ,38.737,35.4848,68.0,,,,160000.0,2021-03-22 09:42:00,Apartman/Mesken,2.0,2021.0,,2352.9411764705883
KAYSERİ,TALAS,TALAS MAHALLESİ,38.7024,35.5701,110.0,2007.0,1.0,3.0,260000.0,2021-03-22 01:07:00,Apartman/Mesken,14.0,2021.0,14.0,2363.6363636363635
KAYSERİ,TALAS,TALAS MAHALLESİ,38.7023,35.5696,110.0,2007.0,1.0,3.0,265000.0,2021-03-22 01:15:00,Apartman/Mesken,6.0,2021.0,14.0,2409.090909090909
KAYSERİ,MELİKGAZİ,ERENKÖY MAHALLESİ,38.6849,35.5235,328.0,,,,2155000.0,2021-03-23 10:08:00,Villa,0.0,2021.0,,6570.121951219512
KAYSERİ,TALAS,KİÇİKÖY MAHALLESİ,38.6951,35.5466,94.0,,,,220000.0,2021-03-23 12:16:00,Apartman/Mesken,2.0,2021.0,,2340.425531914894
KAYSERİ,MELİKGAZİ,ALPASLAN MAHALLESİ,38.726,35.5192,178.0,,,,675000.0,2021-03-25 10:00:00,Apartman/Mesken,13.0,2021.0,,3792.1348314606744
KAYSERİ,MELİKGAZİ,ŞİRİNTEPE MAHALLESİ,38.7384,35.5786,122.0,2020.0,1.0,2.0,310000.0,2021-03-24 14:22:00,Apartman/Mesken,5.0,2021.0,1.0,2540.9836065573772
KAYSERİ,KOCASİNAN,KAVAKYAZISI MAHALLESİ,38.727053,35.496343,188.0,,,,360000.0,2021-03-29 10:40:00,Apartman/Mesken,2.0,2021.0,,1914.8936170212767
KAYSERİ,MELİKGAZİ,GESİ MAHALLESİ,38.787333,35.61627,102.0,,,,250000.0,2021-03-29 10:40:00,Apartman/Mesken,9.0,2021.0,,2450.9803921568628
KAYSERİ,MELİKGAZİ,GESİ MAHALLESİ,38.7863,35.6117,129.0,1998.0,1.0,2.0,270000.0,2021-03-25 13:55:00,Apartman/Mesken,3.0,2021.0,23.0,2093.0232558139537
KAYSERİ,TALAS,TALAS MAHALLESİ,38.7075,35.5503,113.0,2010.0,1.0,2.0,350000.0,2021-03-26 10:36:00,Apartman/Mesken,3.0,2021.0,11.0,3097.3451327433627
KAYSERİ,MELİKGAZİ,MELİKGAZİ MAHALLESİ,38.7268,35.5225,182.0,,,,900000.0,2021-03-29 11:51:00,Apartman/Mesken,11.0,2021.0,,4945.054945054945
KAYSERİ,KOCASİNAN,TAŞHAN Mah. MAHALLESİ,38.9171,35.4332,260.0,,,,390000.0,2021-03-31 11:49:00,Apartman/Mesken,,2021.0,,1500.0
KAYSERİ,TALAS,TALAS MAHALLESİ,38.7012,35.5623,70.0,,,,300000.0,2021-04-01 09:38:00,Apartman/Mesken,4.0,2021.0,,4285.714285714285
KAYSERİ,MELİKGAZİ,BAHÇELİEVLER MAHALLESİ,38.7711,35.5818,125.0,2015.0,1.0,2.0,340000.0,2021-04-02 01:13:00,Apartman/Mesken,2.0,2021.0,6.0,2720.0
KAYSERİ,MELİKGAZİ,KANLIYURT MAHALLESİ,38.735205,35.427625,116.0,1992.0,1.0,2.0,235000.0,2021-04-02 11:24:00,Apartman/Mesken,1.0,2021.0,29.0,2025.8620689655172
KAYSERİ,MELİKGAZİ,GESİ MAHALLESİ,38.786,35.6223,130.0,,,,325000.0,2021-04-06 09:24:00,Apartman/Mesken,6.0,2021.0,,2500.0
KAYSERİ,PINARBAŞI,YENİ OCAK MAHALLESİ,38.7218,36.3939,168.0,,,,675000.0,2021-04-06 09:24:00,Apartman/Mesken,3.0,2021.0,,4017.8571428571427
KAYSERİ,MELİKGAZİ,YILDIRIM BEYAZIT MAHALLESİ,38.7314,35.5348,377.0,,,,1500000.0,2021-04-06 09:24:00,Apartman/Mesken,14.0,2021.0,,3978.7798408488065
KAYSERİ,MELİKGAZİ,KÖŞKDAĞI MAHALLESİ,38.7169,35.5207,215.0,,,,875000.0,2021-04-05 13:08:00,Apartman/Mesken,8.0,2021.0,,4069.767441860465
KAYSERİ,MELİKGAZİ,19 MAYIS MAHALLESİ,38.7398,35.3785,129.0,,,,400000.0,2021-04-06 11:12:00,Apartman/Mesken,3.0,2021.0,,3100.7751937984494
KAYSERİ,KOCASİNAN,ŞEKER MAHALLESİ,38.7726,35.4116,97.0,,,,370000.0,2021-04-07 13:46:00,Apartman/Mesken,1.0,2021.0,,3814.4329896907216
KAYSERİ,MELİKGAZİ,FATİH MAHALLESİ,38.7295,35.5846,124.0,,,,350000.0,2021-04-06 16:48:00,Apartman/Mesken,2.0,2021.0,,2822.5806451612902
KAYSERİ,MELİKGAZİ,DEMOKRASİ MAHALLESİ,38.760736,35.603342,120.0,2007.0,1.0,3.0,205000.0,2021-04-07 15:29:00,Apartman/Mesken,0.0,2021.0,14.0,1708.3333333333333
KAYSERİ,KOCASİNAN,ZİYA GÖKALP MAHALLESİ,38.745,35.442,96.0,,,,200000.0,2021-04-07 12:09:00,Apartman/Mesken,,2021.0,,2083.3333333333335
KAYSERİ,MELİKGAZİ,EĞRİBUCAK MAHALLESİ,38.6839,35.4317,208.0,,,,980000.0,2021-04-07 13:24:00,Villa,1.0,2021.0,,4711.538461538462
KAYSERİ,MELİKGAZİ,YEŞİLYURT MAHALLESİ,38.7942,35.5943,85.0,,,,240000.0,2021-04-09 09:16:00,Apartman/Mesken,12.0,2021.0,,2823.529411764706
KAYSERİ,TALAS,TALAS MAHALLESİ,38.7099,35.5679,50.0,,,,180000.0,2021-04-12 17:02:00,Apartman/Mesken,10.0,2021.0,,3600.0
KAYSERİ,MELİKGAZİ,DEMİRCİYAZISI MAHALLESİ,38.7067,35.4513,144.0,,,,340000.0,2021-04-13 10:17:00,Apartman/Mesken,3.0,2021.0,,2361.1111111111113
KAYSERİ,MELİKGAZİ,YAZIBAĞLARI MAHALLESİ,38.734,35.3964,120.0,,,,280000.0,2021-04-14 10:56:00,Apartman/Mesken,4.0,2021.0,,2333.3333333333335
KAYSERİ,KOCASİNAN,PERVANE MAHALLESİ,38.7414,35.4984,173.0,,,,620000.0,2021-04-16 09:24:00,Apartman/Mesken,1.0,2021.0,,3583.815028901734
KAYSERİ,TALAS,TALAS MAHALLESİ,38.7094,35.571,48.0,,,,160000.0,2021-04-13 16:17:00,Apartman/Mesken,12.0,2021.0,,3333.3333333333335
KAYSERİ,KOCASİNAN,KÖTÜGÖLLER MAHALLESİ,38.7574,35.491,116.0,,,,400000.0,2021-04-16 16:35:00,Apartman/Mesken,5.0,2021.0,,3448.2758620689656
KAYSERİ,BÜNYAN,CUMHURİYET MAHALLESİ,38.865183,35.842966,100.0,1997.0,1.0,3.0,115000.0,2021-04-22 10:03:00,Apartman/Mesken,1.0,2021.0,24.0,1150.0
KAYSERİ,KOCASİNAN,ERTUĞRUL GAZİ MAHALLESİ,38.7956,35.4463,155.0,,,,300000.0,2021-04-25 18:20:00,Apartman/Mesken,4.0,2021.0,,1935.483870967742
KAYSERİ,MELİKGAZİ,GESİ MAHALLESİ,38.78898,35.619993,102.0,2000.0,1.0,3.0,235000.0,2021-04-27 15:01:00,Apartman/Mesken,4.0,2021.0,21.0,2303.921568627451
KAYSERİ,TALAS,TALAS MAHALLESİ,38.7118,35.5663,143.0,,,,400000.0,2021-04-28 10:46:00,Apartman/Mesken,2.0,2021.0,,2797.2027972027972
KAYSERİ,MELİKGAZİ,KANLIYURT MAHALLESİ,38.7328,35.4323,125.0,,,,325000.0,2021-05-02 21:09:00,Apartman/Mesken,8.0,2021.0,,2600.0
KAYSERİ,PINARBAŞI,YENİ OCAK MAHALLESİ,38.7217,36.394,150.0,,,,955000.0,2021-04-28 23:27:00,Apartman/Mesken,4.0,2021.0,,6366.666666666667
KAYSERİ,MELİKGAZİ,KONAKLAR MAHALLESİ,38.7407,35.566,65.0,1994.0,1.0,3.0,185000.0,2021-04-28 10:27:00,Apartman/Mesken,0.0,2021.0,27.0,2846.153846153846
KAYSERİ,MELİKGAZİ,KONAKLAR MAHALLESİ,38.735,35.5567,138.0,,,,225000.0,2021-04-29 14:53:00,Apartman/Mesken,0.0,2021.0,,1630.4347826086957
KAYSERİ,TALAS,TALAS MAHALLESİ,38.712,35.567,133.0,,,,80000.0,2021-05-21 10:08:00,Apartman/Mesken,1.0,2021.0,,601.5037593984962
KAYSERİ,KOCASİNAN,UĞUREVLER MAHALLESİ,38.7411,35.531,141.0,,,,620000.0,2021-05-06 14:26:00,Apartman/Mesken,2.0,2021.0,,4397.163120567376
KAYSERİ,MELİKGAZİ,ERENKÖY MAHALLESİ,38.6957,35.5217,324.0,,,,2890000.0,2021-05-18 12:30:00,Apartman/Mesken,0.0,2021.0,,8919.753086419752
KAYSERİ,MELİKGAZİ,KÖŞKDAĞI MAHALLESİ,38.719,35.5209,125.0,,,,625000.0,2021-05-18 12:06:00,Apartman/Mesken,3.0,2021.0,,5000.0
KAYSERİ,MELİKGAZİ,HİSARCIK Mah. MAHALLESİ,38.6238,35.5081,346.0,,,,1200000.0,2021-05-18 16:06:00,Apartman/Mesken,,2021.0,,3468.208092485549
KAYSERİ,SARIOĞLAN,BAHÇELİEVLER (ALAMEDDİN) M MAHALLESİ,39.287609,35.844992,276.0,1985.0,3.0,4.0,35000.0,2021-05-21 16:56:00,Apartman/Mesken,,2021.0,36.0,126.81159420289855
KAYSERİ,HACILAR,BEĞENDİK Mah. MAHALLESİ,38.6615,35.4106,320.0,,,,745000.0,2021-05-21 16:17:00,Apartman/Mesken,,2021.0,,2328.125
KAYSERİ,TOMARZA,GÜLVEREN Mah. MAHALLESİ,38.5651,35.7933,333.0,2010.0,3.0,3.0,150000.0,2021-05-20 16:54:00,Apartman/Mesken,,2021.0,11.0,450.45045045045043
KAYSERİ,KOCASİNAN,KAVAKYAZISI MAHALLESİ,38.7262,35.4996,37.0,,,,185000.0,2021-05-24 14:56:00,Apartman/Mesken,2.0,2021.0,,5000.0
KAYSERİ,MELİKGAZİ,BATTALGAZİ MAHALLESİ,38.7137,35.4737,140.0,,,,310000.0,2021-05-21 12:15:00,Apartman/Mesken,11.0,2021.0,,2214.285714285714
KAYSERİ,TALAS,TALAS MAHALLESİ,38.6992,35.5631,75.0,,,,600000.0,2021-05-24 14:55:00,Apartman/Mesken,6.0,2021.0,,8000.0
KAYSERİ,MELİKGAZİ,HÜRRİYET MAHALLESİ,38.7182,35.4689,110.0,,,,230000.0,2021-05-24 16:11:00,Apartman/Mesken,1.0,2021.0,,2090.909090909091
KAYSERİ,MELİKGAZİ,BAHÇELİEVLER MAHALLESİ,38.7539,35.5691,121.0,,,,285000.0,2021-05-25 17:02:00,Apartman/Mesken,7.0,2021.0,,2355.371900826446
KAYSERİ,MELİKGAZİ,KIRANARDI/FATİH Mah. MAHALLESİ,38.6458,35.5374,120.0,,,,440000.0,2021-05-25 12:21:00,Apartman/Mesken,,2021.0,,3666.6666666666665
KAYSERİ,KOCASİNAN,KAVAKYAZISI  MAHALLESİ,38.7303,35.5026,746.0,,,,1120000.0,2021-05-24 14:34:00,Apartman/Mesken,,2021.0,,1501.3404825737266
KAYSERİ,TALAS,TALAS MAHALLESİ,38.7025,35.5497,75.0,,,,250000.0,2021-05-24 14:15:00,Apartman/Mesken,2.0,2021.0,,3333.3333333333335
KAYSERİ,DEVELİ,HARMAN MAHALLESİ,38.4035,35.4902,167.0,,,,335000.0,2021-05-26 14:04:00,Apartman/Mesken,4.0,2021.0,,2005.9880239520958
KAYSERİ,MELİKGAZİ,ESENTEPE MAHALLESİ,38.7309,35.4357,115.0,2010.0,1.0,2.0,325000.0,2021-05-28 13:41:00,Apartman/Mesken,6.0,2021.0,11.0,2826.086956521739
KAYSERİ,KOCASİNAN,ERKİLET OSMANGAZİ MAHALLESİ,38.7996,35.4589,138.0,,,,390000.0,2021-05-28 17:03:00,Apartman/Mesken,3.0,2021.0,,2826.086956521739
KAYSERİ,TALAS,TALAS MAHALLESİ,38.7129,35.5663,75.0,,,,280000.0,2021-05-27 17:04:00,Apartman/Mesken,1.0,2021.0,,3733.3333333333335
KAYSERİ,TALAS,HARMAN MAHALLESİ,38.68834,35.545438,145.0,2006.0,1.0,2.0,375000.0,2021-05-31 11:18:00,Apartman/Mesken,0.0,2021.0,15.0,2586.206896551724
KAYSERİ,MELİKGAZİ,KANLIYURT MAHALLESİ,38.7383,35.4162,114.0,,,,270000.0,2021-06-01 09:21:00,Apartman/Mesken,1.0,2021.0,,2368.4210526315787
KAYSERİ,KOCASİNAN,UĞUREVLER MAHALLESİ,38.7366,35.5314,122.0,,,,425000.0,2021-06-02 09:27:00,Apartman/Mesken,5.0,2021.0,,3483.6065573770493
KAYSERİ,TALAS,TALAS MAHALLESİ,38.6998,35.5636,110.0,,,,280000.0,2021-06-06 10:01:00,Apartman/Mesken,5.0,2021.0,,2545.4545454545455
KAYSERİ,MELİKGAZİ,GÜLTEPE MAHALLESİ,38.7215,35.5199,150.0,,,,660000.0,2021-06-03 13:47:00,Apartman/Mesken,6.0,2021.0,,4400.0
KAYSERİ,MELİKGAZİ,HÜRRİYET MAHALLESİ,38.7164,35.4663,144.0,,,,330000.0,2021-06-07 16:08:00,Apartman/Mesken,5.0,2021.0,,2291.6666666666665
KAYSERİ,KOCASİNAN,SÜMER MAHALLESİ,38.738318,35.464446,99.0,2000.0,1.0,3.0,230000.0,2021-06-04 10:14:00,Apartman/Mesken,1.0,2021.0,21.0,2323.2323232323233
KAYSERİ,MELİKGAZİ,YENİ MAHALLE MAHALLESİ,38.7142,35.5388,117.0,,,,280000.0,2021-06-07 16:08:00,Apartman/Mesken,1.0,2021.0,,2393.162393162393
KAYSERİ,MELİKGAZİ,KEYKUBAT MAHALLESİ,38.7504,35.3929,137.0,,,,310000.0,2021-06-08 13:06:00,Apartman/Mesken,10.0,2021.0,,2262.7737226277372
KAYSERİ,KOCASİNAN,CENGİZTOPEL MAHALLESİ,38.7434,35.523,119.0,,,,330000.0,2021-06-14 14:15:00,Apartman/Mesken,2.0,2021.0,,2773.109243697479
KAYSERİ,MELİKGAZİ,GESİ MAHALLESİ,38.7873,35.6058,130.0,,,,300000.0,2021-06-08 08:58:00,Apartman/Mesken,2.0,2021.0,,2307.6923076923076
KAYSERİ,TALAS,HARMAN MAHALLESİ,38.6868,35.5437,156.0,2004.0,1.0,2.0,655000.0,2021-06-07 14:35:00,Apartman/Mesken,8.0,2021.0,17.0,4198.717948717948
KAYSERİ,KOCASİNAN,YENİDOĞAN MAHALLESİ,38.742,35.4342,137.0,,,,420000.0,2021-06-10 09:26:00,Apartman/Mesken,2.0,2021.0,,3065.693430656934
KAYSERİ,KOCASİNAN,ERKİLET OSMANGAZİ MAHALLESİ,38.7857,35.4576,168.0,,,,435000.0,2021-06-10 09:26:00,Apartman/Mesken,3.0,2021.0,,2589.285714285714
KAYSERİ,MELİKGAZİ,ANBAR MAHALLESİ,38.738,35.3817,116.0,,,,380000.0,2021-06-10 09:25:00,Apartman/Mesken,7.0,2021.0,,3275.862068965517
KAYSERİ,MELİKGAZİ,GESİ MAHALLESİ,38.7908,35.5972,95.0,,,,280000.0,2021-06-08 14:08:00,Apartman/Mesken,8.0,2021.0,,2947.3684210526317
KAYSERİ,MELİKGAZİ,ANBAR MAHALLESİ,38.738992,35.385519,140.0,2007.0,1.0,3.0,660000.0,2021-06-11 11:08:00,Apartman/Mesken,3.0,2021.0,14.0,4714.285714285715
KAYSERİ,MELİKGAZİ,19 MAYIS MAHALLESİ,38.738816,35.38406,110.0,2021.0,1.0,2.0,1100000.0,2021-06-09 16:17:00,Apartman/Mesken,3.0,2021.0,0.0,10000.0
KAYSERİ,MELİKGAZİ,SAKARYA MAHALLESİ,38.739313,35.398666,120.0,2021.0,1.0,1.0,530000.0,2021-06-10 10:10:00,Apartman/Mesken,10.0,2021.0,0.0,4416.666666666667
KAYSERİ,MELİKGAZİ,AYDINLIKEVLER MAHALLESİ,38.7237,35.4654,117.0,,,,420000.0,2021-06-10 09:25:00,Apartman/Mesken,6.0,2021.0,,3589.74358974359
KAYSERİ,KOCASİNAN,CENGİZTOPEL MAHALLESİ,38.7485,35.523,76.0,,,,190000.0,2021-06-10 10:02:00,Apartman/Mesken,2.0,2021.0,,2500.0
KAYSERİ,TALAS,TALAS MAHALLESİ,38.7162,35.56,140.0,,,,475000.0,2021-06-09 18:00:00,Apartman/Mesken,12.0,2021.0,,3392.8571428571427
KAYSERİ,MELİKGAZİ,YILDIRIM BEYAZIT MAHALLESİ,38.7249,35.5374,148.0,,,,420000.0,2021-06-10 17:46:00,Apartman/Mesken,3.0,2021.0,,2837.837837837838
KAYSERİ,TALAS,TALAS MAHALLESİ,38.7163,35.5617,131.0,,,,590000.0,2021-06-14 13:31:00,Apartman/Mesken,4.0,2021.0,,4503.81679389313
KAYSERİ,KOCASİNAN,SÜMER MAHALLESİ,38.734,35.4788,117.0,,,,350000.0,2021-06-14 13:32:00,Apartman/Mesken,0.0,2021.0,,2991.4529914529912
KAYSERİ,KOCASİNAN,KAVAKYAZISI MAHALLESİ,38.7294,35.5054,106.0,,,,225000.0,2021-06-11 17:22:00,Apartman/Mesken,3.0,2021.0,,2122.6415094339623
KAYSERİ,DEVELİ,CAMİCEDİT MAHALLESİ,38.3934,35.4787,153.0,,,,335000.0,2021-06-15 09:51:00,Apartman/Mesken,2.0,2021.0,,2189.5424836601305
KAYSERİ,TALAS,TALAS MAHALLESİ,38.7185,35.5624,150.0,,,,400000.0,2021-06-15 17:50:00,Apartman/Mesken,14.0,2021.0,,2666.6666666666665
KAYSERİ,MELİKGAZİ,GÜLTEPE MAHALLESİ,38.7175,35.5121,152.0,,,,600000.0,2021-06-16 09:51:00,Apartman/Mesken,12.0,2021.0,,3947.3684210526317
KAYSERİ,KOCASİNAN,KAVAKYAZISI MAHALLESİ,38.7291,35.513,97.0,,,,290000.0,2021-06-14 16:09:00,Apartman/Mesken,1.0,2021.0,,2989.6907216494847
KAYSERİ,MELİKGAZİ,GÜLÜK MAHALLESİ,38.7213,35.475,166.0,,,,60000.0,2021-06-16 14:27:00,Apartman/Mesken,,2021.0,,361.4457831325301
KAYSERİ,YAHYALI,ÇİĞİLLİ MAHALLESİ,38.1128,35.3573,126.0,,,,345000.0,2021-06-17 13:46:00,Apartman/Mesken,2.0,2021.0,,2738.095238095238
KAYSERİ,KOCASİNAN,ERTUĞRUL GAZİ MAHALLESİ,38.7853,35.4491,138.0,,,,385000.0,2021-06-18 12:35:00,Apartman/Mesken,3.0,2021.0,,2789.855072463768
KAYSERİ,TALAS,TALAS MAHALLESİ,38.7043,35.566,115.0,,,,240000.0,2021-06-18 12:35:00,Apartman/Mesken,14.0,2021.0,,2086.9565217391305
KAYSERİ,MELİKGAZİ,AĞIRNAS Mah. MAHALLESİ,38.8164,35.7209,118.0,1900.0,3.0,3.0,215000.0,2021-06-21 12:15:00,Apartman/Mesken,,2021.0,121.0,1822.0338983050847
KAYSERİ,KOCASİNAN,KAVAKYAZISI MAHALLESİ,38.735,35.5013,91.0,,,,235000.0,2021-06-21 17:55:00,Apartman/Mesken,1.0,2021.0,,2582.4175824175823
KAYSERİ,MELİKGAZİ,19 MAYIS MAHALLESİ,38.7447,35.382,123.0,,,,345000.0,2021-06-21 14:27:00,Apartman/Mesken,4.0,2021.0,,2804.878048780488
KAYSERİ,MELİKGAZİ,SELÇUKLU Mah. MAHALLESİ,38.694,35.4703,306.0,,,,180000.0,2021-06-22 10:11:00,Apartman/Mesken,,2021.0,,588.2352941176471
KAYSERİ,MELİKGAZİ,DEMOKRASİ MAHALLESİ,38.7638,35.5995,110.0,,,,230000.0,2021-06-22 10:11:00,Apartman/Mesken,3.0,2021.0,,2090.909090909091
KAYSERİ,KOCASİNAN,KAVAKYAZISI MAHALLESİ,38.734473,35.503018,100.0,1983.0,1.0,3.0,135000.0,2021-06-18 13:58:00,Apartman/Mesken,-1.0,2021.0,38.0,1350.0
KAYSERİ,TALAS,TALAS MAHALLESİ,38.710403,35.561242,140.0,2008.0,1.0,2.0,400000.0,2021-06-22 12:23:00,Apartman/Mesken,3.0,2021.0,13.0,2857.1428571428573
KAYSERİ,KOCASİNAN,SÜMER MAHALLESİ,38.745,35.4647,103.0,,,,190000.0,2021-06-22 09:29:00,Apartman/Mesken,2.0,2021.0,,1844.6601941747572
KAYSERİ,KOCASİNAN,ŞEKER MAHALLESİ,38.7734,35.4103,56.0,,,,250000.0,2021-06-24 10:53:00,Apartman/Mesken,3.0,2021.0,,4464.285714285715
KAYSERİ,KOCASİNAN,ERKİLET OSMANGAZİ MAHALLESİ,38.7913,35.4591,129.0,,,,350000.0,2021-06-24 10:53:00,Apartman/Mesken,4.0,2021.0,,2713.1782945736436
KAYSERİ,MELİKGAZİ,DEMİRCİYAZISI MAHALLESİ,38.716,35.4539,131.0,,,,310000.0,2021-06-23 17:30:00,Apartman/Mesken,6.0,2021.0,,2366.412213740458
KAYSERİ,TALAS,TALAS MAHALLESİ,38.7111,35.5678,45.0,,,,220000.0,2021-06-22 16:37:00,Apartman/Mesken,14.0,2021.0,,4888.888888888889
KAYSERİ,TALAS,TALAS MAHALLESİ,38.7016,35.5446,142.0,,,,600000.0,2021-06-24 18:39:00,Apartman/Mesken,11.0,2021.0,,4225.352112676056
KAYSERİ,KOCASİNAN,KÖTÜGÖLLER  MAHALLESİ,38.7569,35.4865,125.0,,,,465000.0,2021-07-06 11:18:00,Apartman/Mesken,,2021.0,,3720.0
KAYSERİ,KOCASİNAN,BEYAZŞEHİR MAHALLESİ,38.7811,35.5886,129.0,,,,360000.0,2021-07-06 11:18:00,Apartman/Mesken,,2021.0,,2790.6976744186045
KAYSERİ,TALAS,TALAS MAHALLESİ,38.7142,35.5647,95.0,,,,300000.0,2021-07-07 11:45:00,Apartman/Mesken,7.0,2021.0,,3157.8947368421054
KAYSERİ,KOCASİNAN,CUMHURİYET MAHALLESİ,38.743,35.5171,128.0,,,,490000.0,2021-07-06 11:19:00,Apartman/Mesken,,2021.0,,3828.125
KAYSERİ,KOCASİNAN,PERVANE MAHALLESİ,38.7368,35.4919,136.0,,,,210000.0,2021-06-25 15:19:00,Apartman/Mesken,1.0,2021.0,,1544.1176470588234
KAYSERİ,MELİKGAZİ,TONTAR MAHALLESİ,38.7077,35.4924,126.0,,,,575000.0,2021-06-28 17:08:00,Apartman/Mesken,8.0,2021.0,,4563.492063492064
KAYSERİ,KOCASİNAN,PERVANE MAHALLESİ,38.7414,35.4984,173.0,,,,750000.0,2021-06-28 17:32:00,Apartman/Mesken,11.0,2021.0,,4335.260115606937
KAYSERİ,TALAS,TALAS MAHALLESİ,38.7018,35.5549,152.0,,,,520000.0,2021-06-30 09:05:00,Apartman/Mesken,6.0,2021.0,,3421.0526315789475
KAYSERİ,MELİKGAZİ,ALTINOLUK MAHALLESİ,38.7016,35.447,130.0,,,,500000.0,2021-07-01 11:30:00,Apartman/Mesken,9.0,2021.0,,3846.153846153846
KAYSERİ,MELİKGAZİ,BATTALGAZİ MAHALLESİ,38.7129,35.4742,112.0,,,,375000.0,2021-07-02 10:30:00,Apartman/Mesken,6.0,2021.0,,3348.214285714286
KAYSERİ,TALAS,YUKARI TALAS M MAHALLESİ,38.6687,35.5697,247.0,2007.0,1.0,2.0,1500000.0,2021-07-01 17:13:00,Apartman/Mesken,,2021.0,14.0,6072.8744939271255
KAYSERİ,TALAS,REŞADİYE Mah. MAHALLESİ,38.657396,35.58377,30.0,,,,20000.0,2021-07-06 15:28:00,Apartman/Mesken,,2021.0,,666.6666666666666
KAYSERİ,KOCASİNAN,SÜMER MAHALLESİ,38.7444,35.4617,115.0,,,,250000.0,2021-07-02 16:44:00,Apartman/Mesken,3.0,2021.0,,2173.913043478261
KAYSERİ,MELİKGAZİ,YENİ MAHALLE MAHALLESİ,38.71921,35.540379,178.0,2009.0,1.0,2.0,1015000.0,2021-07-06 11:00:00,Apartman/Mesken,9.0,2021.0,12.0,5702.247191011236
KAYSERİ,MELİKGAZİ,YILDIRIM BEYAZIT MAHALLESİ,38.7272,35.5416,168.0,2013.0,1.0,2.0,715000.0,2021-07-07 10:26:00,Apartman/Mesken,10.0,2021.0,8.0,4255.952380952381
KAYSERİ,KOCASİNAN,ERKİLET GENERALEMİR MAHALLESİ,38.8085,35.4543,120.0,,,,360000.0,2021-07-09 09:46:00,Apartman/Mesken,2.0,2021.0,,3000.0
KAYSERİ,MELİKGAZİ,AYDINLAR MAHALLESİ,38.7263,35.5767,115.0,,,,330000.0,2021-07-09 18:13:00,Apartman/Mesken,12.0,2021.0,,2869.5652173913045
KAYSERİ,BÜNYAN,CUMHURİYET Mah. MAHALLESİ,38.8523,35.8575,190.0,,,,170000.0,2021-07-12 14:36:00,Apartman/Mesken,,2021.0,,894.7368421052631
KAYSERİ,KOCASİNAN,ŞEKER MAHALLESİ,38.7735,35.4107,64.0,,,,330000.0,2021-07-12 09:11:00,Apartman/Mesken,1.0,2021.0,,5156.25
KAYSERİ,MELİKGAZİ,BECEN Mah. MAHALLESİ,38.6667,35.5082,611.0,,,,2560000.0,2021-07-13 12:24:00,Apartman/Mesken,,2021.0,,4189.852700490998
KAYSERİ,HACILAR,AKYAZI MAHALLESİ,38.6762,35.4597,75.0,,,,475000.0,2021-07-13 12:23:00,Apartman/Mesken,0.0,2021.0,,6333.333333333333
KAYSERİ,MELİKGAZİ,DEMİRCİYAZISI MAHALLESİ,38.7145,35.4558,148.0,,,,480000.0,2021-07-14 17:23:00,Apartman/Mesken,1.0,2021.0,,3243.2432432432433
KAYSERİ,MELİKGAZİ,GÜLÜK MAHALLESİ,38.7182,35.4806,132.0,,,,450000.0,2021-07-14 13:12:00,Apartman/Mesken,2.0,2021.0,,3409.090909090909
KAYSERİ,HACILAR,YEDİAĞAÇ Mah. MAHALLESİ,38.6681,35.4235,430.0,,,,2750000.0,2021-07-26 17:47:00,Apartman/Mesken,,2021.0,,6395.3488372093025
KAYSERİ,MELİKGAZİ,AYDINLIKEVLER MAHALLESİ,38.7192,35.4691,70.0,,,,170000.0,2021-07-14 09:32:00,Apartman/Mesken,0.0,2021.0,,2428.5714285714284
KAYSERİ,TALAS,TALAS MAHALLESİ,38.6996,35.5704,82.0,,,,290000.0,2021-07-16 12:15:00,Apartman/Mesken,1.0,2021.0,,3536.5853658536585
KAYSERİ,İNCESU,BAHÇESARAY MAHALLESİ,38.6332,35.1912,83.0,,,,130000.0,2021-07-16 12:15:00,Apartman/Mesken,1.0,2021.0,,1566.2650602409637
KAYSERİ,MELİKGAZİ,TONTAR MAHALLESİ,38.696,35.4942,105.0,,,,285000.0,2021-07-16 10:09:00,Apartman/Mesken,1.0,2021.0,,2714.285714285714
KAYSERİ,MELİKGAZİ,HÜRRİYET MAHALLESİ,38.7201,35.4641,165.74,,,,300000.0,2021-07-26 09:15:00,Apartman/Mesken,,2021.0,,1810.0639555930975
KAYSERİ,MELİKGAZİ,BECEN MAHALLESİ,38.6701,35.4883,268.0,,,,1450000.0,2021-07-26 09:14:00,Apartman/Mesken,0.0,2021.0,,5410.44776119403
KAYSERİ,KOCASİNAN,MİTHATPAŞA MAHALLESİ,38.7501,35.4632,126.0,,,,375000.0,2021-07-27 10:54:00,Apartman/Mesken,5.0,2021.0,,2976.190476190476
KAYSERİ,MELİKGAZİ,ALTINOLUK MAHALLESİ,38.6925,35.4306,151.0,,,,900000.0,2021-07-29 09:20:00,Apartman/Mesken,1.0,2021.0,,5960.264900662251
KAYSERİ,MELİKGAZİ,KAZIM KARABEKİR MAHALLESİ,38.7232,35.4495,92.0,,,,280000.0,2021-07-29 09:20:00,Apartman/Mesken,9.0,2021.0,,3043.478260869565
KAYSERİ,TALAS,HARMAN MAHALLESİ,38.6843,35.5442,152.0,,,,465000.0,2021-07-30 09:14:00,Apartman/Mesken,7.0,2021.0,,3059.2105263157896
KAYSERİ,KOCASİNAN,SÜMER MAHALLESİ,38.741161,35.471979,155.0,,,,815000.0,2021-07-29 09:52:00,Apartman/Mesken,6.0,2021.0,,5258.064516129032
KAYSERİ,MELİKGAZİ,DEMİRCİYAZISI MAHALLESİ,38.718126,35.463112,90.0,,,,195000.0,2021-07-29 09:54:00,Apartman/Mesken,2.0,2021.0,,2166.6666666666665
KAYSERİ,MELİKGAZİ,SAKARYA MAHALLESİ,38.7293,35.4097,102.0,,,,380000.0,2021-07-30 09:14:00,Apartman/Mesken,10.0,2021.0,,3725.4901960784314
KAYSERİ,TALAS,TALAS MAHALLESİ,38.7142,35.5648,95.0,,,,315000.0,2021-08-02 10:04:00,Apartman/Mesken,4.0,2021.0,,3315.7894736842104
KAYSERİ,KOCASİNAN,BEYAZŞEHİR MAHALLESİ,38.7817,35.5849,117.0,1998.0,1.0,3.0,300000.0,2021-08-03 15:16:00,Apartman/Mesken,0.0,2021.0,23.0,2564.102564102564
KAYSERİ,KOCASİNAN,OYMAAĞAÇ MAHALLESİ,38.7771,35.3903,58.0,,,,170000.0,2021-08-06 14:03:00,Apartman/Mesken,0.0,2021.0,,2931.0344827586205
KAYSERİ,MELİKGAZİ,BAHÇELİEVLER MAHALLESİ,38.7612,35.5916,85.0,,,,220000.0,2021-08-04 16:24:00,Apartman/Mesken,3.0,2021.0,,2588.235294117647
KAYSERİ,MELİKGAZİ,ŞİRİNTEPE MAHALLESİ,38.7483,35.5766,113.0,,,,310000.0,2021-08-05 17:06:00,Apartman/Mesken,2.0,2021.0,,2743.362831858407
KAYSERİ,MELİKGAZİ,DEMOKRASİ MAHALLESİ,38.7593,35.5934,124.0,,,,350000.0,2021-08-05 17:06:00,Apartman/Mesken,7.0,2021.0,,2822.5806451612902
KAYSERİ,MELİKGAZİ,KEYKUBAT MAHALLESİ,38.7389,35.3923,80.0,1995.0,1.0,3.0,220000.0,2021-08-04 14:07:00,Apartman/Mesken,4.0,2021.0,26.0,2750.0
KAYSERİ,KOCASİNAN,KAVAKYAZISI MAHALLESİ,38.7336,35.5202,126.0,,,,375000.0,2021-08-05 17:43:00,Apartman/Mesken,3.0,2021.0,,2976.190476190476
KAYSERİ,MELİKGAZİ,DEMOKRASİ MAHALLESİ,38.7694,35.6006,111.0,,,,200000.0,2021-08-06 09:12:00,Apartman/Mesken,0.0,2021.0,,1801.8018018018017
KAYSERİ,KOCASİNAN,SEYRANİ MAHALLESİ,38.7514,35.4803,140.0,2018.0,1.0,2.0,505000.0,2021-08-09 15:12:00,Apartman/Mesken,9.0,2021.0,3.0,3607.1428571428573
KAYSERİ,KOCASİNAN,CENGİZTOPEL MAHALLESİ,38.7432,35.5222,119.0,,,,320000.0,2021-08-09 10:03:00,Apartman/Mesken,3.0,2021.0,,2689.075630252101
KAYSERİ,DEVELİ,YENİMAHALLE MAHALLESİ,38.3985,35.4881,120.0,,,,325000.0,2021-08-10 09:22:00,Apartman/Mesken,4.0,2021.0,,2708.3333333333335
KAYSERİ,MELİKGAZİ,KEYKUBAT MAHALLESİ,38.7493,35.3927,105.0,,,,250000.0,2021-08-12 12:29:00,Apartman/Mesken,6.0,2021.0,,2380.9523809523807
KAYSERİ,MELİKGAZİ,KÖŞKDAĞI MAHALLESİ,38.7161,35.5131,159.0,,,,750000.0,2021-08-11 18:19:00,Apartman/Mesken,14.0,2021.0,,4716.981132075472
KAYSERİ,MELİKGAZİ,GÖKKENT MAHALLESİ,38.7474,35.5616,98.0,,,,225000.0,2021-08-12 12:28:00,Apartman/Mesken,2.0,2021.0,,2295.918367346939
KAYSERİ,KOCASİNAN,YILDIZEVLER MAHALLESİ,38.7402,35.5383,183.0,,,,1050000.0,2021-08-13 09:21:00,Apartman/Mesken,7.0,2021.0,,5737.704918032787
KAYSERİ,KOCASİNAN,YEŞİLMAHALLE Mah. MAHALLESİ,38.7684,35.4688,242.0,,,,195000.0,2021-08-13 09:21:00,Apartman/Mesken,,2021.0,,805.7851239669421
KAYSERİ,MELİKGAZİ,KEYKUBAT MAHALLESİ,38.7424,35.3885,100.0,,,,230000.0,2021-08-13 09:50:00,Apartman/Mesken,3.0,2021.0,,2300.0
KAYSERİ,TALAS,TALAS MAHALLESİ,38.6983,35.5506,128.0,,,,390000.0,2021-08-12 12:10:00,Apartman/Mesken,4.0,2021.0,,3046.875
KAYSERİ,MELİKGAZİ,GESİ MAHALLESİ,38.78178,35.5989,130.0,2013.0,1.0,3.0,320000.0,2021-08-12 14:50:00,Apartman/Mesken,5.0,2021.0,8.0,2461.5384615384614
KAYSERİ,MELİKGAZİ,KILIÇASLAN MAHALLESİ,38.7212,35.5032,42.0,,,,90000.0,2021-08-17 09:13:00,Apartman/Mesken,-1.0,2021.0,,2142.8571428571427
KAYSERİ,DEVELİ,HARMAN MAHALLESİ,38.3912,35.4915,130.0,,,,415000.0,2021-08-17 09:13:00,Apartman/Mesken,2.0,2021.0,,3192.3076923076924
KAYSERİ,KOCASİNAN,PERVANE MAHALLESİ,38.7513,35.4969,98.0,,,,230000.0,2021-08-17 11:20:00,Apartman/Mesken,0.0,2021.0,,2346.938775510204
KAYSERİ,KOCASİNAN,BEYAZŞEHİR MAHALLESİ,38.783,35.5816,110.0,,,,290000.0,2021-08-18 17:22:00,Apartman/Mesken,3.0,2021.0,,2636.3636363636365
KAYSERİ,MELİKGAZİ,KEYKUBAT MAHALLESİ,38.7416,35.4137,60.0,,,,120000.0,2021-08-18 11:26:00,Apartman/Mesken,-1.0,2021.0,,2000.0
KAYSERİ,MELİKGAZİ,YILDIRIM BEYAZIT MAHALLESİ,38.7265,35.5298,142.0,,,,800000.0,2021-08-17 16:46:00,Apartman/Mesken,13.0,2021.0,,5633.802816901409
KAYSERİ,MELİKGAZİ,TONTAR MAHALLESİ,38.6958,35.4907,85.0,,,,145000.0,2021-08-23 09:38:00,Apartman/Mesken,-1.0,2021.0,,1705.8823529411766
KAYSERİ,MELİKGAZİ,ESENTEPE MAHALLESİ,38.731,35.4248,130.0,,,,450000.0,2021-08-19 14:01:00,Apartman/Mesken,1.0,2021.0,,3461.5384615384614
KAYSERİ,KOCASİNAN,ERKİLET MAHALLESİ,38.7933,35.4536,138.0,,,,355000.0,2021-08-19 10:04:00,Apartman/Mesken,1.0,2021.0,,2572.463768115942
KAYSERİ,KOCASİNAN,SÜMER MAHALLESİ,38.747017,35.463379,62.0,,,,140000.0,2021-08-25 11:58:00,Apartman/Mesken,0.0,2021.0,,2258.064516129032
KAYSERİ,KOCASİNAN,KÖTÜGÖLLER MAHALLESİ,38.761,35.4938,108.0,,,,350000.0,2021-08-20 14:11:00,Apartman/Mesken,1.0,2021.0,,3240.740740740741
KAYSERİ,KOCASİNAN,BEYAZŞEHİR MAHALLESİ,38.7775,35.5761,110.0,,,,305000.0,2021-08-23 15:23:00,Apartman/Mesken,1.0,2021.0,,2772.7272727272725
KAYSERİ,DEVELİ,HARMAN MAHALLESİ,38.4013,35.4911,97.0,,,,300000.0,2021-08-24 15:15:00,Apartman/Mesken,0.0,2021.0,,3092.783505154639
KAYSERİ,MELİKGAZİ,GESİ MAHALLESİ,38.7914,35.6219,140.0,,,,390000.0,2021-08-24 14:31:00,Apartman/Mesken,14.0,2021.0,,2785.714285714286
KAYSERİ,DEVELİ,BAHÇEBAŞI Mah. MAHALLESİ,38.3791,35.4926,435.0,,,,325000.0,2021-08-25 17:08:00,Apartman/Mesken,,2021.0,,747.1264367816092
KAYSERİ,KOCASİNAN,ERKİLET CAMİKEBİR MAHALLESİ,38.7812,35.4536,120.0,,,,300000.0,2021-08-24 14:51:00,Apartman/Mesken,10.0,2021.0,,2500.0
KAYSERİ,TALAS,HARMAN MAHALLESİ,38.685258,35.545717,140.0,2010.0,1.0,2.0,450000.0,2021-08-26 11:48:00,Apartman/Mesken,5.0,2021.0,11.0,3214.285714285714
KAYSERİ,TALAS,TALAS MAHALLESİ,38.7099,35.5679,45.0,,,,200000.0,2021-08-24 16:00:00,Apartman/Mesken,6.0,2021.0,,4444.444444444444
KAYSERİ,TALAS,TALAS MAHALLESİ,38.7116,35.5698,150.0,,,,580000.0,2021-08-26 10:25:00,Apartman/Mesken,8.0,2021.0,,3866.6666666666665
KAYSERİ,MELİKGAZİ,YEŞİLYURT MAHALLESİ,38.7916,35.6189,119.0,,,,400000.0,2021-08-25 17:31:00,Apartman/Mesken,9.0,2021.0,,3361.344537815126
KAYSERİ,MELİKGAZİ,KILIÇASLAN MAHALLESİ,38.725623,35.502114,100.0,,,,330000.0,2021-08-25 11:59:00,Apartman/Mesken,1.0,2021.0,,3300.0
KAYSERİ,KOCASİNAN,SÜMER MAHALLESİ,38.7462,35.4708,118.0,,,,500000.0,2021-08-26 11:16:00,Apartman/Mesken,7.0,2021.0,,4237.28813559322
KAYSERİ,MELİKGAZİ,GESİ MAHALLESİ,38.783316,35.609531,130.0,2009.0,1.0,3.0,325000.0,2021-08-26 17:16:00,Apartman/Mesken,6.0,2021.0,12.0,2500.0
KAYSERİ,MELİKGAZİ,KEYKUBAT MAHALLESİ,38.7462,35.3954,119.0,,,,350000.0,2021-08-27 17:14:00,Apartman/Mesken,8.0,2021.0,,2941.176470588235
KAYSERİ,DEVELİ,İBRAHİMAĞA MAHALLESİ,38.3848,35.4893,86.0,,,,165000.0,2021-08-31 11:56:00,Apartman/Mesken,2.0,2021.0,,1918.6046511627908
KAYSERİ,HACILAR,AKYAZI MAHALLESİ,38.654976,35.454594,135.0,2000.0,3.0,3.0,210000.0,2021-08-27 12:15:00,Apartman/Mesken,1.0,2021.0,21.0,1555.5555555555557
KAYSERİ,BÜNYAN,FATİH (AKMESÇİT) M MAHALLESİ,38.623438,35.871946,314.0,,,,555000.0,2021-08-31 09:45:00,Apartman/Mesken,,2021.0,,1767.5159235668789
KAYSERİ,BÜNYAN,BURHANİYE Mah. MAHALLESİ,38.934442,35.778746,454.0,2009.0,1.0,3.0,605000.0,2021-09-01 11:50:00,Apartman/Mesken,,2021.0,12.0,1332.5991189427314
KAYSERİ,MELİKGAZİ,KEYKUBAT MAHALLESİ,38.7396,35.407,119.0,,,,185000.0,2021-09-01 14:54:00,Apartman/Mesken,3.0,2021.0,,1554.6218487394958
KAYSERİ,KOCASİNAN,KAVAKYAZISI MAHALLESİ,38.7326,35.5007,76.0,,,,195000.0,2021-10-20 16:48:00,Apartman/Mesken,3.0,2021.0,,2565.7894736842104
KAYSERİ,KOCASİNAN,KAVAKYAZISI 2.MINTIKA MAHALLESİ,38.7371,35.5202,173.0,,,,1250000.0,2021-10-20 16:49:00,Apartman/Mesken,9.0,2021.0,,7225.43352601156
KAYSERİ,KOCASİNAN,YAVUZSELİM MAHALLESİ,38.7586,35.5668,118.0,,,,405000.0,2021-09-02 11:42:00,Apartman/Mesken,8.0,2021.0,,3432.2033898305085
KAYSERİ,MELİKGAZİ,19 MAYIS MAHALLESİ,38.742209,35.381265,128.0,2019.0,1.0,1.0,450000.0,2021-09-03 17:37:00,Apartman/Mesken,10.0,2021.0,2.0,3515.625
KAYSERİ,MELİKGAZİ,DEMOKRASİ MAHALLESİ,38.7628,35.6036,110.0,,,,215000.0,2021-09-06 14:50:00,Apartman/Mesken,0.0,2021.0,,1954.5454545454545
KAYSERİ,MELİKGAZİ,YEŞİLYURT MAHALLESİ,38.792175,35.613966,120.0,2021.0,1.0,2.0,390000.0,2021-09-06 14:39:00,Apartman/Mesken,6.0,2021.0,0.0,3250.0
KAYSERİ,MELİKGAZİ,BAHÇELİEVLER MAHALLESİ,38.7655,35.5952,132.0,,,,370000.0,2021-09-06 11:43:00,Apartman/Mesken,1.0,2021.0,,2803.030303030303
KAYSERİ,MELİKGAZİ,KIRANARDI/CUMHURİYET Mah. MAHALLESİ,38.6261,35.5303,210.0,,,,320000.0,2021-09-19 22:35:00,Apartman/Mesken,,2021.0,,1523.8095238095239
KAYSERİ,KOCASİNAN,PERVANE MAHALLESİ,38.755,35.4964,128.0,2014.0,1.0,2.0,400000.0,2021-09-08 10:47:00,Apartman/Mesken,2.0,2021.0,7.0,3125.0
KAYSERİ,KOCASİNAN,KAVAKYAZISI MAHALLESİ,38.7261,35.4987,111.0,,,,340000.0,2021-09-09 11:00:00,Apartman/Mesken,0.0,2021.0,,3063.063063063063
KAYSERİ,SARIOĞLAN,BAKARCAK MAHALLESİ,39.0679,35.9722,103.0,,,,170000.0,2021-09-10 14:22:00,Apartman/Mesken,3.0,2021.0,,1650.485436893204
KAYSERİ,MELİKGAZİ,KONAKLAR MAHALLESİ,38.75097,35.564197,115.0,2010.0,1.0,3.0,300000.0,2021-09-08 14:40:00,Apartman/Mesken,0.0,2021.0,11.0,2608.695652173913
KAYSERİ,MELİKGAZİ,KÜÇÜKALİ MAHALLESİ,38.7115,35.4718,97.0,,,,330000.0,2021-09-09 10:56:00,Apartman/Mesken,9.0,2021.0,,3402.061855670103
KAYSERİ,MELİKGAZİ,GESİ MAHALLESİ,38.784914,35.604294,127.0,2012.0,1.0,2.0,320000.0,2021-09-13 09:54:00,Apartman/Mesken,9.0,2021.0,9.0,2519.685039370079
KAYSERİ,TALAS,YUKARI TALAS M MAHALLESİ,38.6712,35.5738,219.0,2019.0,1.0,1.0,1285000.0,2021-09-16 16:47:00,Apartman/Mesken,,2021.0,2.0,5867.579908675799
KAYSERİ,MELİKGAZİ,GESİ MAHALLESİ,38.7887,35.6019,131.0,2018.0,1.0,2.0,485000.0,2021-09-09 13:10:00,Apartman/Mesken,7.0,2021.0,3.0,3702.290076335878
KAYSERİ,KOCASİNAN,KAVAKYAZISI MAHALLESİ,38.7355,35.5237,195.0,2005.0,1.0,2.0,800000.0,2021-09-14 08:47:00,Apartman/Mesken,9.0,2021.0,16.0,4102.5641025641025
KAYSERİ,MELİKGAZİ,GÜLTEPE MAHALLESİ,38.7206,35.5157,152.0,,,,950000.0,2021-10-08 11:02:00,Apartman/Mesken,5.0,2021.0,,6250.0
KAYSERİ,MELİKGAZİ,1.ESKİŞEHİR MAHALLESİ,38.6964,35.4892,112.0,,,,325000.0,2021-10-08 11:05:00,Apartman/Mesken,8.0,2021.0,,2901.785714285714
KAYSERİ,MELİKGAZİ,ERENKÖY MAHALLESİ,38.6792,35.5068,209.0,,,,1800000.0,2021-10-05 09:20:00,Apartman/Mesken,1.0,2021.0,,8612.440191387559
KAYSERİ,KOCASİNAN,ERKİLET OSMANGAZİ MAHALLESİ,38.8025,35.4499,109.0,,,,275000.0,2021-09-16 11:45:00,Apartman/Mesken,,2021.0,,2522.935779816514
KAYSERİ,KOCASİNAN,ERTUĞRUL GAZİ MAHALLESİ,38.7957,35.4487,133.0,,,,340000.0,2021-10-08 11:09:00,Apartman/Mesken,8.0,2021.0,,2556.3909774436092
KAYSERİ,TALAS,HARMAN MAHALLESİ,38.683143,35.552666,154.0,2015.0,1.0,3.0,630000.0,2021-09-14 13:40:00,Apartman/Mesken,7.0,2021.0,6.0,4090.909090909091
KAYSERİ,KOCASİNAN,FEVZİOĞLU MAHALLESİ,38.758587,35.517185,115.0,,,,380000.0,2021-09-15 10:12:00,Apartman/Mesken,1.0,2021.0,,3304.3478260869565
KAYSERİ,MELİKGAZİ,KILIÇASLAN MAHALLESİ,38.7232,35.5018,86.0,,,,185000.0,2021-09-17 17:53:00,Apartman/Mesken,2.0,2021.0,,2151.1627906976746
KAYSERİ,MELİKGAZİ,AYDINLAR MAHALLESİ,38.7001,35.5934,263.0,,,,1150000.0,2021-09-17 14:39:00,Apartman/Mesken,6.0,2021.0,,4372.623574144487
KAYSERİ,MELİKGAZİ,KEYKUBAT MAHALLESİ,38.742,35.4067,145.0,,,,315000.0,2021-10-05 09:20:00,Apartman/Mesken,2.0,2021.0,,2172.4137931034484
KAYSERİ,TALAS,TALAS MAHALLESİ,38.7099,35.5529,148.0,,,,650000.0,2021-09-24 13:48:00,Apartman/Mesken,5.0,2021.0,,4391.891891891892
KAYSERİ,MELİKGAZİ,BAHÇELİEVLER MAHALLESİ,38.772103,35.585285,113.0,2021.0,1.0,3.0,300000.0,2021-09-21 10:02:00,Apartman/Mesken,10.0,2021.0,0.0,2654.8672566371683
KAYSERİ,MELİKGAZİ,AYDINLIKEVLER MAHALLESİ,38.7218,35.4718,93.0,,,,200000.0,2021-09-22 15:24:00,Apartman/Mesken,0.0,2021.0,,2150.537634408602
KAYSERİ,KOCASİNAN,ERTUĞRUL GAZİ MAHALLESİ,38.8002,35.4484,125.0,,,,450000.0,2021-10-20 16:56:00,Apartman/Mesken,2.0,2021.0,,3600.0
KAYSERİ,MELİKGAZİ,YILDIRIM BEYAZIT MAHALLESİ,38.726721,35.527703,150.0,2008.0,1.0,3.0,715000.0,2021-09-22 12:23:00,Apartman/Mesken,10.0,2021.0,13.0,4766.666666666667
KAYSERİ,MELİKGAZİ,GESİ Mah. MAHALLESİ,38.7943,35.6318,187.0,,,,900000.0,2021-09-24 09:50:00,Apartman/Mesken,,2021.0,,4812.834224598931
KAYSERİ,TALAS,HARMAN MAHALLESİ,38.6847,35.5451,127.0,,,,640000.0,2021-10-20 16:59:00,Apartman/Mesken,6.0,2021.0,,5039.370078740158
KAYSERİ,MELİKGAZİ,MELİKGAZİ MAHALLESİ,38.7299,35.5188,176.0,1993.0,1.0,3.0,700000.0,2021-10-20 16:59:00,Apartman/Mesken,4.0,2021.0,28.0,3977.2727272727275
KAYSERİ,MELİKGAZİ,AYDINLIKEVLER MAHALLESİ,38.721223,35.472713,145.0,1995.0,1.0,3.0,280000.0,2021-09-28 12:43:00,Apartman/Mesken,5.0,2021.0,26.0,1931.0344827586207
KAYSERİ,MELİKGAZİ,ŞİRİNTEPE MAHALLESİ,38.7387,35.5819,136.0,,,,450000.0,2021-10-20 17:03:00,Apartman/Mesken,5.0,2021.0,,3308.823529411765
KAYSERİ,BÜNYAN,SÜMER Mah. MAHALLESİ,38.8446,35.8631,222.0,1955.0,3.0,4.0,295000.0,2021-09-28 14:04:00,Apartman/Mesken,,2021.0,66.0,1328.8288288288288
KAYSERİ,BÜNYAN,KÖPRÜBAŞI Mah. MAHALLESİ,38.6659,36.0252,110.0,2013.0,1.0,4.0,220000.0,2021-09-30 10:35:00,Apartman/Mesken,,2021.0,8.0,2000.0
KAYSERİ,MELİKGAZİ,TONTAR MAHALLESİ,38.7041,35.4946,139.0,,,,550000.0,2021-10-20 17:03:00,Apartman/Mesken,7.0,2021.0,,3956.834532374101
KAYSERİ,TALAS,TALAS MAHALLESİ,38.7145,35.5567,132.0,,,,525000.0,2021-10-20 17:04:00,Apartman/Mesken,10.0,2021.0,,3977.2727272727275
KAYSERİ,KOCASİNAN,ERKİLET OSMANGAZİ MAHALLESİ,38.789312,35.459207,124.0,,,,415000.0,2021-09-29 14:11:00,Apartman/Mesken,4.0,2021.0,,3346.7741935483873
KAYSERİ,MELİKGAZİ,GÜLÜK MAHALLESİ,38.722,35.4756,85.0,,,,180000.0,2021-10-20 17:05:00,Apartman/Mesken,4.0,2021.0,,2117.6470588235293
KAYSERİ,MELİKGAZİ,ÇAY MAHALLESİ,38.694741,35.533964,268.0,,,,1675000.0,2021-10-05 14:56:00,Apartman/Mesken,1.0,2021.0,,6250.0
KAYSERİ,KOCASİNAN,SÜMER MAHALLESİ,38.7353,35.4648,117.0,,,,250000.0,2021-10-20 17:05:00,Apartman/Mesken,3.0,2021.0,,2136.7521367521367
KAYSERİ,KOCASİNAN,ERKİLET GENERALEMİR MAHALLESİ,38.8117,35.4552,120.0,,,,280000.0,2021-10-20 17:05:00,Apartman/Mesken,2.0,2021.0,,2333.3333333333335
KAYSERİ,KOCASİNAN,HACI KILINÇ MAHALLESİ,38.727402,35.490657,71.0,2021.0,1.0,2.0,390000.0,2021-10-20 17:05:00,Apartman/Mesken,5.0,2021.0,0.0,5492.957746478874
KAYSERİ,KOCASİNAN,SÜMER MAHALLESİ,38.7448,35.4812,125.0,,,,280000.0,2021-10-04 10:18:00,Apartman/Mesken,1.0,2021.0,,2240.0
KAYSERİ,MELİKGAZİ,GESİ MAHALLESİ,38.7844,35.5966,129.0,2013.0,1.0,3.0,300000.0,2021-10-20 17:05:00,Apartman/Mesken,3.0,2021.0,8.0,2325.5813953488373
KAYSERİ,KOCASİNAN,KAVAKYAZISI MAHALLESİ,38.723206,35.507519,80.0,1986.0,1.0,3.0,200000.0,2021-10-04 16:14:00,Apartman/Mesken,0.0,2021.0,35.0,2500.0
KAYSERİ,MELİKGAZİ,ANBAR MAHALLESİ,38.7381,35.3817,128.0,2010.0,1.0,2.0,440000.0,2021-10-08 09:58:00,Apartman/Mesken,8.0,2021.0,11.0,3437.5
KAYSERİ,MELİKGAZİ,KEYKUBAT MAHALLESİ,38.7412,35.3882,80.0,1992.0,1.0,3.0,210000.0,2021-10-12 10:04:00,Apartman/Mesken,1.0,2021.0,29.0,2625.0
KAYSERİ,KOCASİNAN,ERKİLET OSMANGAZİ MAHALLESİ,38.7892,35.4592,123.0,,,,400000.0,2021-10-12 10:31:00,Apartman/Mesken,1.0,2021.0,,3252.032520325203
KAYSERİ,MELİKGAZİ,GESİ MAHALLESİ,38.788188,35.616465,100.0,2002.0,1.0,3.0,250000.0,2021-10-13 10:29:00,Apartman/Mesken,9.0,2021.0,19.0,2500.0
KAYSERİ,MELİKGAZİ,HİSARCIK MAHALLESİ,38.6234,35.5115,105.0,1992.0,1.0,3.0,220000.0,2021-10-25 09:45:00,Apartman/Mesken,1.0,2021.0,29.0,2095.2380952380954
KAYSERİ,KOCASİNAN,SÜMER MAHALLESİ,38.7368,35.4715,154.0,,,,675000.0,2021-10-20 17:04:00,Apartman/Mesken,1.0,2021.0,,4383.116883116883
KAYSERİ,KOCASİNAN,SÜMER MAHALLESİ,38.7461,35.4571,128.0,,,,575000.0,2021-10-15 10:33:00,Apartman/Mesken,10.0,2021.0,,4492.1875
KAYSERİ,TALAS,KİÇİKÖY MAHALLESİ,38.6916,35.5538,107.0,,,,260000.0,2021-10-19 08:43:00,Apartman/Mesken,0.0,2021.0,,2429.9065420560746
KAYSERİ,KOCASİNAN,SÜMER MAHALLESİ,38.739076,35.455793,103.0,,,,230000.0,2021-10-20 17:03:00,Apartman/Mesken,1.0,2021.0,,2233.009708737864
KAYSERİ,KOCASİNAN,SÜMER MAHALLESİ,38.730573,35.469052,181.0,2012.0,1.0,3.0,700000.0,2021-10-18 16:51:00,Apartman/Mesken,11.0,2021.0,9.0,3867.403314917127
KAYSERİ,KOCASİNAN,SÜMER MAHALLESİ,38.7435,35.4852,127.0,,,,290000.0,2021-10-20 17:03:00,Apartman/Mesken,2.0,2021.0,,2283.464566929134
KAYSERİ,MELİKGAZİ,YILDIRIM BEYAZIT MAHALLESİ,38.730954,35.534055,111.0,2016.0,1.0,2.0,720000.0,2021-10-21 10:09:00,Apartman/Mesken,9.0,2021.0,5.0,6486.486486486487
KAYSERİ,TALAS,TALAS MAHALLESİ,38.712427,35.566176,85.0,2021.0,1.0,2.0,360000.0,2021-10-21 09:59:00,Apartman/Mesken,12.0,2021.0,0.0,4235.294117647059
KAYSERİ,MELİKGAZİ,KEYKUBAT MAHALLESİ,38.7384,35.3917,80.0,,,,220000.0,2021-10-26 12:06:00,Apartman/Mesken,3.0,2021.0,,2750.0
KAYSERİ,MELİKGAZİ,1.ESKİŞEHİR MAHALLESİ,38.6916,35.4949,173.0,2004.0,1.0,3.0,680000.0,2021-11-29 15:57:00,Apartman/Mesken,8.0,2021.0,17.0,3930.635838150289
KAYSERİ,MELİKGAZİ,GESİ MAHALLESİ,38.7863,35.6133,100.0,,,,300000.0,2021-10-22 17:42:00,Apartman/Mesken,7.0,2021.0,,3000.0
KAYSERİ,MELİKGAZİ,SELÇUKLU Mah. MAHALLESİ,38.697153,35.471835,382.0,,,,510000.0,2021-11-29 15:57:00,Apartman/Mesken,,2021.0,,1335.0785340314137
KAYSERİ,MELİKGAZİ,GESİ MAHALLESİ,38.7893,35.6005,130.0,,,,310000.0,2021-10-25 15:52:00,Apartman/Mesken,0.0,2021.0,,2384.6153846153848
KAYSERİ,MELİKGAZİ,KEYKUBAT MAHALLESİ,38.7384,35.3917,80.0,1995.0,1.0,3.0,200000.0,2021-10-25 09:25:00,Apartman/Mesken,0.0,2021.0,26.0,2500.0
KAYSERİ,KOCASİNAN,PERVANE MAHALLESİ,38.7416,35.4933,148.0,2021.0,1.0,2.0,950000.0,2021-11-29 15:57:00,Apartman/Mesken,7.0,2021.0,0.0,6418.918918918919
KAYSERİ,MELİKGAZİ,ALPASLAN MAHALLESİ,38.7239,35.5099,150.0,2021.0,1.0,2.0,18600000.0,2021-11-29 15:58:00,Apartman/Mesken,,2021.0,0.0,124000.0
KAYSERİ,DEVELİ,YENİMAHALLE MAHALLESİ,38.400884,35.483887,120.0,2021.0,1.0,2.0,290000.0,2021-10-28 11:50:00,Apartman/Mesken,2.0,2021.0,0.0,2416.6666666666665
KAYSERİ,TALAS,HARMAN MAHALLESİ,38.6849,35.5474,165.0,,,,740000.0,2021-11-01 09:02:00,Apartman/Mesken,2.0,2021.0,,4484.848484848485
KAYSERİ,MELİKGAZİ,MAHRUMLAR MAHALLESİ,38.711806,35.443093,125.0,2000.0,1.0,3.0,320000.0,2021-11-01 13:20:00,Apartman/Mesken,10.0,2021.0,21.0,2560.0
KAYSERİ,PINARBAŞI,YENİ CAMİ M MAHALLESİ,38.720732,36.390918,263.0,1989.0,3.0,3.0,420000.0,2021-11-02 17:25:00,Apartman/Mesken,2.0,2021.0,32.0,1596.958174904943
KAYSERİ,TALAS,TALAS MAHALLESİ,38.6975,35.5541,144.0,2011.0,1.0,3.0,460000.0,2021-11-05 09:04:00,Apartman/Mesken,9.0,2021.0,10.0,3194.4444444444443
KAYSERİ,MELİKGAZİ,KÖŞKDAĞI MAHALLESİ,38.706684,35.516382,95.0,2021.0,1.0,1.0,485000.0,2021-11-07 16:28:00,Apartman/Mesken,6.0,2021.0,0.0,5105.263157894737
KAYSERİ,MELİKGAZİ,KANLIYURT MAHALLESİ,38.7327,35.4348,103.0,1994.0,1.0,3.0,290000.0,2021-11-04 14:59:00,Apartman/Mesken,3.0,2021.0,27.0,2815.5339805825242
KAYSERİ,MELİKGAZİ,DEMİRCİYAZISI MAHALLESİ,38.70718,35.449404,128.0,1989.0,1.0,3.0,320000.0,2021-11-05 10:14:00,Apartman/Mesken,4.0,2021.0,32.0,2500.0
KAYSERİ,MELİKGAZİ,BAHÇELİEVLER MAHALLESİ,38.7571,35.5779,105.0,2018.0,1.0,2.0,340000.0,2021-11-05 16:50:00,Apartman/Mesken,8.0,2021.0,3.0,3238.095238095238
KAYSERİ,MELİKGAZİ,GESİ MAHALLESİ,38.7895,35.6004,130.0,,,,350000.0,2021-11-04 13:14:00,Apartman/Mesken,2.0,2021.0,,2692.3076923076924
KAYSERİ,KOCASİNAN,ERKİLET GENERALEMİR MAHALLESİ,38.8024,35.4511,114.0,2008.0,1.0,3.0,260000.0,2021-11-09 16:18:00,Apartman/Mesken,0.0,2021.0,13.0,2280.7017543859647
KAYSERİ,DEVELİ,İBRAHİMAĞA Mah. MAHALLESİ,38.3863,35.4913,551.0,,,,720000.0,2021-11-10 12:45:00,Apartman/Mesken,,2021.0,,1306.7150635208711
KAYSERİ,MELİKGAZİ,DEMİRCİYAZISI MAHALLESİ,38.708566,35.45073,100.0,1996.0,1.0,3.0,280000.0,2021-11-09 16:18:00,Apartman/Mesken,4.0,2021.0,25.0,2800.0
KAYSERİ,MELİKGAZİ,CAFERBEY MAHALLESİ,38.710345,35.484852,130.0,1996.0,1.0,3.0,390000.0,2021-11-07 17:05:00,Apartman/Mesken,11.0,2021.0,25.0,3000.0
KAYSERİ,MELİKGAZİ,KEYKUBAT MAHALLESİ,38.741799,35.414814,85.0,1982.0,1.0,3.0,150000.0,2021-11-08 13:37:00,Apartman/Mesken,-1.0,2021.0,39.0,1764.7058823529412
KAYSERİ,TALAS,TALAS MAHALLESİ,38.7123,35.5619,50.0,,,,200000.0,2021-11-11 15:09:00,Apartman/Mesken,1.0,2021.0,,4000.0
KAYSERİ,MELİKGAZİ,1.ESKİŞEHİR MAHALLESİ,38.7144,35.4749,130.0,,,,430000.0,2021-11-12 09:08:00,Apartman/Mesken,14.0,2021.0,,3307.6923076923076
KAYSERİ,KOCASİNAN,PERVANE MAHALLESİ,38.7394,35.4905,90.0,,,,210000.0,2021-11-12 14:46:00,Apartman/Mesken,2.0,2021.0,,2333.3333333333335
KAYSERİ,TALAS,TALAS MAHALLESİ,38.7136,35.5635,138.0,,,,580000.0,2021-11-15 09:23:00,Apartman/Mesken,12.0,2021.0,,4202.898550724638
KAYSERİ,MELİKGAZİ,YILDIRIM BEYAZIT MAHALLESİ,38.7273,35.5387,60.0,2021.0,1.0,2.0,305000.0,2021-11-16 09:43:00,Apartman/Mesken,4.0,2021.0,0.0,5083.333333333333
KAYSERİ,DEVELİ,CAMİCEDİT MAHALLESİ,38.3826,35.4878,64.0,,,,100000.0,2021-11-18 10:34:00,Apartman/Mesken,0.0,2021.0,,1562.5
KAYSERİ,MELİKGAZİ,BAHÇELİEVLER MAHALLESİ,38.76034,35.589641,140.0,2020.0,1.0,3.0,430000.0,2021-11-18 11:37:00,Apartman/Mesken,4.0,2021.0,1.0,3071.4285714285716
KAYSERİ,KOCASİNAN,ERKİLET MEHMET AKİF ERSOY MAHALLESİ,38.7995,35.45,109.0,,,,250000.0,2021-11-19 12:01:00,Apartman/Mesken,0.0,2021.0,,2293.577981651376
KAYSERİ,PINARBAŞI,HÜRRİYET MAHALLESİ,38.7199,36.3743,120.0,2006.0,1.0,3.0,280000.0,2021-11-19 10:02:00,Apartman/Mesken,1.0,2021.0,15.0,2333.3333333333335
KAYSERİ,MELİKGAZİ,SELÇUKLU MAHALLESİ,38.6948,35.4768,133.0,2009.0,1.0,3.0,300000.0,2021-11-19 18:45:00,Apartman/Mesken,2.0,2021.0,12.0,2255.6390977443607
KAYSERİ,BÜNYAN,CUMHURİYET MAHALLESİ,38.8562,35.8502,99.0,1988.0,1.0,3.0,180000.0,2021-11-19 14:33:00,Apartman/Mesken,3.0,2021.0,33.0,1818.1818181818182
KAYSERİ,MELİKGAZİ,1.ESKİŞEHİR MAHALLESİ,38.6911,35.4916,158.0,,,,685000.0,2021-11-24 12:19:00,Apartman/Mesken,7.0,2021.0,,4335.443037974684
KAYSERİ,MELİKGAZİ,ESENTEPE MAHALLESİ,38.7322,35.4288,120.0,2005.0,1.0,3.0,325000.0,2021-11-22 10:08:00,Apartman/Mesken,8.0,2021.0,16.0,2708.3333333333335
KAYSERİ,MELİKGAZİ,KANLIYURT MAHALLESİ,38.7354,35.4158,95.0,1988.0,1.0,3.0,335000.0,2021-11-22 10:06:00,Apartman/Mesken,1.0,2021.0,33.0,3526.315789473684
KAYSERİ,İNCESU,BAHÇESARAY MAHALLESİ,38.639,35.2,98.0,2008.0,1.0,3.0,200000.0,2021-11-22 10:35:00,Apartman/Mesken,3.0,2021.0,13.0,2040.8163265306123
KAYSERİ,MELİKGAZİ,AĞIRNAS Mah. MAHALLESİ,38.8191,35.7185,322.0,1990.0,3.0,4.0,360000.0,2021-11-24 15:26:00,Apartman/Mesken,,2021.0,31.0,1118.0124223602484
KAYSERİ,KOCASİNAN,ERKİLET 100.YIL MAHALLESİ,38.8106,35.4531,84.0,2021.0,1.0,2.0,310000.0,2021-11-23 10:21:00,Apartman/Mesken,1.0,2021.0,0.0,3690.4761904761904
KAYSERİ,BÜNYAN,CUMHURİYET MAHALLESİ,38.8576,35.8451,137.0,2014.0,1.0,3.0,350000.0,2021-11-19 23:27:00,Apartman/Mesken,6.0,2021.0,7.0,2554.7445255474454
KAYSERİ,MELİKGAZİ,YEŞİLYURT MAHALLESİ,38.790702,35.608812,143.0,2020.0,1.0,3.0,445000.0,2021-11-22 11:38:00,Apartman/Mesken,5.0,2021.0,1.0,3111.888111888112
KAYSERİ,KOCASİNAN,ERTUĞRUL GAZİ MAHALLESİ,38.7913,35.4498,140.0,2021.0,1.0,2.0,520000.0,2021-11-23 13:51:00,Apartman/Mesken,7.0,2021.0,0.0,3714.285714285714
KAYSERİ,MELİKGAZİ,AKKAYA MAHALLESİ,38.7024,35.4388,120.0,2016.0,1.0,2.0,470000.0,2021-11-22 12:17:00,Apartman/Mesken,2.0,2021.0,5.0,3916.6666666666665
KAYSERİ,MELİKGAZİ,HÜRRİYET MAHALLESİ,38.7146,35.4676,111.0,1979.0,1.0,3.0,195000.0,2021-11-22 14:10:00,Apartman/Mesken,0.0,2021.0,42.0,1756.7567567567567
KAYSERİ,MELİKGAZİ,YILDIRIM BEYAZIT MAHALLESİ,38.7243,35.5368,125.0,2021.0,1.0,3.0,530000.0,2021-11-20 09:58:00,Apartman/Mesken,8.0,2021.0,0.0,4240.0
KAYSERİ,KOCASİNAN,KARPUZATAN DÜZ MAHALLESİ,38.7594,35.4626,120.0,2002.0,1.0,3.0,290000.0,2021-11-22 16:29:00,Apartman/Mesken,2.0,2021.0,19.0,2416.6666666666665
KAYSERİ,TALAS,KİÇİKÖY MAHALLESİ,38.6879,35.5571,33.0,2012.0,1.0,2.0,210000.0,2021-11-23 22:34:00,Apartman/Mesken,1.0,2021.0,9.0,6363.636363636364
KAYSERİ,TALAS,TALAS MAHALLESİ,38.7168,35.5622,136.0,2021.0,1.0,2.0,715000.0,2021-11-26 10:46:00,Apartman/Mesken,5.0,2021.0,0.0,5257.35294117647
KAYSERİ,KOCASİNAN,ERKİLET OSMANGAZİ MAHALLESİ,38.7887,35.4567,126.0,2020.0,1.0,2.0,550000.0,2021-11-25 09:48:00,Apartman/Mesken,3.0,2021.0,1.0,4365.079365079365
KAYSERİ,KOCASİNAN,SÜMER MAHALLESİ,38.74,35.4847,115.0,1989.0,1.0,3.0,240000.0,2021-11-29 09:57:00,Apartman/Mesken,2.0,2021.0,32.0,2086.9565217391305
KAYSERİ,DEVELİ,REŞADİYE MAHALLESİ,38.381813,35.475426,129.0,2021.0,1.0,3.0,310000.0,2021-11-29 15:19:00,Apartman/Mesken,1.0,2021.0,0.0,2403.1007751937987
KAYSERİ,KOCASİNAN,YENİDOĞAN MAHALLESİ,38.7435,35.4327,134.0,,,,620000.0,2021-12-01 09:01:00,Apartman/Mesken,8.0,2021.0,,4626.865671641791
KAYSERİ,TALAS,KİÇİKÖY MAHALLESİ,38.699142,35.541973,140.0,1993.0,1.0,3.0,470000.0,2021-12-01 17:27:00,Apartman/Mesken,4.0,2021.0,28.0,3357.1428571428573
KAYSERİ,MELİKGAZİ,ESENTEPE MAHALLESİ,38.7326,35.4276,116.0,2008.0,1.0,3.0,340000.0,2021-12-03 09:06:00,Apartman/Mesken,7.0,2021.0,13.0,2931.0344827586205
KAYSERİ,MELİKGAZİ,ERENKÖY MAHALLESİ,38.6785,35.5042,241.0,2021.0,1.0,1.0,3150000.0,2021-12-02 17:19:00,Apartman/Mesken,1.0,2021.0,0.0,13070.539419087138
KAYSERİ,KOCASİNAN,ERKİLET OSMANGAZİ MAHALLESİ,38.7893,35.4593,124.0,2017.0,1.0,3.0,500000.0,2021-12-02 14:48:00,Apartman/Mesken,1.0,2021.0,4.0,4032.2580645161293
KAYSERİ,MELİKGAZİ,SARIMSAKLI Mah. MAHALLESİ,38.8862,35.7259,386.0,2021.0,1.0,2.0,1060000.0,2021-12-07 12:05:00,Apartman/Mesken,,2021.0,0.0,2746.1139896373056
KAYSERİ,MELİKGAZİ,GERMİR MAHALLESİ,38.7422,35.5487,140.0,2018.0,1.0,3.0,625000.0,2021-12-06 16:37:00,Apartman/Mesken,7.0,2021.0,3.0,4464.285714285715
KAYSERİ,TALAS,TALAS MAHALLESİ,38.7099,35.5666,90.0,2021.0,1.0,2.0,475000.0,2021-12-07 11:52:00,Apartman/Mesken,11.0,2021.0,0.0,5277.777777777777
KAYSERİ,MELİKGAZİ,DANİŞMENTGAZİ Mah. MAHALLESİ,38.6824,35.4767,397.0,,,,545000.0,2021-12-08 00:27:00,Apartman/Mesken,,2021.0,,1372.7959697732997
KAYSERİ,KOCASİNAN,KAVAKYAZISI MAHALLESİ,38.7301,35.5079,94.0,,,,130000.0,2021-12-07 16:15:00,Apartman/Mesken,-1.0,2021.0,,1382.9787234042553
KAYSERİ,MELİKGAZİ,TONTAR MAHALLESİ,38.7017,35.4899,115.0,,,,365000.0,2021-12-10 10:01:00,Apartman/Mesken,4.0,2021.0,,3173.913043478261
KAYSERİ,KOCASİNAN,KAVAKYAZISI MAHALLESİ,38.733,35.5244,212.0,,,,780000.0,2021-12-09 16:34:00,Apartman/Mesken,12.0,2021.0,,3679.245283018868
KAYSERİ,DEVELİ,HARMAN MAHALLESİ,38.4019,35.493,116.0,2021.0,1.0,2.0,375000.0,2021-12-08 15:40:00,Apartman/Mesken,1.0,2021.0,0.0,3232.7586206896553
KAYSERİ,DEVELİ,HARMAN MAHALLESİ,38.4019,35.493,113.0,2021.0,1.0,2.0,385000.0,2021-12-08 16:28:00,Apartman/Mesken,2.0,2021.0,0.0,3407.079646017699
KAYSERİ,KOCASİNAN,KAVAKYAZISI  MAHALLESİ,38.7271,35.4955,145.0,1984.0,1.0,3.0,460000.0,2021-12-09 09:25:00,Apartman/Mesken,3.0,2021.0,37.0,3172.4137931034484
KAYSERİ,MELİKGAZİ,YEŞİLYURT MAHALLESİ,38.79159,35.619306,140.0,2019.0,1.0,2.0,555000.0,2021-12-13 16:54:00,Apartman/Mesken,3.0,2021.0,2.0,3964.285714285714
KAYSERİ,İNCESU,BAHÇESARAY MAHALLESİ,38.6314,35.1884,119.0,2011.0,1.0,3.0,245000.0,2021-12-15 12:44:00,Apartman/Mesken,0.0,2021.0,10.0,2058.823529411765
KAYSERİ,MELİKGAZİ,DEMİRCİYAZISI MAHALLESİ,38.7119,35.4465,150.0,,,,250000.0,2021-12-14 12:59:00,Apartman/Mesken,1.0,2021.0,,1666.6666666666667
KAYSERİ,KOCASİNAN,MİTHATPAŞA MAHALLESİ,38.7527,35.4596,108.0,,,,470000.0,2021-12-16 11:40:00,Apartman/Mesken,5.0,2021.0,,4351.851851851852
KAYSERİ,TALAS,TALAS MAHALLESİ,38.7032,35.5633,117.0,2000.0,1.0,3.0,375000.0,2021-12-16 12:15:00,Apartman/Mesken,1.0,2021.0,21.0,3205.128205128205
KAYSERİ,KOCASİNAN,ŞEKER MAHALLESİ,38.7724,35.4083,90.0,2021.0,1.0,2.0,450000.0,2021-12-16 15:16:00,Apartman/Mesken,7.0,2021.0,0.0,5000.0
KAYSERİ,KOCASİNAN,PERVANE MAHALLESİ,38.7517,35.499,105.0,,,,400000.0,2021-12-17 14:09:00,Apartman/Mesken,0.0,2021.0,,3809.5238095238096
KAYSERİ,MELİKGAZİ,GÜRPINAR Mah. MAHALLESİ,38.7308,35.6943,530.0,2000.0,,3.0,555000.0,2021-12-20 14:26:00,Apartman/Mesken,,2021.0,21.0,1047.1698113207547
KAYSERİ,MELİKGAZİ,YILDIRIM BEYAZIT MAHALLESİ,38.723,35.5346,132.0,,,,550000.0,2021-12-20 09:34:00,Apartman/Mesken,4.0,2021.0,,4166.666666666667
KAYSERİ,BÜNYAN,CUMHURİYET MAHALLESİ,38.8563,35.8522,114.0,1999.0,1.0,3.0,225000.0,2021-12-17 11:09:00,Apartman/Mesken,4.0,2021.0,22.0,1973.6842105263158
KAYSERİ,MELİKGAZİ,GERMİR MAHALLESİ,38.741896,35.549649,152.0,2016.0,1.0,2.0,2235000.0,2021-12-27 12:34:00,Apartman/Mesken,3.0,2021.0,5.0,14703.947368421053
KAYSERİ,KOCASİNAN,SEYRANİ MAHALLESİ,38.7514,35.4802,136.0,2021.0,1.0,2.0,750000.0,2021-12-21 15:24:00,Apartman/Mesken,3.0,2021.0,0.0,5514.705882352941
KAYSERİ,MELİKGAZİ,GESİ MAHALLESİ,38.786053,35.597054,128.0,2011.0,1.0,3.0,440000.0,2021-12-21 11:16:00,Apartman/Mesken,0.0,2021.0,10.0,3437.5
KAYSERİ,MELİKGAZİ,ALPASLAN MAHALLESİ,38.727128,35.512919,144.0,1993.0,1.0,3.0,910000.0,2021-12-22 13:40:00,Apartman/Mesken,4.0,2021.0,28.0,6319.444444444444
KAYSERİ,TALAS,TALAS MAHALLESİ,38.701,35.5703,33.0,2020.0,1.0,2.0,350000.0,2021-12-22 17:28:00,Apartman/Mesken,0.0,2021.0,1.0,10606.060606060606
KAYSERİ,HACILAR,HACILAR MAHALLESİ,38.6435,35.4555,135.0,2013.0,1.0,3.0,410000.0,2021-12-21 17:20:00,Apartman/Mesken,5.0,2021.0,8.0,3037.037037037037
KAYSERİ,MELİKGAZİ,EĞRİBUCAK MAHALLESİ,38.684127,35.434266,183.0,2015.0,1.0,2.0,1705000.0,2021-12-23 14:53:00,Apartman/Mesken,1.0,2021.0,6.0,9316.939890710382
KAYSERİ,MELİKGAZİ,GÜLTEPE MAHALLESİ,38.7207,35.5067,187.0,1997.0,1.0,2.0,1100000.0,2021-12-27 09:06:00,Apartman/Mesken,5.0,2021.0,24.0,5882.35294117647
KAYSERİ,DEVELİ,GÜNEYAŞAĞI MAHALLESİ,38.3708,35.4661,92.0,,,,185000.0,2021-12-28 14:31:00,Apartman/Mesken,1.0,2021.0,,2010.8695652173913
KAYSERİ,BÜNYAN,HÜRRİYET Mah. MAHALLESİ,38.7442,35.9016,327.0,2006.0,3.0,3.0,315000.0,2021-12-28 10:47:00,Apartman/Mesken,,2021.0,15.0,963.302752293578
KAYSERİ,TALAS,TALAS MAHALLESİ,38.7087,35.5553,128.0,2014.0,1.0,3.0,750000.0,2021-12-27 11:13:00,Apartman/Mesken,6.0,2021.0,7.0,5859.375
KAYSERİ,HACILAR,HACILAR MAHALLESİ,38.644888,35.455917,130.0,2020.0,1.0,3.0,500000.0,2021-12-28 14:23:00,Apartman/Mesken,0.0,2021.0,1.0,3846.153846153846
KAYSERİ,DEVELİ,YENİMAHALLE MAHALLESİ,38.4002,35.4901,158.0,,,,700000.0,2022-01-04 09:35:00,Apartman/Mesken,1.0,2022.0,,4430.379746835443
KAYSERİ,TALAS,TALAS MAHALLESİ,38.705544,35.569404,120.0,2004.0,1.0,3.0,430000.0,2022-01-04 11:35:00,Apartman/Mesken,10.0,2022.0,18.0,3583.3333333333335
KAYSERİ,MELİKGAZİ,KEYKUBAT MAHALLESİ,38.743383,35.389828,100.0,1995.0,1.0,3.0,415000.0,2022-01-04 15:56:00,Apartman/Mesken,3.0,2022.0,27.0,4150.0
KAYSERİ,MELİKGAZİ,KILIÇASLAN MAHALLESİ,38.7196,35.5022,186.0,,,,1100000.0,2022-01-10 14:32:00,Apartman/Mesken,2.0,2022.0,,5913.978494623656
KAYSERİ,PINARBAŞI,CABE Köyü MAHALLESİ,38.5822,36.0304,140.0,2000.0,1.0,3.0,85000.0,2022-01-09 21:18:00,Apartman/Mesken,,2022.0,22.0,607.1428571428571
KAYSERİ,MELİKGAZİ,ANBAR MAHALLESİ,38.7375,35.3874,105.0,,,,330000.0,2022-01-05 16:10:00,Apartman/Mesken,2.0,2022.0,,3142.8571428571427
KAYSERİ,TALAS,TALAS MAHALLESİ,38.701688,35.550985,120.0,2005.0,1.0,2.0,525000.0,2022-01-10 12:04:00,Apartman/Mesken,3.0,2022.0,17.0,4375.0
KAYSERİ,DEVELİ,REŞADİYE MAHALLESİ,38.3774,35.4706,130.0,,,,960000.0,2022-01-10 11:36:00,Apartman/Mesken,0.0,2022.0,,7384.615384615385
KAYSERİ,DEVELİ,REŞADİYE MAHALLESİ,38.3796,35.4763,120.0,,,,360000.0,2022-01-12 12:34:00,Apartman/Mesken,3.0,2022.0,,3000.0
KAYSERİ,TALAS,TABLAKAYA Mah. MAHALLESİ,38.6877,35.5708,421.0,,,,3900000.0,2022-01-14 10:02:00,Apartman/Mesken,,2022.0,,9263.657957244655
KAYSERİ,MELİKGAZİ,AYDINLIKEVLER MAHALLESİ,38.7223,35.4637,113.0,,,,575000.0,2022-01-17 09:01:00,Apartman/Mesken,3.0,2022.0,,5088.495575221239
KAYSERİ,KOCASİNAN,ERKİLET CAMİKEBİR MAHALLESİ,38.7832,35.4489,118.0,2006.0,1.0,3.0,390000.0,2022-01-14 11:01:00,Apartman/Mesken,2.0,2022.0,16.0,3305.084745762712
KAYSERİ,MELİKGAZİ,SAKARYA MAHALLESİ,38.727617,35.422707,112.0,,,,230000.0,2022-01-17 14:05:00,Apartman/Mesken,9.0,2022.0,,2053.5714285714284
KAYSERİ,MELİKGAZİ,SAKARYA MAHALLESİ,38.7281,35.4225,103.0,2022.0,1.0,3.0,510000.0,2022-01-17 10:51:00,Apartman/Mesken,1.0,2022.0,0.0,4951.456310679611
KAYSERİ,MELİKGAZİ,GÜRLE Mah. MAHALLESİ,38.6621,35.5189,370.0,,,,3500000.0,2022-01-20 09:55:00,Apartman/Mesken,,2022.0,,9459.45945945946
KAYSERİ,MELİKGAZİ,YAZIBAĞLARI MAHALLESİ,38.7368,35.401,111.0,,,,450000.0,2022-01-20 09:21:00,Apartman/Mesken,9.0,2022.0,,4054.054054054054
KAYSERİ,KOCASİNAN,BARSAMA Mah. MAHALLESİ,38.8694,35.6914,540.0,,,,1865000.0,2022-01-25 17:13:00,Apartman/Mesken,,2022.0,,3453.703703703704
KAYSERİ,TALAS,TALAS MAHALLESİ,38.7001,35.5605,36.0,,,,945000.0,2022-01-26 09:46:00,Apartman/Mesken,3.0,2022.0,,26250.0
KAYSERİ,KOCASİNAN,YENİDOĞAN MAHALLESİ,38.750186,35.445137,100.0,2022.0,1.0,2.0,490000.0,2022-01-31 14:35:00,Apartman/Mesken,1.0,2022.0,0.0,4900.0
KAYSERİ,MELİKGAZİ,İBRAHİM TENNURİ MAHALLESİ,38.6466,35.5176,192.0,,,,1290000.0,2022-01-27 09:58:00,Apartman/Mesken,0.0,2022.0,,6718.75
KAYSERİ,MELİKGAZİ,İBRAHİM TENNURİ MAHALLESİ,38.6466,35.5176,192.0,,,,1330000.0,2022-01-27 09:58:00,Apartman/Mesken,1.0,2022.0,,6927.083333333333
KAYSERİ,MELİKGAZİ,İBRAHİM TENNURİ MAHALLESİ,38.6466,35.5176,192.0,,,,1310000.0,2022-01-27 09:57:00,Apartman/Mesken,2.0,2022.0,,6822.916666666667
KAYSERİ,DEVELİ,YENİMAHALLE MAHALLESİ,38.3961,35.4887,132.0,2014.0,1.0,3.0,430000.0,2022-01-31 17:05:00,Apartman/Mesken,1.0,2022.0,8.0,3257.5757575757575
KAYSERİ,KOCASİNAN,ZİYA GÖKALP MAHALLESİ,38.7437,35.4369,92.0,1988.0,1.0,3.0,400000.0,2022-01-31 13:31:00,Apartman/Mesken,3.0,2022.0,34.0,4347.826086956522
KAYSERİ,MELİKGAZİ,BİLLUR MAHALLESİ,38.6825,35.5215,395.0,,,,3850000.0,2022-02-03 09:20:00,Villa,1.0,2022.0,,9746.835443037975
KAYSERİ,TALAS,HARMAN MAHALLESİ,38.6919,35.5435,150.0,2006.0,1.0,2.0,735000.0,2022-02-01 13:20:00,Apartman/Mesken,6.0,2022.0,16.0,4900.0
KAYSERİ,MELİKGAZİ,GÜLÜK MAHALLESİ,38.7161,35.4799,123.0,2012.0,1.0,3.0,650000.0,2022-02-02 12:22:00,Apartman/Mesken,4.0,2022.0,10.0,5284.552845528456
KAYSERİ,KOCASİNAN,KAVAKYAZISI MAHALLESİ,38.732058,35.492346,110.0,1982.0,1.0,4.0,400000.0,2022-02-02 17:23:00,Apartman/Mesken,1.0,2022.0,40.0,3636.3636363636365
KAYSERİ,TALAS,YUKARI TALAS M MAHALLESİ,38.6686,35.5754,314.0,,,,1680000.0,2022-02-06 17:29:00,Apartman/Mesken,,2022.0,,5350.3184713375795
KAYSERİ,TALAS,TALAS MAHALLESİ,38.712,35.5671,130.0,,,,9255000.0,2022-02-02 17:51:00,Apartman/Mesken,0.0,2022.0,,71192.30769230769
KAYSERİ,MELİKGAZİ,ALPASLAN MAHALLESİ,38.7256,35.5174,190.0,,,,1400000.0,2022-02-05 15:37:00,Apartman/Mesken,7.0,2022.0,,7368.421052631579
KAYSERİ,TALAS,TALAS MAHALLESİ,38.7137,35.5678,138.0,,,,720000.0,2022-02-07 10:10:00,Apartman/Mesken,9.0,2022.0,,5217.391304347826
KAYSERİ,MELİKGAZİ,ANBAR MAHALLESİ,38.7535,35.3736,93.0,2018.0,1.0,3.0,420000.0,2022-02-08 11:03:00,Apartman/Mesken,2.0,2022.0,4.0,4516.129032258064
KAYSERİ,TALAS,REŞADİYE Mah. MAHALLESİ,38.6651,35.5822,278.0,2020.0,1.0,2.0,2500000.0,2022-02-09 17:39:00,Apartman/Mesken,,2022.0,2.0,8992.805755395684
KAYSERİ,BÜNYAN,SAĞLIK MAHALLESİ,38.8502,35.8683,105.0,1988.0,1.0,3.0,200000.0,2022-02-10 09:48:00,Apartman/Mesken,0.0,2022.0,34.0,1904.7619047619048
KAYSERİ,PINARBAŞI,YENİ OCAK MAHALLESİ,38.7241,36.3933,140.0,2003.0,1.0,3.0,290000.0,2022-02-10 11:48:00,Apartman/Mesken,0.0,2022.0,19.0,2071.4285714285716
KAYSERİ,KOCASİNAN,PERVANE MAHALLESİ,38.7387,35.4971,162.0,,,,1150000.0,2022-02-14 12:04:00,Apartman/Mesken,9.0,2022.0,,7098.765432098766
KAYSERİ,MELİKGAZİ,MİMARSİNAN MAHALLESİ,38.7673,35.6093,55.0,2012.0,1.0,3.0,260000.0,2022-02-10 17:27:00,Apartman/Mesken,2.0,2022.0,10.0,4727.272727272727
KAYSERİ,MELİKGAZİ,MAHRUMLAR MAHALLESİ,38.7233,35.4482,92.0,,,,300000.0,2022-02-15 11:54:00,Apartman/Mesken,0.0,2022.0,,3260.8695652173915
KAYSERİ,MELİKGAZİ,KEYKUBAT MAHALLESİ,38.7467,35.3938,136.0,,,,575000.0,2022-02-16 09:30:00,Apartman/Mesken,5.0,2022.0,,4227.941176470588
KAYSERİ,TOMARZA,2.MINTIKA MAHALLESİ,38.4584,35.8091,68.0,2009.0,1.0,3.0,200000.0,2022-02-15 10:10:00,Apartman/Mesken,0.0,2022.0,13.0,2941.176470588235
KAYSERİ,DEVELİ,GÜNEYAŞAĞI MAHALLESİ,38.3762,35.4734,49.0,,,,175000.0,2022-02-17 13:19:00,Apartman/Mesken,0.0,2022.0,,3571.4285714285716
KAYSERİ,TALAS,TALAS MAHALLESİ,38.704567,35.563117,104.0,2000.0,1.0,3.0,430000.0,2022-02-18 11:58:00,Apartman/Mesken,6.0,2022.0,22.0,4134.615384615385
KAYSERİ,TALAS,TALAS MAHALLESİ,38.7001,35.5727,117.0,2017.0,1.0,3.0,590000.0,2022-02-18 12:01:00,Apartman/Mesken,6.0,2022.0,5.0,5042.735042735043
KAYSERİ,MELİKGAZİ,ESENTEPE MAHALLESİ,38.7288,35.4253,115.0,,,,750000.0,2022-02-18 17:50:00,Apartman/Mesken,6.0,2022.0,,6521.739130434783
KAYSERİ,MELİKGAZİ,KÖŞKDAĞI MAHALLESİ,38.7156,35.5132,165.0,,,,2000000.0,2022-02-23 10:56:00,Apartman/Mesken,12.0,2022.0,,12121.212121212122
KAYSERİ,MELİKGAZİ,DEMOKRASİ MAHALLESİ,38.762,35.6018,123.0,2007.0,1.0,3.0,420000.0,2022-02-23 11:34:00,Apartman/Mesken,6.0,2022.0,15.0,3414.6341463414633
KAYSERİ,KOCASİNAN,ERTUĞRUL GAZİ MAHALLESİ,38.7873,35.4507,143.0,,,,1500000.0,2022-02-25 10:08:00,Apartman/Mesken,14.0,2022.0,,10489.510489510489
KAYSERİ,İNCESU,BAHÇESARAY MAHALLESİ,38.6279,35.1806,126.0,2011.0,1.0,3.0,380000.0,2022-02-28 13:04:00,Apartman/Mesken,0.0,2022.0,11.0,3015.873015873016
KAYSERİ,MELİKGAZİ,FATİH MAHALLESİ,38.728589,35.585945,130.0,2019.0,1.0,2.0,550000.0,2022-03-01 10:23:00,Apartman/Mesken,6.0,2022.0,3.0,4230.7692307692305
KAYSERİ,KOCASİNAN,PERVANE MAHALLESİ,38.7418,35.5033,154.0,,,,1300000.0,2022-03-02 10:02:00,Apartman/Mesken,8.0,2022.0,,8441.558441558442
KAYSERİ,MELİKGAZİ,GÜLTEPE MAHALLESİ,38.72003,35.5119,70.0,,,,680000.0,2022-03-01 17:20:00,Apartman/Mesken,8.0,2022.0,,9714.285714285714
KAYSERİ,KOCASİNAN,ERKİLET  MAHALLESİ,38.7827,35.453,120.0,2007.0,1.0,3.0,925000.0,2022-03-02 11:43:00,Apartman/Mesken,,2022.0,15.0,7708.333333333333
KAYSERİ,BÜNYAN,İĞDECİK Mah. MAHALLESİ,38.9367,35.983,247.0,2000.0,3.0,3.0,245000.0,2022-03-02 12:27:00,Apartman/Mesken,,2022.0,22.0,991.9028340080972
KAYSERİ,PINARBAŞI,YENİ OCAK MAHALLESİ,38.7217,36.3939,150.0,,,,3140000.0,2022-03-04 12:33:00,Apartman/Mesken,4.0,2022.0,,20933.333333333332
KAYSERİ,DEVELİ,REŞADİYE MAHALLESİ,38.3822,35.4787,136.0,2013.0,1.0,3.0,400000.0,2022-03-01 17:59:00,Apartman/Mesken,0.0,2022.0,9.0,2941.176470588235
KAYSERİ,MELİKGAZİ,MELİKGAZİ MAHALLESİ,38.7297,35.5212,315.0,18.0,1.0,2.0,2430000.0,2022-03-03 17:47:00,Apartman/Mesken,11.0,2022.0,,7714.285714285715
KAYSERİ,MELİKGAZİ,KÖŞKDAĞI MAHALLESİ,38.7072,35.5122,208.0,,,,3350000.0,2022-03-07 16:05:00,Apartman/Mesken,13.0,2022.0,,16105.76923076923
KAYSERİ,KOCASİNAN,PERVANE MAHALLESİ,38.7436,35.4994,140.0,2021.0,1.0,2.0,1200000.0,2022-03-07 15:31:00,Apartman/Mesken,4.0,2022.0,1.0,8571.42857142857
KAYSERİ,KOCASİNAN,PERVANE MAHALLESİ,38.7418,35.4988,149.0,,,,950000.0,2022-03-10 09:46:00,Apartman/Mesken,1.0,2022.0,,6375.838926174497
KAYSERİ,MELİKGAZİ,GESİ MAHALLESİ,38.781,35.6029,123.0,,,,860000.0,2022-03-10 15:42:00,Apartman/Mesken,13.0,2022.0,,6991.869918699187
KAYSERİ,TALAS,TALAS MAHALLESİ,38.707,35.5714,115.0,,,,630000.0,2022-03-10 12:36:00,Apartman/Mesken,11.0,2022.0,,5478.260869565217
KAYSERİ,TALAS,TALAS MAHALLESİ,38.7148,35.5651,126.0,,,,810000.0,2022-03-10 10:09:00,Apartman/Mesken,8.0,2022.0,,6428.571428571428
KAYSERİ,TALAS,TALAS MAHALLESİ,38.7045,35.5693,115.0,,,,640000.0,2022-03-10 12:36:00,Apartman/Mesken,9.0,2022.0,,5565.217391304348
KAYSERİ,PINARBAŞI,GÜNEY Mah. MAHALLESİ,38.7243,36.3956,208.0,2000.0,1.0,3.0,465000.0,2022-03-10 15:14:00,Apartman/Mesken,,2022.0,22.0,2235.576923076923
KAYSERİ,TALAS,TALAS MAHALLESİ,38.7126,35.5608,143.0,,,,850000.0,2022-03-11 09:48:00,Apartman/Mesken,1.0,2022.0,,5944.055944055944
KAYSERİ,MELİKGAZİ,BATTALGAZİ MAHALLESİ,38.7044,35.4912,101.0,,,,315000.0,2022-03-11 22:51:00,Apartman/Mesken,0.0,2022.0,,3118.8118811881186
KAYSERİ,MELİKGAZİ,FATİH MAHALLESİ,38.757676,35.59036,125.0,2019.0,1.0,3.0,555000.0,2022-03-11 09:19:00,Apartman/Mesken,2.0,2022.0,3.0,4440.0
KAYSERİ,MELİKGAZİ,GÜLÜK MAHALLESİ,38.7165,35.4753,124.0,1995.0,1.0,3.0,780000.0,2022-03-10 12:04:00,Apartman/Mesken,8.0,2022.0,27.0,6290.322580645161
KAYSERİ,MELİKGAZİ,BAHÇELİEVLER MAHALLESİ,38.7704,35.5794,92.0,,,,520000.0,2022-03-15 12:14:00,Apartman/Mesken,5.0,2022.0,,5652.173913043478
KAYSERİ,DEVELİ,CAMİCEDİT MAHALLESİ,38.3853,35.4873,137.0,2018.0,1.0,2.0,600000.0,2022-03-15 11:27:00,Apartman/Mesken,0.0,2022.0,4.0,4379.56204379562
KAYSERİ,TALAS,TALAS MAHALLESİ,38.6998,35.5679,78.0,2014.0,1.0,3.0,560000.0,2022-03-14 11:41:00,Apartman/Mesken,6.0,2022.0,8.0,7179.48717948718
KAYSERİ,MELİKGAZİ,AYDINLAR MAHALLESİ,38.7274,35.5756,140.0,,,,575000.0,2022-03-15 14:14:00,Apartman/Mesken,1.0,2022.0,,4107.142857142857
KAYSERİ,KOCASİNAN,SÜMER MAHALLESİ,38.748933,35.469199,87.0,,,,350000.0,2022-03-18 09:36:00,Apartman/Mesken,1.0,2022.0,,4022.9885057471265
KAYSERİ,KOCASİNAN,ÖRNEKEVLER MAHALLESİ,38.7287,35.4802,69.0,1980.0,1.0,3.0,330000.0,2022-03-15 11:42:00,Apartman/Mesken,0.0,2022.0,42.0,4782.608695652174
KAYSERİ,MELİKGAZİ,ŞİRİNTEPE MAHALLESİ,38.7411,35.575,105.0,2008.0,1.0,3.0,370000.0,2022-03-16 13:02:00,Apartman/Mesken,13.0,2022.0,14.0,3523.809523809524
KAYSERİ,MELİKGAZİ,GESİ MAHALLESİ,38.786,35.6222,128.0,2014.0,1.0,3.0,770000.0,2022-03-16 11:32:00,Apartman/Mesken,7.0,2022.0,8.0,6015.625
KAYSERİ,MELİKGAZİ,KAZIM KARABEKİR MAHALLESİ,38.7262,35.4445,87.0,,,,610000.0,2022-03-22 10:59:00,Apartman/Mesken,13.0,2022.0,,7011.494252873563
KAYSERİ,MELİKGAZİ,KÖŞKDAĞI MAHALLESİ,38.717,35.5047,153.0,,,,1645000.0,2022-03-22 10:59:00,Apartman/Mesken,11.0,2022.0,,10751.633986928104
KAYSERİ,TALAS,TALAS MAHALLESİ,38.7058,35.5586,107.0,2015.0,1.0,2.0,665000.0,2022-03-18 16:08:00,Apartman/Mesken,8.0,2022.0,7.0,6214.953271028037
KAYSERİ,MELİKGAZİ,YILDIRIM BEYAZIT MAHALLESİ,38.7329,35.5299,255.0,2013.0,1.0,1.0,3260000.0,2022-03-18 16:42:00,Apartman/Mesken,6.0,2022.0,9.0,12784.313725490196
KAYSERİ,MELİKGAZİ,KEYKUBAT MAHALLESİ,38.7413,35.4174,128.0,,,,440000.0,2022-03-22 10:58:00,Apartman/Mesken,3.0,2022.0,,3437.5
KAYSERİ,KOCASİNAN,PERVANE MAHALLESİ,38.7457,35.4949,105.0,2015.0,1.0,2.0,900000.0,2022-03-21 11:22:00,Apartman/Mesken,1.0,2022.0,7.0,8571.42857142857
KAYSERİ,MELİKGAZİ,SAKARYA MAHALLESİ,38.7308,35.4091,165.0,,,,860000.0,2022-03-22 10:02:00,Apartman/Mesken,14.0,2022.0,,5212.121212121212
KAYSERİ,MELİKGAZİ,MELİKGAZİ MAHALLESİ,38.7299,35.5243,180.0,,,,2500000.0,2022-03-23 09:22:00,Apartman/Mesken,5.0,2022.0,,13888.888888888889
KAYSERİ,TALAS,HARMAN MAHALLESİ,38.6847,35.545,127.0,,,,840000.0,2022-03-23 15:10:00,Apartman/Mesken,0.0,2022.0,,6614.173228346457
KAYSERİ,KOCASİNAN,PERVANE MAHALLESİ,38.7429,35.4973,169.0,,,,1150000.0,2022-03-23 15:10:00,Apartman/Mesken,1.0,2022.0,,6804.733727810651
KAYSERİ,MELİKGAZİ,OSMANLI MAHALLESİ,38.6943,35.4775,100.0,,,,465000.0,2022-03-23 15:10:00,Apartman/Mesken,5.0,2022.0,,4650.0
KAYSERİ,KOCASİNAN,HACI KILINÇ MAHALLESİ,38.7283,35.4901,145.0,,,,1300000.0,2022-03-24 16:05:00,Apartman/Mesken,5.0,2022.0,,8965.51724137931
KAYSERİ,TALAS,HARMAN MAHALLESİ,38.6848,35.5565,137.0,,,,850000.0,2022-03-28 14:34:00,Apartman/Mesken,6.0,2022.0,,6204.379562043796
KAYSERİ,MELİKGAZİ,FATİH MAHALLESİ,38.7461,35.5875,124.0,2012.0,1.0,3.0,580000.0,2022-03-22 17:34:00,Apartman/Mesken,5.0,2022.0,10.0,4677.419354838709
KAYSERİ,TALAS,HARMAN MAHALLESİ,38.6882,35.5425,167.0,2020.0,1.0,2.0,2000000.0,2022-03-24 08:44:00,Apartman/Mesken,12.0,2022.0,2.0,11976.047904191617
KAYSERİ,MELİKGAZİ,SELÇUKLU Mah. MAHALLESİ,38.6899,35.4719,300.0,,,,580000.0,2022-03-28 14:34:00,Apartman/Mesken,,2022.0,,1933.3333333333333
KAYSERİ,YEŞİLHİSAR,KÖŞK Mah. MAHALLESİ,38.3546,35.0876,377.0,,,,3350000.0,2022-04-01 10:38:00,Apartman/Mesken,,2022.0,,8885.941644562334
KAYSERİ,KOCASİNAN,AHİEVRAN MAHALLESİ,38.7622,35.5721,107.0,2010.0,1.0,3.0,400000.0,2022-03-24 10:05:00,Apartman/Mesken,8.0,2022.0,12.0,3738.3177570093458
KAYSERİ,İNCESU,BAHÇESARAY MAHALLESİ,38.6286,35.1773,77.0,2010.0,1.0,3.0,290000.0,2022-03-24 17:00:00,Apartman/Mesken,3.0,2022.0,12.0,3766.2337662337663
KAYSERİ,İNCESU,AKSUBAĞLARI MAHALLESİ,38.6114,35.1711,121.0,,,,400000.0,2022-03-28 14:34:00,Apartman/Mesken,8.0,2022.0,,3305.785123966942
KAYSERİ,BÜNYAN,CUMHURİYET MAHALLESİ,38.8553,35.8466,155.0,2012.0,1.0,3.0,575000.0,2022-03-25 17:15:00,Apartman/Mesken,6.0,2022.0,10.0,3709.6774193548385
KAYSERİ,KOCASİNAN,PERVANE MAHALLESİ,38.7571,35.4981,140.0,2014.0,1.0,2.0,920000.0,2022-03-31 16:19:00,Apartman/Mesken,8.0,2022.0,8.0,6571.428571428572
KAYSERİ,KOCASİNAN,PERVANE MAHALLESİ,38.7483,35.5068,130.0,2015.0,1.0,2.0,850000.0,2022-03-29 16:09:00,Apartman/Mesken,3.0,2022.0,7.0,6538.461538461538
KAYSERİ,KOCASİNAN,BEYAZŞEHİR MAHALLESİ,38.7819,35.5974,114.0,2003.0,1.0,3.0,495000.0,2022-03-28 16:32:00,Apartman/Mesken,0.0,2022.0,19.0,4342.105263157895
KAYSERİ,DEVELİ,İBRAHİMAĞA MAHALLESİ,38.3868,35.4909,122.0,,,,680000.0,2022-03-30 15:29:00,Apartman/Mesken,6.0,2022.0,,5573.770491803279
KAYSERİ,KOCASİNAN,ERKİLET OSMANGAZİ MAHALLESİ,38.7819,35.5974,150.0,,,,785000.0,2022-03-30 13:27:00,Apartman/Mesken,5.0,2022.0,,5233.333333333333
KAYSERİ,TALAS,TALAS MAHALLESİ,38.7006,35.5721,125.0,2009.0,1.0,2.0,825000.0,2022-03-30 11:23:00,Apartman/Mesken,9.0,2022.0,13.0,6600.0
KAYSERİ,KOCASİNAN,CENGİZTOPEL MAHALLESİ,38.7471,35.5227,107.0,,,,375000.0,2022-03-31 16:19:00,Apartman/Mesken,1.0,2022.0,,3504.6728971962616
KAYSERİ,TALAS,TALAS MAHALLESİ,38.7133,35.5682,81.0,2022.0,1.0,2.0,700000.0,2022-03-30 16:20:00,Apartman/Mesken,12.0,2022.0,0.0,8641.975308641975
KAYSERİ,BÜNYAN,CUMHURİYET MAHALLESİ,38.8552,35.8451,133.0,2021.0,1.0,2.0,520000.0,2022-03-30 17:30:00,Apartman/Mesken,2.0,2022.0,1.0,3909.7744360902257
KAYSERİ,KOCASİNAN,KAVAKYAZISI MAHALLESİ,38.7353,35.5174,150.0,1999.0,1.0,3.0,950000.0,2022-04-01 08:58:00,Apartman/Mesken,3.0,2022.0,23.0,6333.333333333333
KAYSERİ,TALAS,TALAS MAHALLESİ,38.7094,35.5711,46.0,2015.0,1.0,2.0,400000.0,2022-04-04 16:42:00,Apartman/Mesken,8.0,2022.0,7.0,8695.652173913044
KAYSERİ,KOCASİNAN,ERKİLET OSMANGAZİ MAHALLESİ,38.7935,35.4544,135.0,,,,580000.0,2022-04-04 11:55:00,Apartman/Mesken,2.0,2022.0,,4296.2962962962965
KAYSERİ,KOCASİNAN,KAVAKYAZISI MAHALLESİ,38.7335,35.5262,367.0,,,,2050000.0,2022-04-05 11:42:00,Apartman/Mesken,14.0,2022.0,,5585.8310626703
KAYSERİ,KOCASİNAN,YILDIZEVLER MAHALLESİ,38.74185,35.53785,156.0,2016.0,1.0,2.0,1850000.0,2022-04-01 17:52:00,Apartman/Mesken,7.0,2022.0,6.0,11858.97435897436
KAYSERİ,MELİKGAZİ,GESİ MAHALLESİ,38.7896,35.5982,128.0,,,,620000.0,2022-04-01 16:02:00,Apartman/Mesken,5.0,2022.0,,4843.75
KAYSERİ,PINARBAŞI,HÜRRİYET MAHALLESİ,38.7212,36.3745,120.0,2006.0,1.0,3.0,400000.0,2022-04-04 14:58:00,Apartman/Mesken,0.0,2022.0,16.0,3333.3333333333335
KAYSERİ,MELİKGAZİ,ÇAY MAHALLESİ,38.6897,35.5298,335.0,,,,4355000.0,2022-04-06 11:31:00,Villa,0.0,2022.0,,13000.0
KAYSERİ,BÜNYAN,CUMHURİYET MAHALLESİ,38.8581,35.8488,100.0,1989.0,1.0,3.0,230000.0,2022-04-05 15:33:00,Apartman/Mesken,2.0,2022.0,33.0,2300.0
KAYSERİ,TALAS,HARMAN MAHALLESİ,38.6897,35.5474,82.0,,,,700000.0,2022-04-07 10:13:00,Apartman/Mesken,3.0,2022.0,,8536.585365853658
KAYSERİ,MELİKGAZİ,KONAKLAR MAHALLESİ,38.731962,35.557669,145.0,2022.0,1.0,2.0,1750000.0,2022-04-13 17:30:00,Apartman/Mesken,12.0,2022.0,0.0,12068.965517241379
KAYSERİ,TALAS,KİÇİKÖY MAHALLESİ,38.6904,35.5601,130.0,2010.0,1.0,3.0,900000.0,2022-04-07 09:47:00,Apartman/Mesken,10.0,2022.0,12.0,6923.076923076923
KAYSERİ,PINARBAŞI,YENİ OCAK MAHALLESİ,38.7228,36.394,128.0,2008.0,1.0,3.0,350000.0,2022-04-08 16:20:00,Apartman/Mesken,2.0,2022.0,14.0,2734.375
KAYSERİ,İNCESU,HAMURCU Mah. MAHALLESİ,38.7219,35.2435,485.0,2022.0,1.0,3.0,1320000.0,2022-04-07 14:26:00,Apartman/Mesken,,2022.0,0.0,2721.6494845360826
KAYSERİ,MELİKGAZİ,ŞİRİNTEPE MAHALLESİ,38.7416,35.5789,145.0,,,,600000.0,2022-04-12 09:23:00,Apartman/Mesken,2.0,2022.0,,4137.931034482759
KAYSERİ,TOMARZA,2.MINTIKA MAHALLESİ,38.4591,35.8068,72.0,2009.0,1.0,3.0,260000.0,2022-04-11 14:57:00,Apartman/Mesken,1.0,2022.0,13.0,3611.1111111111113
KAYSERİ,BÜNYAN,CAMİ CEDİT M MAHALLESİ,38.8322,35.8507,165.0,2022.0,3.0,3.0,400000.0,2022-04-12 16:44:00,Apartman/Mesken,,2022.0,0.0,2424.242424242424
KAYSERİ,KOCASİNAN,KARPUZATAN DÜZ MAHALLESİ,38.7634,35.4606,126.0,,,,600000.0,2022-04-13 11:29:00,Apartman/Mesken,3.0,2022.0,,4761.9047619047615
KAYSERİ,KOCASİNAN,ERKİLET MEHMET AKİF ERSOY MAHALLESİ,38.7985,35.4512,99.0,,,,340000.0,2022-04-14 12:01:00,Apartman/Mesken,1.0,2022.0,,3434.343434343434
KAYSERİ,MELİKGAZİ,DEMİRCİYAZISI MAHALLESİ,38.7,35.447,137.0,,,,660000.0,2022-04-15 11:08:00,Apartman/Mesken,1.0,2022.0,,4817.518248175183
KAYSERİ,TALAS,TALAS MAHALLESİ,38.7156,35.563,86.0,2022.0,1.0,2.0,640000.0,2022-04-15 17:43:00,Apartman/Mesken,1.0,2022.0,0.0,7441.860465116279
KAYSERİ,YEŞİLHİSAR,DAĞILGAN Mah. MAHALLESİ,38.3577,35.0981,200.0,2022.0,3.0,3.0,400000.0,2022-04-14 15:33:00,Apartman/Mesken,,2022.0,0.0,2000.0
KAYSERİ,MELİKGAZİ,ALPASLAN MAHALLESİ,38.7263,35.5119,123.0,1987.0,1.0,3.0,850000.0,2022-04-15 12:19:00,Apartman/Mesken,5.0,2022.0,35.0,6910.569105691057
KAYSERİ,MELİKGAZİ,ANBAR MAHALLESİ,38.7404,35.3795,125.0,2000.0,1.0,3.0,650000.0,2022-04-14 10:49:00,Apartman/Mesken,3.0,2022.0,22.0,5200.0
KAYSERİ,MELİKGAZİ,GESİ MAHALLESİ,38.789314,35.617404,102.0,2002.0,1.0,3.0,510000.0,2022-04-14 14:14:00,Apartman/Mesken,2.0,2022.0,20.0,5000.0
KAYSERİ,MELİKGAZİ,KAZIM KARABEKİR MAHALLESİ,38.7219,35.4487,112.0,2021.0,1.0,2.0,740000.0,2022-04-15 15:16:00,Apartman/Mesken,2.0,2022.0,1.0,6607.142857142857
KAYSERİ,MELİKGAZİ,ALPASLAN MAHALLESİ,38.724882,35.518884,172.0,1999.0,1.0,2.0,1955000.0,2022-04-25 17:33:00,Apartman/Mesken,4.0,2022.0,23.0,11366.279069767443
KAYSERİ,MELİKGAZİ,SAKARYA MAHALLESİ,38.7387,35.4055,105.0,,,,815000.0,2022-04-22 14:51:00,Apartman/Mesken,8.0,2022.0,,7761.9047619047615
KAYSERİ,MELİKGAZİ,ŞİRİNTEPE MAHALLESİ,38.7436,35.5761,110.0,2020.0,1.0,3.0,600000.0,2022-04-18 11:08:00,Apartman/Mesken,3.0,2022.0,2.0,5454.545454545455
KAYSERİ,MELİKGAZİ,KAZIM KARABEKİR MAHALLESİ,38.7106,35.4417,89.0,2016.0,1.0,3.0,490000.0,2022-04-15 14:39:00,Apartman/Mesken,4.0,2022.0,6.0,5505.61797752809
KAYSERİ,PINARBAŞI,HÜRRİYET MAHALLESİ,38.7247,36.3737,100.0,2010.0,1.0,3.0,350000.0,2022-04-18 10:57:00,Apartman/Mesken,2.0,2022.0,12.0,3500.0
KAYSERİ,TALAS,TALAS MAHALLESİ,38.7158,35.5625,135.0,,,,1200000.0,2022-04-20 15:00:00,Apartman/Mesken,4.0,2022.0,,8888.888888888889
KAYSERİ,MELİKGAZİ,ŞİRİNTEPE MAHALLESİ,38.741,35.5746,104.0,2008.0,1.0,3.0,400000.0,2022-04-18 15:42:00,Apartman/Mesken,4.0,2022.0,14.0,3846.153846153846
KAYSERİ,DEVELİ,SOYSALLI Mah. MAHALLESİ,38.3801,35.3655,574.0,2000.0,1.0,3.0,685000.0,2022-04-19 17:17:00,Apartman/Mesken,,2022.0,22.0,1193.3797909407665
KAYSERİ,MELİKGAZİ,YILDIRIM BEYAZIT MAHALLESİ,38.7331,35.5299,255.0,,,,3000000.0,2022-04-20 12:28:00,Apartman/Mesken,14.0,2022.0,,11764.70588235294
KAYSERİ,MELİKGAZİ,MİMARSİNAN MAHALLESİ,38.7671,35.6081,57.0,2012.0,1.0,3.0,280000.0,2022-04-19 17:10:00,Apartman/Mesken,1.0,2022.0,10.0,4912.2807017543855
KAYSERİ,MELİKGAZİ,KANLIYURT MAHALLESİ,38.7379,35.4099,120.0,,,,525000.0,2022-04-21 11:55:00,Apartman/Mesken,1.0,2022.0,,4375.0
KAYSERİ,TALAS,TALAS MAHALLESİ,38.7055,35.5575,128.0,2009.0,1.0,3.0,25000.0,2022-04-19 17:22:00,Apartman/Mesken,8.0,2022.0,13.0,195.3125
KAYSERİ,MELİKGAZİ,DEMİRCİYAZISI MAHALLESİ,38.7193,35.4607,147.0,,,,690000.0,2022-04-21 14:10:00,Apartman/Mesken,10.0,2022.0,,4693.877551020408
KAYSERİ,TALAS,TALAS MAHALLESİ,38.7125,35.5634,134.0,,,,1310000.0,2022-04-20 11:04:00,Apartman/Mesken,10.0,2022.0,,9776.119402985074
KAYSERİ,MELİKGAZİ,KONAKLAR MAHALLESİ,38.7443,35.5615,129.0,2007.0,1.0,3.0,700000.0,2022-04-20 17:26:00,Apartman/Mesken,1.0,2022.0,15.0,5426.356589147287
KAYSERİ,MELİKGAZİ,KILIÇASLAN MAHALLESİ,38.7261,35.5051,191.0,1979.0,1.0,3.0,1200000.0,2022-04-20 16:57:00,Apartman/Mesken,1.0,2022.0,43.0,6282.722513089006
KAYSERİ,MELİKGAZİ,ERENKÖY MAHALLESİ,38.6955,35.5196,658.0,2017.0,1.0,2.0,16070000.0,2022-04-26 10:36:00,Apartman/Mesken,0.0,2022.0,5.0,24422.492401215804
KAYSERİ,HACILAR,HACILAR MAHALLESİ,38.647,35.4558,140.0,2007.0,1.0,3.0,520000.0,2022-04-21 11:28:00,Apartman/Mesken,1.0,2022.0,15.0,3714.285714285714
KAYSERİ,DEVELİ,HARMAN MAHALLESİ,38.3937,35.5004,125.0,2019.0,1.0,2.0,550000.0,2022-04-22 16:31:00,Apartman/Mesken,2.0,2022.0,3.0,4400.0
KAYSERİ,MELİKGAZİ,ESENTEPE MAHALLESİ,38.7314,35.4226,167.0,,,,850000.0,2022-04-25 09:44:00,Apartman/Mesken,13.0,2022.0,,5089.820359281437
KAYSERİ,KOCASİNAN,PERVANE MAHALLESİ,38.7523,35.5058,159.0,,,,1270568.0,2022-04-28 10:46:00,Apartman/Mesken,14.0,2022.0,,7990.993710691824
KAYSERİ,KOCASİNAN,BEYAZŞEHİR MAHALLESİ,38.7859,35.5891,115.0,,,,510000.0,2022-04-27 11:53:00,Apartman/Mesken,0.0,2022.0,,4434.782608695652
KAYSERİ,PINARBAŞI,YENİ CAMİ MAHALLESİ,38.7201,36.3879,153.0,2005.0,1.0,3.0,430000.0,2022-04-28 09:30:00,Apartman/Mesken,2.0,2022.0,17.0,2810.4575163398695
KAYSERİ,MELİKGAZİ,ALTINOLUK MAHALLESİ,38.6889,35.436,201.0,2021.0,1.0,2.0,2750000.0,2022-04-25 17:22:00,Villa,1.0,2022.0,1.0,13681.592039800995
KAYSERİ,MELİKGAZİ,YEŞİLYURT MAHALLESİ,38.7931,35.5186,125.0,,,,590000.0,2022-04-27 10:45:00,Apartman/Mesken,5.0,2022.0,,4720.0
KAYSERİ,MELİKGAZİ,KAZIM KARABEKİR MAHALLESİ,38.7153,35.441,98.0,2019.0,1.0,3.0,600000.0,2022-04-26 13:10:00,Apartman/Mesken,7.0,2022.0,3.0,6122.448979591837
KAYSERİ,MELİKGAZİ,GESİ MAHALLESİ,38.7856,35.6222,134.0,2010.0,1.0,3.0,800000.0,2022-04-28 15:21:00,Apartman/Mesken,1.0,2022.0,12.0,5970.149253731343
KAYSERİ,MELİKGAZİ,GESİ MAHALLESİ,38.7863,35.623,130.0,2012.0,1.0,2.0,825000.0,2022-04-28 12:46:00,Apartman/Mesken,5.0,2022.0,10.0,6346.153846153846
KAYSERİ,MELİKGAZİ,GÜLÜK MAHALLESİ,38.7168,35.4814,138.0,2017.0,1.0,3.0,980000.0,2022-04-26 13:37:00,Apartman/Mesken,1.0,2022.0,5.0,7101.449275362319
KAYSERİ,KOCASİNAN,KAVAKYAZISI MAHALLESİ,38.7321,35.5021,97.0,1984.0,1.0,4.0,340000.0,2022-04-26 15:05:00,Apartman/Mesken,1.0,2022.0,38.0,3505.1546391752577
KAYSERİ,MELİKGAZİ,KANLIYURT MAHALLESİ,38.7406,35.4136,106.0,1995.0,1.0,3.0,550000.0,2022-04-28 08:44:00,Apartman/Mesken,1.0,2022.0,27.0,5188.679245283019
KAYSERİ,KOCASİNAN,SÜMER MAHALLESİ,38.734006,35.482578,91.0,,,,370000.0,2022-04-28 09:47:00,Apartman/Mesken,2.0,2022.0,,4065.934065934066
KAYSERİ,KOCASİNAN,SÜMER MAHALLESİ,38.734127,35.482551,59.0,,,,230000.0,2022-04-28 09:47:00,Apartman/Mesken,0.0,2022.0,,3898.3050847457625
KAYSERİ,MELİKGAZİ,GÜLTEPE MAHALLESİ,38.7205,35.5191,142.0,,,,1120000.0,2022-04-28 16:32:00,Apartman/Mesken,6.0,2022.0,,7887.3239436619715
KAYSERİ,KOCASİNAN,KÖTÜGÖLLER MAHALLESİ,38.7571,35.4865,125.0,2022.0,1.0,2.0,1000000.0,2022-04-28 12:33:00,Apartman/Mesken,3.0,2022.0,0.0,8000.0
KAYSERİ,KOCASİNAN,ÖRNEKEVLER MAHALLESİ,38.7271,35.4816,164.0,1991.0,1.0,3.0,1050000.0,2022-04-28 10:51:00,Apartman/Mesken,6.0,2022.0,31.0,6402.4390243902435
KAYSERİ,TALAS,TALAS MAHALLESİ,38.6999,35.5617,124.0,2017.0,1.0,2.0,770000.0,2022-05-06 10:00:00,Apartman/Mesken,1.0,2022.0,5.0,6209.677419354839
KAYSERİ,KOCASİNAN,SÜMER MAHALLESİ,38.7355,35.4514,135.0,2015.0,1.0,2.0,810000.0,2022-05-06 16:55:00,Apartman/Mesken,3.0,2022.0,7.0,6000.0
KAYSERİ,TALAS,TALAS MAHALLESİ,38.7001,35.5628,132.0,19.0,1.0,2.0,850000.0,2022-05-09 16:56:00,Apartman/Mesken,3.0,2022.0,,6439.393939393939
KAYSERİ,KOCASİNAN,YENİDOĞAN MAHALLESİ,38.7498,35.4457,100.0,2022.0,1.0,2.0,700000.0,2022-05-09 17:34:00,Apartman/Mesken,12.0,2022.0,0.0,7000.0
KAYSERİ,KOCASİNAN,PERVANE MAHALLESİ,38.7477,35.4992,97.0,2022.0,1.0,2.0,1030000.0,2022-05-09 17:23:00,Apartman/Mesken,9.0,2022.0,0.0,10618.556701030928
KAYSERİ,TALAS,TALAS MAHALLESİ,38.7091,35.5588,96.0,2014.0,1.0,2.0,700000.0,2022-05-10 10:18:00,Apartman/Mesken,3.0,2022.0,8.0,7291.666666666667
KAYSERİ,MELİKGAZİ,KEYKUBAT MAHALLESİ,38.7436,35.3966,100.0,1995.0,1.0,3.0,480000.0,2022-05-10 13:58:00,Apartman/Mesken,4.0,2022.0,27.0,4800.0
KAYSERİ,TALAS,TALAS MAHALLESİ,38.6997,35.5685,75.0,,,,590000.0,2022-05-13 10:37:00,Apartman/Mesken,12.0,2022.0,,7866.666666666667
KAYSERİ,MELİKGAZİ,GESİ MAHALLESİ,38.783648,35.612945,142.0,2004.0,1.0,3.0,605000.0,2022-05-11 17:23:00,Apartman/Mesken,6.0,2022.0,18.0,4260.56338028169
KAYSERİ,MELİKGAZİ,MİMARSİNAN MAHALLESİ,38.7749,35.5804,164.0,,,,930000.0,2022-05-12 14:59:00,Apartman/Mesken,9.0,2022.0,,5670.731707317073
KAYSERİ,DEVELİ,SİNDELHÖYÜK/CAMİKEBİR Mah. MAHALLESİ,38.3512,35.3849,161.0,2012.0,1.0,4.0,520000.0,2022-05-12 15:23:00,Apartman/Mesken,,2022.0,10.0,3229.813664596273
KAYSERİ,BÜNYAN,CUMHURİYET MAHALLESİ,38.8553,35.8466,155.0,2012.0,1.0,3.0,590000.0,2022-05-12 12:28:00,Apartman/Mesken,4.0,2022.0,10.0,3806.451612903226
KAYSERİ,MELİKGAZİ,MİMARSİNAN MAHALLESİ,38.7654,35.6081,57.0,2013.0,1.0,3.0,280000.0,2022-05-12 15:03:00,Apartman/Mesken,0.0,2022.0,9.0,4912.2807017543855
KAYSERİ,MELİKGAZİ,KANLIYURT MAHALLESİ,38.7361,35.4149,153.0,2010.0,1.0,3.0,950000.0,2022-05-11 17:30:00,Apartman/Mesken,6.0,2022.0,12.0,6209.150326797386
KAYSERİ,MELİKGAZİ,GESİ MAHALLESİ,38.7794,35.613001,266.0,2022.0,1.0,2.0,3500000.0,2022-05-12 13:48:00,Apartman/Mesken,1.0,2022.0,0.0,13157.894736842105
KAYSERİ,HACILAR,AŞAĞI MAHALLESİ,38.6351,35.4747,75.0,2022.0,1.0,3.0,845000.0,2022-05-13 14:31:00,Apartman/Mesken,,2022.0,0.0,11266.666666666666
KAYSERİ,ÖZVATAN,CUMHURİYET MAHALLESİ,39.1159,35.6953,108.0,2007.0,1.0,3.0,200000.0,2022-05-14 13:15:00,Apartman/Mesken,0.0,2022.0,15.0,1851.851851851852
KAYSERİ,KOCASİNAN,PERVANE MAHALLESİ,38.7387,35.4971,157.0,2016.0,1.0,2.0,1450000.0,2022-05-13 14:52:00,Apartman/Mesken,1.0,2022.0,6.0,9235.668789808917
KAYSERİ,TALAS,TALAS MAHALLESİ,38.7003,35.5688,125.0,2019.0,1.0,2.0,750000.0,2022-05-13 15:28:00,Apartman/Mesken,2.0,2022.0,3.0,6000.0
KAYSERİ,MELİKGAZİ,ANBAR MAHALLESİ,38.736,35.3925,114.0,2022.0,1.0,2.0,765000.0,2022-05-13 16:31:00,Apartman/Mesken,10.0,2022.0,0.0,6710.526315789473
KAYSERİ,MELİKGAZİ,GESİ MAHALLESİ,38.789465,35.607955,142.0,2016.0,1.0,2.0,860000.0,2022-05-16 09:05:00,Apartman/Mesken,5.0,2022.0,6.0,6056.338028169014
KAYSERİ,İNCESU,GARİPÇE Mah. MAHALLESİ,38.674,35.2088,296.0,2005.0,3.0,3.0,940000.0,2022-05-16 15:31:00,Apartman/Mesken,,2022.0,17.0,3175.675675675676
KAYSERİ,MELİKGAZİ,BATTALGAZİ MAHALLESİ,38.7067,35.4738,130.0,2005.0,1.0,3.0,550000.0,2022-05-16 11:49:00,Apartman/Mesken,4.0,2022.0,17.0,4230.7692307692305
KAYSERİ,MELİKGAZİ,KAZIM KARABEKİR M MAHALLESİ,38.7098,35.4283,598.0,1999.0,1.0,2.0,2800000.0,2022-05-18 11:38:00,Apartman/Mesken,,2022.0,23.0,4682.274247491639
KAYSERİ,MELİKGAZİ,ANBAR MAHALLESİ,38.7364,35.378,121.0,2011.0,1.0,3.0,675000.0,2022-05-16 14:30:00,Apartman/Mesken,12.0,2022.0,11.0,5578.512396694215
KAYSERİ,MELİKGAZİ,30 AĞUSTOS MAHALLESİ,38.7475,35.387,107.0,2019.0,1.0,2.0,750000.0,2022-05-17 17:05:00,Apartman/Mesken,8.0,2022.0,3.0,7009.345794392523
KAYSERİ,DEVELİ,YENİMAHALLE MAHALLESİ,38.4031,35.4821,122.0,2016.0,1.0,3.0,550000.0,2022-05-17 13:35:00,Apartman/Mesken,2.0,2022.0,6.0,4508.196721311476
KAYSERİ,MELİKGAZİ,YILDIRIM BEYAZIT MAHALLESİ,38.7209,35.5474,180.0,2018.0,1.0,1.0,3750000.0,2022-05-18 12:06:00,Apartman/Mesken,4.0,2022.0,4.0,20833.333333333332
KAYSERİ,MELİKGAZİ,GESİ MAHALLESİ,38.7899,35.6131,135.0,2015.0,1.0,3.0,910000.0,2022-05-17 16:47:00,Apartman/Mesken,1.0,2022.0,7.0,6740.740740740741
KAYSERİ,MELİKGAZİ,MİMARSİNAN MAHALLESİ,38.7603,35.6116,75.0,2015.0,1.0,3.0,370000.0,2022-05-18 09:43:00,Apartman/Mesken,3.0,2022.0,7.0,4933.333333333333
KAYSERİ,KOCASİNAN,PERVANE MAHALLESİ,38.7402,35.4885,177.0,2003.0,1.0,2.0,605000.0,2022-05-18 09:15:00,Apartman/Mesken,2.0,2022.0,19.0,3418.0790960451977
KAYSERİ,TALAS,TALAS MAHALLESİ,38.7046,35.5542,52.0,2020.0,1.0,3.0,475000.0,2022-05-18 17:57:00,Apartman/Mesken,0.0,2022.0,2.0,9134.615384615385
KAYSERİ,MELİKGAZİ,AYDINLIKEVLER MAHALLESİ,38.7143,35.4715,160.0,,,,1100000.0,2022-05-23 10:54:00,Apartman/Mesken,13.0,2022.0,,6875.0
KAYSERİ,MELİKGAZİ,KILIÇASLAN MAHALLESİ,38.7251,35.5015,156.0,1979.0,1.0,3.0,800000.0,2022-05-20 10:31:00,Apartman/Mesken,4.0,2022.0,43.0,5128.205128205128
KAYSERİ,MELİKGAZİ,KONAKLAR MAHALLESİ,38.7342,35.5633,120.0,2016.0,1.0,3.0,675000.0,2022-05-20 10:54:00,Apartman/Mesken,3.0,2022.0,6.0,5625.0
KAYSERİ,MELİKGAZİ,MİMARSİNAN MAHALLESİ,38.763232,35.610879,71.0,2015.0,1.0,3.0,345000.0,2022-05-20 09:50:00,Apartman/Mesken,3.0,2022.0,7.0,4859.154929577465
KAYSERİ,MELİKGAZİ,HUNAT MAHALLESİ,38.71978,35.496008,85.0,1971.0,1.0,4.0,340000.0,2022-05-20 17:17:00,Apartman/Mesken,4.0,2022.0,51.0,4000.0
KAYSERİ,TALAS,TALAS MAHALLESİ,38.7071,35.5707,115.0,2017.0,1.0,3.0,750000.0,2022-05-20 17:43:00,Apartman/Mesken,10.0,2022.0,5.0,6521.739130434783
KAYSERİ,YEŞİLHİSAR,HACIBEKTAŞ MAHALLESİ,38.3573,35.0875,118.0,2019.0,1.0,2.0,650000.0,2022-05-20 11:53:00,Apartman/Mesken,4.0,2022.0,3.0,5508.474576271186
KAYSERİ,SARIZ,BAHÇELİ MAHALLESİ,38.4787,36.4978,77.0,1900.0,1.0,4.0,450000.0,2022-05-22 12:40:00,Apartman/Mesken,1.0,2022.0,122.0,5844.1558441558445
KAYSERİ,MELİKGAZİ,FATİH MAHALLESİ,38.7324,35.5871,172.0,2022.0,1.0,2.0,940000.0,2022-05-20 09:02:00,Apartman/Mesken,2.0,2022.0,0.0,5465.116279069767
KAYSERİ,MELİKGAZİ,FATİH MAHALLESİ,38.7324,35.5871,172.0,2022.0,1.0,2.0,980000.0,2022-05-20 08:54:00,Apartman/Mesken,1.0,2022.0,0.0,5697.674418604651
KAYSERİ,KOCASİNAN,CIRKALAN MAHALLESİ,38.7833,35.5754,110.0,2017.0,1.0,3.0,700000.0,2022-05-22 13:19:00,Apartman/Mesken,8.0,2022.0,5.0,6363.636363636364
KAYSERİ,KOCASİNAN,SÜMER MAHALLESİ,38.7432,35.4561,125.0,2019.0,1.0,2.0,750000.0,2022-05-21 14:09:00,Apartman/Mesken,1.0,2022.0,3.0,6000.0
KAYSERİ,KOCASİNAN,KAVAKYAZISI MAHALLESİ,38.7372,35.5083,100.0,1977.0,1.0,3.0,460000.0,2022-05-21 13:50:00,Apartman/Mesken,8.0,2022.0,45.0,4600.0
KAYSERİ,TALAS,TALAS MAHALLESİ,38.7094,35.5583,150.0,,,,850000.0,2022-05-21 14:40:00,Apartman/Mesken,1.0,2022.0,,5666.666666666667
KAYSERİ,TOMARZA,YUKARI MAHALLE M MAHALLESİ,38.4478,35.7925,300.0,2006.0,3.0,3.0,675000.0,2022-05-24 17:28:00,Apartman/Mesken,,2022.0,16.0,2250.0
KAYSERİ,KOCASİNAN,ÖRNEKEVLER MAHALLESİ,38.7281,35.4799,116.0,,,,520000.0,2022-05-21 14:40:00,Apartman/Mesken,1.0,2022.0,,4482.758620689655
KAYSERİ,BÜNYAN,EMİRVİRAN Mah. MAHALLESİ,38.8335,36.0296,420.0,1987.0,3.0,3.0,350000.0,2022-05-24 11:00:00,Apartman/Mesken,,2022.0,35.0,833.3333333333334
KAYSERİ,MELİKGAZİ,MİMARSİNAN MAHALLESİ,38.7607,35.6108,74.0,,,,370000.0,2022-05-25 13:01:00,Apartman/Mesken,3.0,2022.0,,5000.0
KAYSERİ,MELİKGAZİ,KEYKUBAT MAHALLESİ,38.7421,35.4101,101.0,1900.0,1.0,3.0,405000.0,2022-05-24 15:55:00,Apartman/Mesken,3.0,2022.0,122.0,4009.90099009901
KAYSERİ,MELİKGAZİ,SAKARYA MAHALLESİ,38.7329,35.4093,100.0,2017.0,1.0,3.0,700000.0,2022-05-25 11:32:00,Apartman/Mesken,10.0,2022.0,5.0,7000.0
KAYSERİ,MELİKGAZİ,MELİKGAZİ MAHALLESİ,38.72673,35.522478,182.0,1998.0,1.0,2.0,1605000.0,2022-05-23 15:28:00,Apartman/Mesken,4.0,2022.0,24.0,8818.681318681318
KAYSERİ,KOCASİNAN,ŞEKER MAHALLESİ,38.7729,35.4143,72.0,2022.0,1.0,2.0,570000.0,2022-05-24 11:18:00,Apartman/Mesken,0.0,2022.0,0.0,7916.666666666667
KAYSERİ,KOCASİNAN,SÜMER MAHALLESİ,38.7366,35.4645,134.0,2001.0,1.0,3.0,950000.0,2022-05-23 17:19:00,Apartman/Mesken,8.0,2022.0,21.0,7089.55223880597
KAYSERİ,KOCASİNAN,ERKİLET OSMANGAZİ MAHALLESİ,38.7876,35.4559,134.0,2020.0,1.0,2.0,900000.0,2022-05-23 16:20:00,Apartman/Mesken,8.0,2022.0,2.0,6716.417910447762
KAYSERİ,MELİKGAZİ,GESİ MAHALLESİ,38.7886,35.6021,85.0,2019.0,1.0,2.0,580000.0,2022-05-24 14:47:00,Apartman/Mesken,5.0,2022.0,3.0,6823.529411764706
KAYSERİ,MELİKGAZİ,SAKARYA MAHALLESİ,38.728051,35.422421,105.0,,,,785000.0,2022-05-29 12:55:00,Apartman/Mesken,9.0,2022.0,,7476.190476190476
KAYSERİ,MELİKGAZİ,TONTAR MAHALLESİ,38.699315,35.490662,105.0,1997.0,1.0,4.0,460000.0,2022-05-25 15:46:00,Apartman/Mesken,0.0,2022.0,25.0,4380.952380952381
KAYSERİ,MELİKGAZİ,FATİH MAHALLESİ,38.7302,35.5849,114.0,2022.0,1.0,3.0,800000.0,2022-05-26 10:48:00,Apartman/Mesken,4.0,2022.0,0.0,7017.543859649123
KAYSERİ,MELİKGAZİ,KONAKLAR MAHALLESİ,38.7434,35.5639,138.0,2006.0,1.0,3.0,780000.0,2022-05-26 16:26:00,Apartman/Mesken,12.0,2022.0,16.0,5652.173913043478
KAYSERİ,MELİKGAZİ,DEMOKRASİ MAHALLESİ,38.758863,35.603711,75.0,2008.0,1.0,3.0,365000.0,2022-05-26 12:15:00,Apartman/Mesken,4.0,2022.0,14.0,4866.666666666667
KAYSERİ,YAHYALI,SEYDİLİ MAHALLESİ,38.1015,35.3508,124.0,2006.0,1.0,3.0,450000.0,2022-05-27 16:13:00,Apartman/Mesken,3.0,2022.0,16.0,3629.032258064516
KAYSERİ,KOCASİNAN,ZİYA GÖKALP MAHALLESİ,38.7476,35.4425,109.0,,,,710000.0,2022-05-31 11:51:00,Apartman/Mesken,14.0,2022.0,,6513.761467889908
KAYSERİ,KOCASİNAN,PERVANE MAHALLESİ,38.753,35.4958,113.0,2015.0,1.0,3.0,530000.0,2022-05-27 15:12:00,Apartman/Mesken,4.0,2022.0,7.0,4690.265486725663
KAYSERİ,HACILAR,HACILAR MAHALLESİ,38.645092,35.454049,130.0,2010.0,1.0,3.0,515000.0,2022-05-27 17:27:00,Apartman/Mesken,1.0,2022.0,12.0,3961.5384615384614
KAYSERİ,KOCASİNAN,PERVANE MAHALLESİ,38.7417,35.5014,146.0,2022.0,1.0,2.0,1305000.0,2022-05-28 11:52:00,Apartman/Mesken,,2022.0,0.0,8938.356164383562
KAYSERİ,KOCASİNAN,MİTHATPAŞA MAHALLESİ,38.7552,35.4641,125.0,2006.0,1.0,3.0,700000.0,2022-05-28 12:10:00,Apartman/Mesken,8.0,2022.0,16.0,5600.0
KAYSERİ,DEVELİ,GÜNEYAŞAĞI MAHALLESİ,38.374712,35.466882,118.0,2022.0,1.0,2.0,595000.0,2022-05-27 11:34:00,Apartman/Mesken,0.0,2022.0,0.0,5042.372881355932
KAYSERİ,KOCASİNAN,ŞEKER MAHALLESİ,38.773403,35.410886,71.0,2022.0,1.0,2.0,590000.0,2022-05-28 14:38:00,Apartman/Mesken,6.0,2022.0,0.0,8309.859154929578
KAYSERİ,MELİKGAZİ,ŞİRİNTEPE MAHALLESİ,38.7489,35.5779,120.0,2020.0,1.0,3.0,690000.0,2022-05-27 16:19:00,Apartman/Mesken,1.0,2022.0,2.0,5750.0
KAYSERİ,MELİKGAZİ,GESİ MAHALLESİ,38.7871,35.6106,104.0,2007.0,1.0,3.0,630000.0,2022-05-27 10:34:00,Apartman/Mesken,3.0,2022.0,15.0,6057.692307692308
KAYSERİ,MELİKGAZİ,YEŞİLYURT MAHALLESİ,38.7969,35.6234,85.0,2019.0,1.0,3.0,510000.0,2022-05-27 17:45:00,Apartman/Mesken,4.0,2022.0,3.0,6000.0
KAYSERİ,KOCASİNAN,YENİDOĞAN MAHALLESİ,38.7489,35.4457,150.0,2022.0,1.0,2.0,1040000.0,2022-05-31 12:16:00,Apartman/Mesken,3.0,2022.0,0.0,6933.333333333333
KAYSERİ,MELİKGAZİ,ANBAR MAHALLESİ,38.7392,35.3859,126.0,2000.0,1.0,3.0,650000.0,2022-05-30 17:29:00,Apartman/Mesken,6.0,2022.0,22.0,5158.730158730159
KAYSERİ,TALAS,HARMAN MAHALLESİ,38.6912,35.5499,138.0,1992.0,1.0,3.0,680000.0,2022-05-31 14:38:00,Apartman/Mesken,4.0,2022.0,30.0,4927.536231884058
KAYSERİ,MELİKGAZİ,BAHÇELİEVLER MAHALLESİ,38.7728,35.5778,110.0,2005.0,1.0,3.0,625000.0,2022-06-01 14:10:00,Apartman/Mesken,4.0,2022.0,17.0,5681.818181818182
KAYSERİ,DEVELİ,KABAKLI Mah. MAHALLESİ,38.4419,35.6403,277.0,1982.0,3.0,4.0,420000.0,2022-06-02 14:04:00,Apartman/Mesken,,2022.0,40.0,1516.2454873646209
KAYSERİ,KOCASİNAN,PERVANE MAHALLESİ,38.7478,35.4992,97.0,2022.0,1.0,2.0,1075000.0,2022-06-01 17:02:00,Apartman/Mesken,4.0,2022.0,0.0,11082.474226804125
KAYSERİ,KOCASİNAN,ŞEKER MAHALLESİ,38.7734,35.4091,90.0,2022.0,1.0,2.0,795000.0,2022-06-02 12:44:00,Apartman/Mesken,4.0,2022.0,0.0,8833.333333333334
KAYSERİ,KOCASİNAN,ÖRNEKEVLER MAHALLESİ,38.7291,35.4823,65.0,1991.0,1.0,4.0,225000.0,2022-06-03 15:19:00,Apartman/Mesken,0.0,2022.0,31.0,3461.5384615384614
KAYSERİ,MELİKGAZİ,GESİ MAHALLESİ,38.7896,35.6079,142.0,2016.0,1.0,2.0,900000.0,2022-06-02 10:01:00,Apartman/Mesken,5.0,2022.0,6.0,6338.028169014085
KAYSERİ,MELİKGAZİ,GEDİRİS Mah. MAHALLESİ,38.68,35.5112,435.0,,,,6265000.0,2022-06-06 10:37:00,Apartman/Mesken,,2022.0,,14402.298850574713
KAYSERİ,MELİKGAZİ,GEDİRİS Mah. MAHALLESİ,38.6816,35.5134,670.0,,,,7135000.0,2022-06-03 15:09:00,Apartman/Mesken,,2022.0,,10649.253731343284
KAYSERİ,YAHYALI,ÇİĞİLLİ MAHALLESİ,38.1197,35.3608,100.0,1.0,1.0,2.0,700000.0,2022-06-02 11:36:00,Apartman/Mesken,1.0,2022.0,,7000.0
KAYSERİ,MELİKGAZİ,GESİ MAHALLESİ,38.7857,35.6106,127.0,2011.0,1.0,3.0,700000.0,2022-06-04 12:44:00,Apartman/Mesken,5.0,2022.0,11.0,5511.811023622047
KAYSERİ,KOCASİNAN,PERVANE MAHALLESİ,38.7525,35.5042,132.0,2022.0,1.0,2.0,795000.0,2022-06-04 15:59:00,Apartman/Mesken,8.0,2022.0,0.0,6022.727272727273
KAYSERİ,MELİKGAZİ,KANLIYURT MAHALLESİ,38.7387,35.4171,91.0,1997.0,1.0,4.0,410000.0,2022-06-03 11:01:00,Apartman/Mesken,0.0,2022.0,25.0,4505.494505494506
KAYSERİ,MELİKGAZİ,KANLIYURT MAHALLESİ,38.73914,35.416046,121.0,2005.0,1.0,3.0,570000.0,2022-06-06 14:45:00,Apartman/Mesken,1.0,2022.0,17.0,4710.743801652892
KAYSERİ,MELİKGAZİ,SAKARYA MAHALLESİ,38.7374,35.4068,128.0,2020.0,1.0,2.0,900000.0,2022-06-03 16:00:00,Apartman/Mesken,3.0,2022.0,2.0,7031.25
KAYSERİ,MELİKGAZİ,SAKARYA MAHALLESİ,38.7303,35.4058,103.0,2022.0,1.0,2.0,700000.0,2022-06-03 11:47:00,Apartman/Mesken,3.0,2022.0,0.0,6796.116504854369
KAYSERİ,TALAS,TALAS MAHALLESİ,38.7114,35.5639,135.0,,,,1210000.0,2022-06-08 07:43:00,Apartman/Mesken,9.0,2022.0,,8962.962962962964
KAYSERİ,TALAS,TALAS MAHALLESİ,38.7085,35.5689,124.0,2007.0,1.0,3.0,740000.0,2022-06-06 12:36:00,Apartman/Mesken,3.0,2022.0,15.0,5967.741935483871
KAYSERİ,MELİKGAZİ,KAZIM KARABEKİR MAHALLESİ,38.7154,35.4415,118.0,2019.0,1.0,3.0,750000.0,2022-06-07 12:26:00,Apartman/Mesken,9.0,2022.0,3.0,6355.932203389831
KAYSERİ,MELİKGAZİ,ANBAR MAHALLESİ,38.7499,35.3804,108.0,1.0,1.0,2.0,665000.0,2022-06-06 12:54:00,Apartman/Mesken,8.0,2022.0,,6157.407407407408
KAYSERİ,PINARBAŞI,HÜRRİYET MAHALLESİ,38.7252,36.3756,102.0,2010.0,1.0,2.0,360000.0,2022-06-06 15:45:00,Apartman/Mesken,2.0,2022.0,12.0,3529.4117647058824
KAYSERİ,MELİKGAZİ,BAHÇELİEVLER MAHALLESİ,38.774414,35.58145,130.0,,,,890000.0,2022-06-07 14:50:00,Apartman/Mesken,6.0,2022.0,,6846.153846153846
KAYSERİ,YAHYALI,100.YIL MAHALLESİ,38.1132,35.3699,75.0,2009.0,1.0,3.0,410000.0,2022-06-08 11:49:00,Apartman/Mesken,3.0,2022.0,13.0,5466.666666666667
KAYSERİ,BÜNYAN,KARATAY Mah. MAHALLESİ,38.6459,35.9464,160.0,,,,735000.0,2022-06-08 13:48:00,Apartman/Mesken,,2022.0,,4593.75
KAYSERİ,KOCASİNAN,YENİDOĞAN MAHALLESİ,38.7499,35.4454,105.0,2022.0,1.0,2.0,675000.0,2022-06-07 09:35:00,Apartman/Mesken,0.0,2022.0,0.0,6428.571428571428
KAYSERİ,KOCASİNAN,ERTUĞRUL GAZİ MAHALLESİ,38.7915,35.4513,150.0,2022.0,1.0,2.0,1150000.0,2022-06-08 11:26:00,Apartman/Mesken,4.0,2022.0,0.0,7666.666666666667
KAYSERİ,TALAS,TALAS MAHALLESİ,38.7036,35.5482,130.0,2010.0,1.0,2.0,1040000.0,2022-06-07 11:54:00,Apartman/Mesken,2.0,2022.0,12.0,8000.0
KAYSERİ,DEVELİ,YENİMAHALLE MAHALLESİ,38.3983,35.4834,116.0,2019.0,1.0,3.0,600000.0,2022-06-08 12:33:00,Apartman/Mesken,4.0,2022.0,3.0,5172.413793103448
KAYSERİ,TALAS,TALAS MAHALLESİ,38.7061,35.5712,111.0,,,,780000.0,2022-06-13 11:04:00,Apartman/Mesken,8.0,2022.0,,7027.027027027027
KAYSERİ,MELİKGAZİ,DEMİRCİYAZISI MAHALLESİ,38.7167,35.4581,100.0,,,,350000.0,2022-06-08 22:16:00,Apartman/Mesken,2.0,2022.0,,3500.0
KAYSERİ,MELİKGAZİ,ŞİRİNTEPE MAHALLESİ,38.7506,35.5791,125.0,2019.0,1.0,3.0,750000.0,2022-06-08 16:06:00,Apartman/Mesken,1.0,2022.0,3.0,6000.0
KAYSERİ,ÖZVATAN,CUMHURİYET MAHALLESİ,39.1165,35.6957,108.0,1998.0,1.0,3.0,210000.0,2022-06-10 15:58:00,Apartman/Mesken,1.0,2022.0,24.0,1944.4444444444443
KAYSERİ,MELİKGAZİ,BATTALGAZİ MAHALLESİ,38.7046,35.4791,83.0,2022.0,1.0,2.0,540000.0,2022-06-09 11:12:00,Apartman/Mesken,4.0,2022.0,0.0,6506.024096385542
KAYSERİ,MELİKGAZİ,ANBAR MAHALLESİ,38.7339,35.3802,117.0,2033.0,1.0,3.0,650000.0,2022-06-12 11:37:00,Apartman/Mesken,6.0,2022.0,,5555.555555555556
KAYSERİ,MELİKGAZİ,KONAKLAR MAHALLESİ,38.7318,35.5578,144.0,2022.0,1.0,1.0,1700000.0,2022-06-09 16:20:00,Apartman/Mesken,3.0,2022.0,0.0,11805.555555555555
KAYSERİ,MELİKGAZİ,KEYKUBAT MAHALLESİ,38.7436,35.4123,94.0,2010.0,1.0,3.0,580000.0,2022-06-08 15:41:00,Apartman/Mesken,0.0,2022.0,12.0,6170.212765957447
KAYSERİ,MELİKGAZİ,YEŞİLYURT MAHALLESİ,38.7922,35.6224,88.0,2022.0,1.0,2.0,650000.0,2022-06-10 14:27:00,Apartman/Mesken,5.0,2022.0,0.0,7386.363636363636
KAYSERİ,MELİKGAZİ,YEŞİLYURT Mah. MAHALLESİ,38.810001,35.6267,250.0,2022.0,1.0,3.0,835000.0,2022-06-09 13:45:00,Apartman/Mesken,,2022.0,0.0,3340.0
KAYSERİ,KOCASİNAN,KAVAKYAZISI MAHALLESİ,38.7304,35.5074,70.0,2000.0,1.0,3.0,275000.0,2022-06-09 17:14:00,Apartman/Mesken,-1.0,2022.0,22.0,3928.5714285714284
KAYSERİ,MELİKGAZİ,KÖŞKDAĞI MAHALLESİ,38.7171,35.5026,156.0,2011.0,1.0,2.0,2250000.0,2022-06-13 11:27:00,Apartman/Mesken,5.0,2022.0,11.0,14423.076923076924
KAYSERİ,DEVELİ,İBRAHİMAĞA MAHALLESİ,38.3899,35.4864,148.0,2008.0,1.0,2.0,770000.0,2022-06-13 14:32:00,Apartman/Mesken,1.0,2022.0,14.0,5202.7027027027025
KAYSERİ,KOCASİNAN,CIRKALAN MAHALLESİ,38.7525,35.5497,112.0,,,,1100000.0,2022-06-15 09:29:00,Apartman/Mesken,1.0,2022.0,,9821.42857142857
KAYSERİ,MELİKGAZİ,KÖŞKDAĞI MAHALLESİ,38.7201,35.5161,160.0,,,,1800000.0,2022-06-16 13:34:00,Apartman/Mesken,7.0,2022.0,,11250.0
KAYSERİ,MELİKGAZİ,KEYKUBAT MAHALLESİ,38.7411,35.4145,138.0,2007.0,1.0,3.0,650000.0,2022-06-14 09:58:00,Apartman/Mesken,1.0,2022.0,15.0,4710.144927536232
KAYSERİ,YAHYALI,100.YIL MAHALLESİ,38.114401,35.368539,114.0,2008.0,1.0,3.0,630000.0,2022-06-14 13:17:00,Apartman/Mesken,3.0,2022.0,14.0,5526.315789473684
KAYSERİ,TALAS,TALAS MAHALLESİ,38.7016,35.5623,211.0,2019.0,1.0,2.0,1530000.0,2022-06-16 16:45:00,Apartman/Mesken,14.0,2022.0,3.0,7251.184834123223
KAYSERİ,MELİKGAZİ,OSMANLI Mah. MAHALLESİ,38.6876,35.4806,345.0,2017.0,1.0,3.0,1000000.0,2022-06-15 14:28:00,Apartman/Mesken,,2022.0,5.0,2898.550724637681
KAYSERİ,MELİKGAZİ,DEMOKRASİ MAHALLESİ,38.7663,35.5974,142.0,,,,785000.0,2022-06-15 12:37:00,Apartman/Mesken,5.0,2022.0,,5528.169014084507
KAYSERİ,MELİKGAZİ,MELİKGAZİ MAHALLESİ,38.7297,35.5235,162.0,1997.0,1.0,2.0,1700000.0,2022-06-21 07:39:00,Apartman/Mesken,9.0,2022.0,25.0,10493.827160493827
KAYSERİ,MELİKGAZİ,GESİ MAHALLESİ,38.7893,35.6175,98.0,2002.0,1.0,3.0,570000.0,2022-06-15 12:28:00,Apartman/Mesken,9.0,2022.0,20.0,5816.326530612245
KAYSERİ,MELİKGAZİ,OSMANLI Mah. MAHALLESİ,38.6872,35.4754,415.0,2017.0,1.0,3.0,1250000.0,2022-06-16 17:54:00,Apartman/Mesken,,2022.0,5.0,3012.0481927710844
KAYSERİ,KOCASİNAN,ERTUĞRUL GAZİ MAHALLESİ,38.8002,35.4436,232.0,2017.0,1.0,2.0,2400000.0,2022-06-17 14:30:00,Apartman/Mesken,-1.0,2022.0,5.0,10344.827586206897
KAYSERİ,MELİKGAZİ,GESİ Mah. MAHALLESİ,38.7876,35.6511,260.0,2020.0,1.0,3.0,1180000.0,2022-06-20 10:32:00,Apartman/Mesken,,2022.0,2.0,4538.461538461538
KAYSERİ,KOCASİNAN,MİTHATPAŞA MAHALLESİ,38.7538,35.4549,110.0,1.0,1.0,3.0,660000.0,2022-06-16 12:45:00,Apartman/Mesken,4.0,2022.0,,6000.0
KAYSERİ,KOCASİNAN,ZİYA GÖKALP MAHALLESİ,38.7419,35.4364,100.0,1993.0,1.0,3.0,580000.0,2022-06-17 11:30:00,Apartman/Mesken,5.0,2022.0,29.0,5800.0
KAYSERİ,MELİKGAZİ,ŞİRİNTEPE MAHALLESİ,38.7418,35.5751,132.0,2022.0,1.0,2.0,740000.0,2022-06-16 16:35:00,Apartman/Mesken,2.0,2022.0,0.0,5606.060606060606
KAYSERİ,MELİKGAZİ,BAHÇELİEVLER MAHALLESİ,38.7744,35.5815,125.0,2018.0,1.0,2.0,775000.0,2022-06-17 14:37:00,Apartman/Mesken,7.0,2022.0,4.0,6200.0
KAYSERİ,MELİKGAZİ,TONTAR MAHALLESİ,38.6967,35.4917,105.0,1990.0,1.0,4.0,500000.0,2022-06-16 15:43:00,Apartman/Mesken,2.0,2022.0,32.0,4761.9047619047615
KAYSERİ,MELİKGAZİ,GESİ MAHALLESİ,38.7829,35.6205,184.0,2022.0,1.0,2.0,2145000.0,2022-06-16 16:40:00,Apartman/Mesken,1.0,2022.0,0.0,11657.608695652174
KAYSERİ,KOCASİNAN,ŞEKER MAHALLESİ,38.7734,35.4107,67.0,2021.0,1.0,2.0,670000.0,2022-06-16 16:41:00,Apartman/Mesken,7.0,2022.0,1.0,10000.0
KAYSERİ,İNCESU,SÜKSÜN/ZAFER Mah. MAHALLESİ,38.8009,35.224,149.0,,,,920000.0,2022-06-22 17:51:00,Apartman/Mesken,,2022.0,,6174.496644295302
KAYSERİ,KOCASİNAN,SÜMER MAHALLESİ,38.7408,35.4585,124.0,1.0,1.0,1.0,950000.0,2022-06-20 09:13:00,Apartman/Mesken,8.0,2022.0,,7661.290322580645
KAYSERİ,MELİKGAZİ,BAHÇELİEVLER MAHALLESİ,38.7627,35.5909,110.0,2020.0,1.0,2.0,750000.0,2022-06-20 11:44:00,Apartman/Mesken,4.0,2022.0,2.0,6818.181818181818
KAYSERİ,MELİKGAZİ,AYDINLIKEVLER MAHALLESİ,38.723,35.4656,106.0,1.0,1.0,3.0,530000.0,2022-06-20 17:01:00,Apartman/Mesken,2.0,2022.0,,5000.0
KAYSERİ,MELİKGAZİ,KEYKUBAT MAHALLESİ,38.7403,35.4221,112.0,2010.0,1.0,3.0,650000.0,2022-06-20 15:46:00,Apartman/Mesken,1.0,2022.0,12.0,5803.571428571428
KAYSERİ,MELİKGAZİ,KONAKLAR MAHALLESİ,38.7386,35.5462,170.0,2008.0,1.0,3.0,1160000.0,2022-06-21 13:22:00,Apartman/Mesken,12.0,2022.0,14.0,6823.529411764706
KAYSERİ,MELİKGAZİ,ŞİRİNTEPE MAHALLESİ,38.7383,35.5769,100.0,2000.0,1.0,2.0,550000.0,2022-06-21 12:08:00,Apartman/Mesken,1.0,2022.0,22.0,5500.0
KAYSERİ,TALAS,TALAS MAHALLESİ,38.7093,35.5658,128.0,2011.0,1.0,2.0,850000.0,2022-06-21 13:53:00,Apartman/Mesken,9.0,2022.0,11.0,6640.625
KAYSERİ,MELİKGAZİ,GESİ MAHALLESİ,38.7894,35.6252,131.0,2022.0,1.0,2.0,725000.0,2022-06-21 12:46:00,Apartman/Mesken,10.0,2022.0,0.0,5534.3511450381675
KAYSERİ,MELİKGAZİ,GESİ MAHALLESİ,38.7829,35.6104,127.0,,,,890000.0,2022-06-23 13:37:00,Apartman/Mesken,8.0,2022.0,,7007.8740157480315
KAYSERİ,MELİKGAZİ,KÖŞKDAĞI MAHALLESİ,38.7193,35.5165,174.0,,,,1600000.0,2022-06-23 09:00:00,Apartman/Mesken,7.0,2022.0,,9195.402298850575
KAYSERİ,KOCASİNAN,PERVANE MAHALLESİ,38.7431,35.5047,157.0,2020.0,1.0,2.0,2200000.0,2022-06-22 17:14:00,Apartman/Mesken,10.0,2022.0,2.0,14012.738853503184
KAYSERİ,KOCASİNAN,MUAMMERBEY MAHALLESİ,38.7249,35.4937,129.0,,,,850000.0,2022-06-23 15:21:00,Apartman/Mesken,4.0,2022.0,,6589.147286821705
KAYSERİ,KOCASİNAN,ERKİLET OSMANGAZİ MAHALLESİ,38.7907,35.4612,165.0,2019.0,1.0,2.0,1100000.0,2022-06-24 10:01:00,Apartman/Mesken,7.0,2022.0,3.0,6666.666666666667
KAYSERİ,KOCASİNAN,ERTUĞRUL GAZİ MAHALLESİ,38.7889,35.4523,112.0,2022.0,1.0,2.0,800000.0,2022-06-24 17:45:00,Apartman/Mesken,1.0,2022.0,0.0,7142.857142857143
KAYSERİ,KOCASİNAN,ÖRNEKEVLER MAHALLESİ,38.7293,35.4812,100.0,1995.0,1.0,3.0,500000.0,2022-06-23 17:46:00,Apartman/Mesken,2.0,2022.0,27.0,5000.0
KAYSERİ,KOCASİNAN,ERKİLET OSMANGAZİ MAHALLESİ,38.7909,35.4621,162.0,2022.0,1.0,2.0,1070000.0,2022-06-23 17:43:00,Apartman/Mesken,7.0,2022.0,0.0,6604.938271604939
KAYSERİ,MELİKGAZİ,TONTAR MAHALLESİ,38.7083,35.4941,135.0,2015.0,1.0,2.0,1250000.0,2022-06-23 11:43:00,Apartman/Mesken,8.0,2022.0,7.0,9259.25925925926
KAYSERİ,KOCASİNAN,KOCASİNAN MAHALLESİ,38.7767,35.5749,92.0,2021.0,1.0,2.0,860000.0,2022-06-26 00:13:00,Apartman/Mesken,2.0,2022.0,1.0,9347.826086956522
KAYSERİ,MELİKGAZİ,KAZIM KARABEKİR MAHALLESİ,38.7256,35.4421,130.0,,,,1300000.0,2022-06-28 09:34:00,Apartman/Mesken,3.0,2022.0,,10000.0
KAYSERİ,KOCASİNAN,YAVUZSELİM MAHALLESİ,38.7588,35.5668,120.0,2020.0,1.0,2.0,900000.0,2022-06-28 15:35:00,Apartman/Mesken,12.0,2022.0,2.0,7500.0
KAYSERİ,KOCASİNAN,KAVAKYAZISI MAHALLESİ,38.7283,35.4971,112.0,1990.0,1.0,3.0,650000.0,2022-06-27 10:48:00,Apartman/Mesken,5.0,2022.0,32.0,5803.571428571428
KAYSERİ,MELİKGAZİ,BAHÇELİEVLER MAHALLESİ,38.7722,35.5791,110.0,2011.0,1.0,3.0,580000.0,2022-06-28 17:29:00,Apartman/Mesken,11.0,2022.0,11.0,5272.727272727273
KAYSERİ,TALAS,TALAS MAHALLESİ,38.7141,35.5672,142.0,2022.0,1.0,2.0,1400000.0,2022-06-27 11:49:00,Apartman/Mesken,4.0,2022.0,0.0,9859.154929577464
KAYSERİ,MELİKGAZİ,KONAKLAR MAHALLESİ,38.7425,35.5468,133.0,2000.0,1.0,3.0,720000.0,2022-06-25 15:27:00,Apartman/Mesken,2.0,2022.0,22.0,5413.533834586467
KAYSERİ,MELİKGAZİ,GESİ MAHALLESİ,38.7878,35.6202,103.0,1998.0,1.0,3.0,620000.0,2022-06-25 17:14:00,Apartman/Mesken,6.0,2022.0,24.0,6019.417475728155
KAYSERİ,TALAS,TALAS MAHALLESİ,38.7156,35.5631,85.0,,,,800000.0,2022-06-30 12:52:00,Apartman/Mesken,8.0,2022.0,,9411.764705882353
KAYSERİ,DEVELİ,GÜNEYAŞAĞI MAHALLESİ,38.3743,35.4783,134.0,2018.0,1.0,3.0,402000.0,2022-06-30 16:19:00,Apartman/Mesken,1.0,2022.0,4.0,3000.0
KAYSERİ,YAHYALI,İLYASLI Mah. MAHALLESİ,38.1733,35.3158,300.0,2020.0,1.0,3.0,1450000.0,2022-07-01 14:57:00,Apartman/Mesken,,2022.0,2.0,4833.333333333333
KAYSERİ,MELİKGAZİ,TONTAR MAHALLESİ,38.7055,35.4953,156.0,2009.0,1.0,2.0,1400000.0,2022-07-01 17:38:00,Apartman/Mesken,11.0,2022.0,13.0,8974.358974358975
KAYSERİ,TALAS,TALAS MAHALLESİ,38.7135,35.5581,133.0,2018.0,1.0,2.0,1200000.0,2022-07-02 15:09:00,Apartman/Mesken,9.0,2022.0,4.0,9022.556390977443
KAYSERİ,MELİKGAZİ,MİMARSİNAN  MAHALLESİ,38.7217,35.6039,135.0,2022.0,1.0,3.0,750000.0,2022-07-02 16:17:00,Apartman/Mesken,1.0,2022.0,0.0,5555.555555555556
KAYSERİ,MELİKGAZİ,MELİKGAZİ MAHALLESİ,38.7295,35.5203,133.0,2002.0,1.0,3.0,1220000.0,2022-07-01 16:40:00,Apartman/Mesken,4.0,2022.0,20.0,9172.932330827067
KAYSERİ,MELİKGAZİ,SAKARYA MAHALLESİ,38.7293,35.4097,122.0,2021.0,1.0,2.0,800000.0,2022-07-04 12:33:00,Apartman/Mesken,4.0,2022.0,1.0,6557.377049180328
KAYSERİ,KOCASİNAN,ZİYA GÖKALP MAHALLESİ,38.7443,35.4455,130.0,2021.0,1.0,2.0,1000000.0,2022-07-04 13:01:00,Apartman/Mesken,0.0,2022.0,1.0,7692.307692307692
KAYSERİ,TALAS,TALAS MAHALLESİ,38.7139,35.5574,75.0,,,,750000.0,2022-07-18 17:32:00,Apartman/Mesken,0.0,2022.0,,10000.0
KAYSERİ,MELİKGAZİ,KONAKLAR MAHALLESİ,38.7425,35.5468,133.0,2000.0,1.0,2.0,720000.0,2022-07-03 15:35:00,Apartman/Mesken,8.0,2022.0,22.0,5413.533834586467
KAYSERİ,MELİKGAZİ,KEYKUBAT MAHALLESİ,38.742,35.389,106.0,1992.0,1.0,3.0,550000.0,2022-07-03 16:22:00,Apartman/Mesken,9.0,2022.0,30.0,5188.679245283019
KAYSERİ,MELİKGAZİ,DEMİRCİYAZISI MAHALLESİ,38.7083,35.4479,113.0,1994.0,1.0,3.0,650000.0,2022-07-03 15:18:00,Apartman/Mesken,1.0,2022.0,28.0,5752.212389380531
KAYSERİ,TALAS,HARMAN  MAHALLESİ,38.6924,35.5488,120.0,2009.0,1.0,3.0,1750000.0,2022-07-07 11:49:00,Apartman/Mesken,1.0,2022.0,13.0,14583.333333333334
KAYSERİ,KOCASİNAN,KAVAKYAZISI MAHALLESİ,38.7316,35.5025,64.0,1982.0,1.0,4.0,300000.0,2022-07-04 16:46:00,Apartman/Mesken,-1.0,2022.0,40.0,4687.5
KAYSERİ,KOCASİNAN,KAVAKYAZISI MAHALLESİ,38.7363,35.5127,65.0,1989.0,1.0,3.0,210000.0,2022-07-06 11:52:00,Apartman/Mesken,-1.0,2022.0,33.0,3230.769230769231
KAYSERİ,MELİKGAZİ,YILDIRIM BEYAZIT MAHALLESİ,38.7289,35.5317,190.0,,,,2280000.0,2022-07-06 09:22:00,Apartman/Mesken,5.0,2022.0,,12000.0
KAYSERİ,KOCASİNAN,BEYAZŞEHİR MAHALLESİ,38.7859,35.5892,125.0,2007.0,1.0,3.0,650000.0,2022-07-05 16:03:00,Apartman/Mesken,2.0,2022.0,15.0,5200.0
KAYSERİ,MELİKGAZİ,KILIÇASLAN MAHALLESİ,38.7203,35.5009,194.0,1993.0,1.0,2.0,2000000.0,2022-07-05 12:34:00,Apartman/Mesken,8.0,2022.0,29.0,10309.278350515464
KAYSERİ,KOCASİNAN,PERVANE MAHALLESİ,38.755917,35.493848,127.0,,,,950000.0,2022-07-07 12:22:00,Apartman/Mesken,9.0,2022.0,,7480.314960629921
KAYSERİ,MELİKGAZİ,GESİ MAHALLESİ,38.7855,35.6018,128.0,2020.0,1.0,2.0,950000.0,2022-07-06 08:46:00,Apartman/Mesken,10.0,2022.0,2.0,7421.875
KAYSERİ,MELİKGAZİ,ŞİRİNTEPE MAHALLESİ,38.7492,35.5742,135.0,2020.0,1.0,3.0,670000.0,2022-07-13 15:09:00,Apartman/Mesken,4.0,2022.0,2.0,4962.962962962963
KAYSERİ,MELİKGAZİ,KONAKLAR MAHALLESİ,38.7417,35.5465,139.0,,,,850000.0,2022-07-08 20:47:00,Apartman/Mesken,6.0,2022.0,,6115.107913669065
KAYSERİ,PINARBAŞI,HÜRRİYET MAHALLESİ,38.7202,36.3741,122.0,2006.0,1.0,3.0,450000.0,2022-07-13 12:08:00,Apartman/Mesken,1.0,2022.0,16.0,3688.5245901639346
KAYSERİ,MELİKGAZİ,YILDIRIM BEYAZIT MAHALLESİ,38.7329,35.5299,255.0,2018.0,1.0,1.0,5500000.0,2022-07-08 13:47:00,Apartman/Mesken,6.0,2022.0,4.0,21568.62745098039
KAYSERİ,MELİKGAZİ,KEYKUBAT MAHALLESİ,38.7458,35.4034,108.0,,,,600000.0,2022-07-14 10:10:00,Apartman/Mesken,4.0,2022.0,,5555.555555555556
KAYSERİ,TALAS,TALAS MAHALLESİ,38.7099,35.5655,89.0,2021.0,1.0,2.0,900000.0,2022-07-14 16:13:00,Apartman/Mesken,14.0,2022.0,1.0,10112.359550561798
KAYSERİ,MELİKGAZİ,SAKARYA MAHALLESİ,38.7282,35.4071,126.0,,,,800000.0,2022-07-18 17:31:00,Apartman/Mesken,1.0,2022.0,,6349.206349206349
KAYSERİ,HACILAR,ARMUTLUK Mah. MAHALLESİ,38.6496,35.4615,225.0,,,,2100000.0,2022-07-19 15:09:00,Apartman/Mesken,,2022.0,,9333.333333333334
KAYSERİ,KOCASİNAN,KAVAKYAZISI 2.MINTIKA MAHALLESİ,38.7381,35.5165,190.0,,,,3500000.0,2022-07-20 10:08:00,Apartman/Mesken,7.0,2022.0,,18421.052631578947
KAYSERİ,MELİKGAZİ,MELİKGAZİ MAHALLESİ,38.7265,35.5256,210.0,,,,1900000.0,2022-07-26 22:23:00,Apartman/Mesken,8.0,2022.0,,9047.619047619048
KAYSERİ,MELİKGAZİ,ALPASLAN MAHALLESİ,38.7261,35.5155,193.0,,,,2220000.0,2022-07-21 10:54:00,Apartman/Mesken,4.0,2022.0,,11502.590673575129
KAYSERİ,MELİKGAZİ,KIRANARDI Mah. MAHALLESİ,38.6335,35.5298,561.0,,,,2590000.0,2022-07-22 11:53:00,Apartman/Mesken,,2022.0,,4616.755793226382
KAYSERİ,YEŞİLHİSAR,İDRİS MAHALLESİ,38.3503,35.0889,98.0,2021.0,1.0,3.0,650000.0,2022-07-19 16:47:00,Apartman/Mesken,,2022.0,1.0,6632.65306122449
KAYSERİ,TALAS,TALAS MAHALLESİ,38.6992,35.5689,115.0,2022.0,1.0,2.0,1000000.0,2022-07-22 10:29:00,Apartman/Mesken,10.0,2022.0,0.0,8695.652173913044
KAYSERİ,PINARBAŞI,KÜÇÜKGÜMÜŞGÜN Mah. MAHALLESİ,38.7283,36.4041,640.0,1975.0,1.0,3.0,100000.0,2022-07-23 14:02:00,Apartman/Mesken,,2022.0,47.0,156.25
KAYSERİ,KOCASİNAN,KAVAKYAZISI MAHALLESİ,38.732045,35.521346,200.0,,,,2250000.0,2022-07-26 22:23:00,Apartman/Mesken,10.0,2022.0,,11250.0
KAYSERİ,MELİKGAZİ,BECEN Mah. MAHALLESİ,38.65,35.4836,366.0,,,,3640000.0,2022-07-26 16:11:00,Apartman/Mesken,,2022.0,,9945.355191256831
KAYSERİ,KOCASİNAN,MİTHATPAŞA MAHALLESİ,38.758942,35.465961,112.0,2018.0,,3.0,875000.0,2022-07-22 14:11:00,Apartman/Mesken,6.0,2022.0,4.0,7812.5
KAYSERİ,MELİKGAZİ,HÜRRİYET MAHALLESİ,38.7143,35.4659,95.0,1980.0,1.0,3.0,450000.0,2022-07-26 13:05:00,Apartman/Mesken,1.0,2022.0,42.0,4736.8421052631575
KAYSERİ,MELİKGAZİ,BAHÇELİEVLER MAHALLESİ,38.7646,35.5859,130.0,2015.0,1.0,2.0,800000.0,2022-07-25 14:43:00,Apartman/Mesken,1.0,2022.0,7.0,6153.846153846154
KAYSERİ,MELİKGAZİ,DEMOKRASİ MAHALLESİ,38.7607,35.5961,133.0,,,,830000.0,2022-07-26 11:22:00,Apartman/Mesken,13.0,2022.0,,6240.601503759399
KAYSERİ,İNCESU,SARIKÜRKLÜ Mah. MAHALLESİ,38.7576,35.4864,500.0,2021.0,1.0,2.0,970000.0,2022-07-25 13:50:00,Apartman/Mesken,,2022.0,1.0,1940.0
KAYSERİ,MELİKGAZİ,KEYKUBAT MAHALLESİ,38.7379,35.4184,110.0,2019.0,1.0,3.0,870000.0,2022-07-27 11:32:00,Apartman/Mesken,1.0,2022.0,3.0,7909.090909090909
KAYSERİ,KOCASİNAN,KÖTÜGÖLLER MAHALLESİ,38.7576,35.4864,130.0,2018.0,1.0,2.0,1125000.0,2022-07-25 11:23:00,Apartman/Mesken,10.0,2022.0,4.0,8653.846153846154
KAYSERİ,TALAS,TALAS MAHALLESİ,38.7062,35.5578,125.0,2004.0,1.0,3.0,750000.0,2022-07-25 09:54:00,Apartman/Mesken,0.0,2022.0,18.0,6000.0
KAYSERİ,YAHYALI,SEYDİLİ MAHALLESİ,38.1028,35.3596,155.0,,,,1500000.0,2022-07-27 17:47:00,Apartman/Mesken,2.0,2022.0,,9677.41935483871
KAYSERİ,TALAS,HARMAN MAHALLESİ,38.6896,35.5453,136.0,,,,1460000.0,2022-07-27 09:21:00,Apartman/Mesken,2.0,2022.0,,10735.29411764706
KAYSERİ,DEVELİ,FENESEYUKARI MAHALLESİ,38.3904,35.5033,116.0,,,,530000.0,2022-07-28 11:17:00,Apartman/Mesken,0.0,2022.0,,4568.9655172413795
KAYSERİ,YAHYALI,100.YIL MAHALLESİ,38.1138,35.3689,76.0,2009.0,1.0,3.0,450000.0,2022-07-27 15:46:00,Apartman/Mesken,2.0,2022.0,13.0,5921.0526315789475
KAYSERİ,MELİKGAZİ,MİMARSİNAN MAHALLESİ,38.7691,35.5802,149.0,2020.0,1.0,2.0,1315000.0,2022-07-27 16:42:00,Apartman/Mesken,2.0,2022.0,2.0,8825.503355704697
KAYSERİ,İNCESU,BAHÇESARAY MAHALLESİ,38.633,35.1901,96.0,2009.0,1.0,3.0,425000.0,2022-07-28 15:33:00,Apartman/Mesken,2.0,2022.0,13.0,4427.083333333333
KAYSERİ,KOCASİNAN,ALSANCAK MAHALLESİ,38.7459,35.512,88.0,2022.0,1.0,2.0,740000.0,2022-07-28 11:40:00,Apartman/Mesken,1.0,2022.0,0.0,8409.09090909091
KAYSERİ,MELİKGAZİ,HÜRRİYET MAHALLESİ,38.7173,35.4662,120.0,,,,1170000.0,2022-08-01 14:22:00,Apartman/Mesken,1.0,2022.0,,9750.0
KAYSERİ,İNCESU,SARAYCIK MAHALLESİ,38.7428,35.2784,75.0,2018.0,1.0,2.0,400000.0,2022-07-29 11:36:00,Apartman/Mesken,1.0,2022.0,4.0,5333.333333333333
KAYSERİ,MELİKGAZİ,KEYKUBAT MAHALLESİ,38.7416,35.4001,80.0,1995.0,1.0,3.0,550000.0,2022-07-29 17:41:00,Apartman/Mesken,2.0,2022.0,27.0,6875.0
KAYSERİ,MELİKGAZİ,EĞRİBUCAK MAHALLESİ,38.6861,35.4301,213.0,2022.0,1.0,2.0,2950000.0,2022-08-02 13:56:00,Apartman/Mesken,-1.0,2022.0,0.0,13849.765258215963
KAYSERİ,MELİKGAZİ,BATTALGAZİ MAHALLESİ,38.7061,35.4916,134.0,2012.0,1.0,2.0,840000.0,2022-08-01 11:08:00,Apartman/Mesken,6.0,2022.0,10.0,6268.6567164179105
KAYSERİ,MELİKGAZİ,KANLIYURT MAHALLESİ,38.7405,35.4141,107.0,2011.0,1.0,2.0,600000.0,2022-08-01 14:42:00,Apartman/Mesken,1.0,2022.0,11.0,5607.476635514019
KAYSERİ,KOCASİNAN,KAVAKYAZISI MAHALLESİ,38.7342,35.5133,95.0,1985.0,1.0,3.0,580000.0,2022-07-29 17:21:00,Apartman/Mesken,1.0,2022.0,37.0,6105.263157894737
KAYSERİ,MELİKGAZİ,AŞAĞI MERKEP MEYDANI MAHALLESİ,38.6735,35.4856,421.0,2011.0,1.0,2.0,10910000.0,2022-08-02 13:57:00,Apartman/Mesken,1.0,2022.0,11.0,25914.489311163896
KAYSERİ,MELİKGAZİ,ŞİRİNTEPE MAHALLESİ,38.7369,35.5782,113.0,2014.0,1.0,2.0,765000.0,2022-08-02 10:36:00,Apartman/Mesken,5.0,2022.0,8.0,6769.911504424779
KAYSERİ,MELİKGAZİ,KONAKLAR MAHALLESİ,38.7201,35.5666,171.0,2022.0,1.0,2.0,2400000.0,2022-08-04 09:33:00,Apartman/Mesken,1.0,2022.0,0.0,14035.087719298246
KAYSERİ,MELİKGAZİ,BATTALGAZİ MAHALLESİ,38.7118,35.4754,115.0,,,,1050000.0,2022-08-05 10:44:00,Apartman/Mesken,10.0,2022.0,,9130.434782608696
KAYSERİ,KOCASİNAN,KAVAKYAZISI MAHALLESİ,38.7355,35.5124,120.0,1996.0,1.0,3.0,650000.0,2022-08-03 15:35:00,Apartman/Mesken,3.0,2022.0,26.0,5416.666666666667
KAYSERİ,TALAS,TALAS MAHALLESİ,38.7116,35.5609,133.0,2019.0,1.0,2.0,955000.0,2022-08-04 11:52:00,Apartman/Mesken,6.0,2022.0,3.0,7180.451127819549
KAYSERİ,KOCASİNAN,PERVANE MAHALLESİ,38.7426,35.4979,139.0,2016.0,1.0,2.0,1200000.0,2022-08-04 10:45:00,Apartman/Mesken,2.0,2022.0,6.0,8633.093525179856
KAYSERİ,BÜNYAN,GERGEME MAHALLESİ,38.855545,35.841768,124.0,2020.0,1.0,2.0,685000.0,2022-08-05 14:49:00,Apartman/Mesken,5.0,2022.0,2.0,5524.193548387097
KAYSERİ,YAHYALI,100.YIL MAHALLESİ,38.1096,35.3577,120.0,2021.0,1.0,2.0,840000.0,2022-08-08 10:51:00,Apartman/Mesken,0.0,2022.0,1.0,7000.0
KAYSERİ,MELİKGAZİ,SAKARYA MAHALLESİ,38.7397,35.3978,120.0,2022.0,1.0,2.0,1100000.0,2022-08-08 15:53:00,Apartman/Mesken,10.0,2022.0,0.0,9166.666666666666
KAYSERİ,MELİKGAZİ,BAHÇELİEVLER MAHALLESİ,38.7639,35.5863,135.0,,,,810000.0,2022-08-12 17:38:00,Apartman/Mesken,3.0,2022.0,,6000.0
KAYSERİ,HACILAR,BEĞENDİK Mah. MAHALLESİ,38.6501,35.4199,148.0,2018.0,1.0,3.0,1175000.0,2022-08-10 16:26:00,Apartman/Mesken,,2022.0,4.0,7939.189189189189
KAYSERİ,TALAS,TALAS MAHALLESİ,38.7059,35.5599,125.0,2007.0,1.0,2.0,700000.0,2022-08-11 16:51:00,Apartman/Mesken,9.0,2022.0,15.0,5600.0
KAYSERİ,KOCASİNAN,PERVANE MAHALLESİ,38.7432,35.4958,173.0,,,,2125000.0,2022-08-12 09:25:00,Apartman/Mesken,2.0,2022.0,,12283.236994219653
KAYSERİ,KOCASİNAN,SÜMER MAHALLESİ,38.7333,35.4703,112.0,2000.0,1.0,3.0,700000.0,2022-08-11 16:23:00,Apartman/Mesken,6.0,2022.0,22.0,6250.0
KAYSERİ,TALAS,TALAS MAHALLESİ,38.7017,35.5445,142.0,2017.0,1.0,2.0,1500000.0,2022-08-12 16:43:00,Apartman/Mesken,1.0,2022.0,5.0,10563.38028169014
KAYSERİ,TALAS,TALAS MAHALLESİ,38.7012,35.5623,71.0,2021.0,1.0,3.0,900000.0,2022-08-12 14:34:00,Apartman/Mesken,6.0,2022.0,1.0,12676.05633802817
KAYSERİ,KOCASİNAN,BEYAZŞEHİR MAHALLESİ,38.7811,35.5826,132.0,2000.0,1.0,2.0,730000.0,2022-08-12 17:21:00,Apartman/Mesken,,2022.0,22.0,5530.30303030303
KAYSERİ,BÜNYAN,CUMHURİYET MAHALLESİ,38.8563,35.8522,117.0,1999.0,1.0,3.0,480000.0,2022-08-12 17:39:00,Apartman/Mesken,4.0,2022.0,23.0,4102.5641025641025
KAYSERİ,İNCESU,KARAMUSTAFAPAŞA MAHALLESİ,38.6263,35.1806,117.0,2006.0,1.0,3.0,675000.0,2022-08-16 16:27:00,Apartman/Mesken,0.0,2022.0,16.0,5769.2307692307695
KAYSERİ,KOCASİNAN,ERKİLET OSMANGAZİ MAHALLESİ,38.7947,35.4536,132.0,,,,1000000.0,2022-08-23 17:09:00,Apartman/Mesken,2.0,2022.0,,7575.757575757576
KAYSERİ,DEVELİ,HARMAN Mah. MAHALLESİ,38.4047,35.4953,357.0,1995.0,1.0,3.0,2180000.0,2022-08-17 17:24:00,Apartman/Mesken,,2022.0,27.0,6106.442577030813
KAYSERİ,TALAS,TALAS MAHALLESİ,38.7011,35.5524,127.0,2012.0,1.0,2.0,1000000.0,2022-08-18 12:27:00,Apartman/Mesken,3.0,2022.0,10.0,7874.0157480314965
KAYSERİ,KOCASİNAN,ŞEKER MAHALLESİ,38.7682,35.4148,74.0,2020.0,1.0,2.0,705000.0,2022-08-18 14:36:00,Apartman/Mesken,1.0,2022.0,2.0,9527.027027027027
KAYSERİ,YAHYALI,FETULLAH Mah. MAHALLESİ,38.1279,35.3544,196.0,2018.0,1.0,3.0,1235000.0,2022-08-19 09:48:00,Apartman/Mesken,,2022.0,4.0,6301.0204081632655
KAYSERİ,TALAS,TALAS MAHALLESİ,38.7108,35.5521,143.0,,,,1290000.0,2022-08-23 17:09:00,Apartman/Mesken,11.0,2022.0,,9020.97902097902
KAYSERİ,DEVELİ,HARMAN MAHALLESİ,38.4003,35.4907,180.0,2007.0,1.0,2.0,1085000.0,2022-08-23 11:12:00,Apartman/Mesken,2.0,2022.0,15.0,6027.777777777777
KAYSERİ,KOCASİNAN,BEYAZŞEHİR MAHALLESİ,38.7819,35.5862,115.0,2003.0,1.0,2.0,670000.0,2022-08-23 16:03:00,Apartman/Mesken,2.0,2022.0,19.0,5826.086956521739
KAYSERİ,TALAS,TALAS MAHALLESİ,38.7091,35.5668,109.0,2006.0,1.0,3.0,750000.0,2022-08-23 14:56:00,Apartman/Mesken,8.0,2022.0,16.0,6880.733944954129
KAYSERİ,SARIOĞLAN,BAKARCAK MAHALLESİ,39.0688,35.9724,100.0,1998.0,1.0,3.0,500000.0,2022-08-24 15:02:00,Apartman/Mesken,1.0,2022.0,24.0,5000.0
KAYSERİ,MELİKGAZİ,FATİH MAHALLESİ,38.7573,35.5904,134.0,2019.0,1.0,3.0,950000.0,2022-08-24 11:34:00,Apartman/Mesken,8.0,2022.0,3.0,7089.55223880597
KAYSERİ,MELİKGAZİ,DEMOKRASİ MAHALLESİ,38.7585,35.6036,75.0,2008.0,1.0,3.0,500000.0,2022-08-24 12:02:00,Apartman/Mesken,6.0,2022.0,14.0,6666.666666666667
KAYSERİ,MELİKGAZİ,KONAKLAR MAHALLESİ,38.743,35.5459,166.0,2014.0,1.0,2.0,2250000.0,2022-08-25 06:37:00,Apartman/Mesken,8.0,2022.0,8.0,13554.216867469879
KAYSERİ,MELİKGAZİ,GERMİR MAHALLESİ,38.7426,35.5489,132.0,2015.0,1.0,3.0,1100000.0,2022-08-25 09:50:00,Apartman/Mesken,1.0,2022.0,7.0,8333.333333333334
KAYSERİ,KOCASİNAN,ŞEKER MAHALLESİ,38.7735,35.4089,90.0,,,,850000.0,2022-08-26 10:38:00,Apartman/Mesken,9.0,2022.0,,9444.444444444445
KAYSERİ,PINARBAŞI,HÜRRİYET MAHALLESİ,38.7235,36.3752,75.0,2009.0,1.0,3.0,360000.0,2022-08-25 15:47:00,Apartman/Mesken,1.0,2022.0,13.0,4800.0
KAYSERİ,KOCASİNAN,ERKİLET OSMANGAZİ MAHALLESİ,38.7886,35.4634,155.0,2022.0,1.0,2.0,1015000.0,2022-08-26 16:47:00,Apartman/Mesken,9.0,2022.0,0.0,6548.387096774193
KAYSERİ,MELİKGAZİ,AYDINLIKEVLER MAHALLESİ,38.7166,35.4698,95.0,1991.0,1.0,3.0,470000.0,2022-08-29 09:38:00,Apartman/Mesken,1.0,2022.0,31.0,4947.368421052632
KAYSERİ,MELİKGAZİ,HİSARCIK Mah. MAHALLESİ,38.6249,35.5081,335.0,,,,1295000.0,2022-09-01 10:15:00,Apartman/Mesken,,2022.0,,3865.6716417910447
KAYSERİ,KOCASİNAN,KAVAKYAZISI 2.MINTIKA MAHALLESİ,38.7354,35.5154,105.0,2019.0,1.0,2.0,800000.0,2022-09-01 09:11:00,Apartman/Mesken,4.0,2022.0,3.0,7619.047619047619
KAYSERİ,MELİKGAZİ,HÜRRİYET MAHALLESİ,38.7194,35.4658,110.0,2021.0,1.0,2.0,1040000.0,2022-08-31 17:47:00,Apartman/Mesken,3.0,2022.0,1.0,9454.545454545454
KAYSERİ,MELİKGAZİ,AĞIRNAS Mah. MAHALLESİ,38.8127,35.7269,200.0,2010.0,1.0,2.0,900000.0,2022-08-31 13:43:00,Apartman/Mesken,,2022.0,12.0,4500.0
KAYSERİ,İNCESU,AKSUBAĞLARI MAHALLESİ,38.6113,35.1705,74.0,2016.0,1.0,2.0,520000.0,2022-09-01 11:14:00,Apartman/Mesken,2.0,2022.0,6.0,7027.027027027027
KAYSERİ,KOCASİNAN,YENİDOĞAN MAHALLESİ,38.749001,35.4455,152.0,2022.0,1.0,2.0,1250000.0,2022-09-01 15:50:00,Apartman/Mesken,14.0,2022.0,0.0,8223.684210526315
KAYSERİ,BÜNYAN,SAMAĞIR Mah. MAHALLESİ,38.6278,36.0624,189.0,2009.0,1.0,3.0,360000.0,2022-09-05 12:16:00,Apartman/Mesken,,2022.0,13.0,1904.7619047619048
KAYSERİ,KOCASİNAN,KÖTÜGÖLLER MAHALLESİ,38.7556,35.4911,125.0,,,,1300000.0,2022-09-05 11:04:00,Apartman/Mesken,14.0,2022.0,,10400.0
KAYSERİ,TOMARZA,2.MINTIKA MAHALLESİ,38.4574,35.8087,70.0,2009.0,1.0,3.0,450000.0,2022-09-02 16:03:00,Apartman/Mesken,3.0,2022.0,13.0,6428.571428571428
KAYSERİ,KOCASİNAN,AHİEVRAN MAHALLESİ,38.7663,35.5702,110.0,2018.0,1.0,2.0,800000.0,2022-09-03 16:40:00,Apartman/Mesken,3.0,2022.0,4.0,7272.727272727273
KAYSERİ,MELİKGAZİ,GESİ/BAHÇELİ Mah. MAHALLESİ,38.7824,35.6527,516.0,2018.0,1.0,2.0,1090000.0,2022-09-06 10:39:00,Apartman/Mesken,,2022.0,4.0,2112.4031007751937
KAYSERİ,MELİKGAZİ,SAKARYA MAHALLESİ,38.7316,35.4057,120.0,,,,900000.0,2022-09-06 09:33:00,Apartman/Mesken,4.0,2022.0,,7500.0
KAYSERİ,MELİKGAZİ,ESENTEPE MAHALLESİ,38.7314,35.4291,130.0,2022.0,1.0,2.0,1200000.0,2022-09-07 11:27:00,Apartman/Mesken,2.0,2022.0,0.0,9230.76923076923
KAYSERİ,YAHYALI,SEYDİLİ MAHALLESİ,38.1024,35.3604,136.0,2019.0,1.0,3.0,950000.0,2022-09-06 12:17:00,Apartman/Mesken,0.0,2022.0,3.0,6985.294117647059
KAYSERİ,TALAS,TALAS Mah. MAHALLESİ,38.6785,35.5469,125.0,2019.0,3.0,2.0,3460000.0,2022-09-06 12:53:00,Apartman/Mesken,,2022.0,3.0,27680.0
KAYSERİ,DEVELİ,REŞADİYE MAHALLESİ,38.383,35.4833,208.0,,,,1330000.0,2022-09-08 10:34:00,Apartman/Mesken,3.0,2022.0,,6394.2307692307695
KAYSERİ,MELİKGAZİ,MELİKGAZİ MAHALLESİ,38.7291,35.5237,153.0,,,,1470000.0,2022-09-09 10:18:00,Apartman/Mesken,3.0,2022.0,,9607.843137254902
KAYSERİ,MELİKGAZİ,KEYKUBAT MAHALLESİ,38.7489,35.3892,118.0,2000.0,1.0,2.0,710000.0,2022-09-08 10:41:00,Apartman/Mesken,0.0,2022.0,22.0,6016.949152542373
KAYSERİ,İNCESU,VALİ İHSAN ARAS MAHALLESİ,38.6276,35.1835,133.0,2020.0,1.0,2.0,1000000.0,2022-09-08 10:54:00,Apartman/Mesken,1.0,2022.0,2.0,7518.796992481203
KAYSERİ,YAHYALI,100.YIL MAHALLESİ,38.1111,35.3613,112.0,2022.0,1.0,3.0,925000.0,2022-09-09 11:45:00,Apartman/Mesken,1.0,2022.0,0.0,8258.92857142857
KAYSERİ,TOMARZA,2.MINTIKA MAHALLESİ,38.4581,35.8086,70.0,2009.0,1.0,2.0,450000.0,2022-09-09 16:43:00,Apartman/Mesken,2.0,2022.0,13.0,6428.571428571428
KAYSERİ,MELİKGAZİ,ŞİRİNTEPE MAHALLESİ,38.733545,35.57846,92.0,2001.0,1.0,3.0,510000.0,2022-09-14 11:23:00,Apartman/Mesken,3.0,2022.0,21.0,5543.478260869565
KAYSERİ,MELİKGAZİ,KÜÇÜKALİ MAHALLESİ,38.7118,35.4722,80.0,2019.0,1.0,2.0,850000.0,2022-09-12 11:09:00,Apartman/Mesken,7.0,2022.0,3.0,10625.0
KAYSERİ,TALAS,HARMAN MAHALLESİ,38.6891,35.5464,132.0,,,,1200000.0,2022-09-14 17:29:00,Apartman/Mesken,8.0,2022.0,,9090.90909090909
KAYSERİ,TALAS,TALAS MAHALLESİ,38.7032,35.5633,115.0,2002.0,1.0,3.0,800000.0,2022-09-13 16:19:00,Apartman/Mesken,11.0,2022.0,20.0,6956.521739130435
KAYSERİ,MELİKGAZİ,GESİ MAHALLESİ,38.7888,35.6147,100.0,2007.0,1.0,3.0,700000.0,2022-09-13 17:27:00,Apartman/Mesken,1.0,2022.0,15.0,7000.0
KAYSERİ,MELİKGAZİ,HUNAT MAHALLESİ,38.7216,35.4984,175.0,,,,5075000.0,2022-09-13 11:51:00,Apartman/Mesken,1.0,2022.0,,29000.0
KAYSERİ,SARIOĞLAN,PALAS Mah. MAHALLESİ,39.0255,35.8677,110.0,1980.0,1.0,3.0,400000.0,2022-09-15 16:59:00,Apartman/Mesken,,2022.0,42.0,3636.3636363636365
KAYSERİ,MELİKGAZİ,KONAKLAR MAHALLESİ,38.7201,35.5663,216.0,2022.0,1.0,2.0,1660000.0,2022-09-20 16:56:00,Apartman/Mesken,9.0,2022.0,0.0,7685.185185185185
KAYSERİ,KOCASİNAN,MİTHATPAŞA MAHALLESİ,38.7562,35.4637,97.0,,,,725000.0,2022-09-19 14:48:00,Apartman/Mesken,0.0,2022.0,,7474.226804123711
KAYSERİ,MELİKGAZİ,TONTAR MAHALLESİ,38.6984,35.4907,120.0,,,,1200000.0,2022-09-20 09:12:00,Apartman/Mesken,1.0,2022.0,,10000.0
KAYSERİ,MELİKGAZİ,TONTAR MAHALLESİ,38.7065,35.4939,120.0,,,,1140000.0,2022-09-23 10:47:00,Apartman/Mesken,3.0,2022.0,,9500.0
KAYSERİ,DEVELİ,YENİMAHALLE MAHALLESİ,38.4056,35.4903,142.0,2018.0,1.0,2.0,1100000.0,2022-09-20 15:34:00,Apartman/Mesken,5.0,2022.0,4.0,7746.478873239436
KAYSERİ,MELİKGAZİ,19 MAYIS MAHALLESİ,38.7447,35.3803,125.0,2015.0,1.0,3.0,1200000.0,2022-09-23 17:09:00,Apartman/Mesken,5.0,2022.0,7.0,9600.0
KAYSERİ,MELİKGAZİ,HÜRRİYET MAHALLESİ,38.7141,35.4684,154.0,,,,1180000.0,2022-09-23 09:59:00,Apartman/Mesken,4.0,2022.0,,7662.337662337663
KAYSERİ,PINARBAŞI,HÜRRİYET Mah. MAHALLESİ,38.7237,36.3852,147.0,1997.0,1.0,2.0,445000.0,2022-09-23 14:51:00,Apartman/Mesken,,2022.0,25.0,3027.2108843537417
KAYSERİ,TALAS,HARMAN MAHALLESİ,38.6844,35.5492,156.0,2003.0,1.0,3.0,1500000.0,2022-09-22 10:12:00,Apartman/Mesken,2.0,2022.0,19.0,9615.384615384615
KAYSERİ,KOCASİNAN,CUMHURİYET MAHALLESİ,38.7431,35.5171,128.0,,,,1215000.0,2022-09-26 09:43:00,Apartman/Mesken,11.0,2022.0,,9492.1875
KAYSERİ,KOCASİNAN,ERKİLET  MAHALLESİ,38.8095,35.4545,90.0,,,,4120000.0,2022-10-20 14:28:00,Apartman/Mesken,,2022.0,,45777.77777777778
KAYSERİ,KOCASİNAN,ERKİLET GENERALEMİR MAHALLESİ,38.8069,35.4546,89.0,,,,3210000.0,2022-10-20 14:29:00,Apartman/Mesken,,2022.0,,36067.41573033708
KAYSERİ,MELİKGAZİ,KONAKLAR MAHALLESİ,38.7379,35.5553,136.0,2012.0,1.0,2.0,1225000.0,2022-09-27 16:52:00,Apartman/Mesken,9.0,2022.0,10.0,9007.35294117647
KAYSERİ,KOCASİNAN,MİTHATPAŞA MAHALLESİ,38.7522,35.4674,120.0,2020.0,1.0,2.0,1300000.0,2022-09-27 16:16:00,Apartman/Mesken,6.0,2022.0,2.0,10833.333333333334
KAYSERİ,KOCASİNAN,ŞEKER MAHALLESİ,38.7677,35.4142,49.0,,,,690000.0,2022-09-30 09:59:00,Apartman/Mesken,7.0,2022.0,,14081.632653061224
KAYSERİ,DEVELİ,REŞADİYE MAHALLESİ,38.3781,35.4761,123.0,2018.0,1.0,2.0,740000.0,2022-09-29 14:11:00,Apartman/Mesken,3.0,2022.0,4.0,6016.260162601626
KAYSERİ,MELİKGAZİ,ŞİRİNTEPE MAHALLESİ,38.7414,35.5745,97.0,,,,680000.0,2022-09-27 10:13:00,Apartman/Mesken,6.0,2022.0,,7010.309278350515
KAYSERİ,KOCASİNAN,ERKİLET OSMANGAZİ MAHALLESİ,38.7922,35.4537,135.0,,,,1300000.0,2022-09-30 10:12:00,Apartman/Mesken,1.0,2022.0,,9629.62962962963
KAYSERİ,YAHYALI,SEYDİLİ MAHALLESİ,38.0989,35.3565,76.0,2022.0,,2.0,450000.0,2022-10-03 14:54:00,Apartman/Mesken,0.0,2022.0,0.0,5921.0526315789475
KAYSERİ,KOCASİNAN,PERVANE MAHALLESİ,38.743,35.4971,174.0,2016.0,1.0,3.0,2000000.0,2022-10-03 16:21:00,Apartman/Mesken,7.0,2022.0,6.0,11494.252873563219
KAYSERİ,MELİKGAZİ,HUNAT MAHALLESİ,38.7216,35.4942,180.0,1996.0,1.0,3.0,1800000.0,2022-10-05 12:03:00,Apartman/Mesken,1.0,2022.0,26.0,10000.0
KAYSERİ,MELİKGAZİ,AYDINLAR MAHALLESİ,38.7017,35.5932,267.0,2013.0,1.0,2.0,3100000.0,2022-09-30 17:07:00,Apartman/Mesken,7.0,2022.0,9.0,11610.486891385768
KAYSERİ,MELİKGAZİ,ŞİRİNTEPE MAHALLESİ,38.7483,35.5764,114.0,2022.0,1.0,2.0,800000.0,2022-10-03 10:45:00,Apartman/Mesken,2.0,2022.0,0.0,7017.543859649123
KAYSERİ,KOCASİNAN,PERVANE MAHALLESİ,38.7456,35.5033,139.0,2015.0,1.0,3.0,1330000.0,2022-09-30 12:14:00,Apartman/Mesken,6.0,2022.0,7.0,9568.345323741007
KAYSERİ,TALAS,TALAS MAHALLESİ,38.7133,35.5682,84.0,2022.0,1.0,2.0,905000.0,2022-09-30 15:27:00,Apartman/Mesken,6.0,2022.0,0.0,10773.809523809523
KAYSERİ,HACILAR,KARPUZSEKİSİ Köyü MAHALLESİ,38.6787,35.3611,383.0,2013.0,1.0,3.0,1700000.0,2022-10-04 15:43:00,Apartman/Mesken,,2022.0,9.0,4438.642297650131
KAYSERİ,MELİKGAZİ,KANLIYURT MAHALLESİ,38.7359,35.4286,120.0,1992.0,1.0,3.0,600000.0,2022-10-04 11:52:00,Apartman/Mesken,1.0,2022.0,30.0,5000.0
KAYSERİ,MELİKGAZİ,GESİ MAHALLESİ,38.7893,35.6175,102.0,1996.0,1.0,3.0,725000.0,2022-10-06 14:15:00,Apartman/Mesken,2.0,2022.0,26.0,7107.843137254902
KAYSERİ,KOCASİNAN,BEYAZŞEHİR MAHALLESİ,38.7819,35.5973,114.0,2002.0,1.0,3.0,725000.0,2022-10-05 15:50:00,Apartman/Mesken,0.0,2022.0,20.0,6359.649122807017
KAYSERİ,TALAS,TALAS MAHALLESİ,38.6963,35.5542,141.0,,,,1250000.0,2022-10-06 12:11:00,Apartman/Mesken,5.0,2022.0,,8865.248226950354
KAYSERİ,KOCASİNAN,HACI SAKİ MAHALLESİ,38.7269,35.4714,85.0,,,,400000.0,2022-10-05 11:53:00,Apartman/Mesken,3.0,2022.0,,4705.882352941177
KAYSERİ,MELİKGAZİ,MİMARSİNAN MAHALLESİ,38.7711,35.6071,70.0,2018.0,1.0,2.0,585000.0,2022-10-04 17:30:00,Apartman/Mesken,1.0,2022.0,4.0,8357.142857142857
KAYSERİ,KOCASİNAN,PERVANE MAHALLESİ,38.7431,35.4971,170.0,2016.0,1.0,2.0,2000000.0,2022-10-05 17:10:00,Apartman/Mesken,3.0,2022.0,6.0,11764.70588235294
KAYSERİ,TOMARZA,KURTULUŞ Mah. MAHALLESİ,38.4502,35.7935,370.0,2018.0,1.0,2.0,1350000.0,2022-10-06 17:02:00,Apartman/Mesken,,2022.0,4.0,3648.6486486486488
KAYSERİ,TALAS,TALAS MAHALLESİ,38.715,35.5645,125.0,,,,1250000.0,2022-10-10 10:14:00,Apartman/Mesken,10.0,2022.0,,10000.0
KAYSERİ,YAHYALI,GAZİBEYLİ MAHALLESİ,38.0939,35.358,140.0,2012.0,1.0,3.0,875000.0,2022-10-10 14:38:00,Apartman/Mesken,0.0,2022.0,10.0,6250.0
KAYSERİ,KOCASİNAN,KAVAKYAZISI 2.MINTIKA MAHALLESİ,38.7375,35.5209,240.0,,,,5000000.0,2022-10-10 09:01:00,Apartman/Mesken,7.0,2022.0,,20833.333333333332
KAYSERİ,TALAS,TALAS MAHALLESİ,38.7114,35.5639,137.0,,,,1560000.0,2022-10-12 11:22:00,Apartman/Mesken,14.0,2022.0,,11386.861313868612
KAYSERİ,KOCASİNAN,PERVANE MAHALLESİ,38.7436,35.4908,160.0,1998.0,1.0,2.0,1500000.0,2022-10-10 12:13:00,Apartman/Mesken,2.0,2022.0,24.0,9375.0
KAYSERİ,MELİKGAZİ,YILDIRIM BEYAZIT MAHALLESİ,38.725,35.5251,126.0,,,,1350000.0,2022-10-12 10:43:00,Apartman/Mesken,12.0,2022.0,,10714.285714285714
KAYSERİ,KOCASİNAN,KAVAKYAZISI MAHALLESİ,38.7344,35.5233,178.0,,,,1700000.0,2022-10-12 09:59:00,Apartman/Mesken,,2022.0,,9550.561797752809
KAYSERİ,SARIOĞLAN,BAKARCAK MAHALLESİ,39.0683,35.9728,102.0,1999.0,1.0,3.0,525000.0,2022-10-12 17:21:00,Apartman/Mesken,1.0,2022.0,23.0,5147.058823529412
KAYSERİ,TOMARZA,1.MINTIKA MAHALLESİ,38.4539,35.7771,410.0,2002.0,1.0,2.0,1100000.0,2022-10-12 16:59:00,Apartman/Mesken,1.0,2022.0,20.0,2682.9268292682927
KAYSERİ,KOCASİNAN,ERKİLET MAHALLESİ,38.781206,35.46,125.0,,,,1760000.0,2022-10-17 11:05:00,Apartman/Mesken,6.0,2022.0,,14080.0
KAYSERİ,MELİKGAZİ,SELÇUKLU Mah. MAHALLESİ,38.6944,35.4704,350.0,,,,915000.0,2022-10-17 17:04:00,Apartman/Mesken,,2022.0,,2614.285714285714
KAYSERİ,KOCASİNAN,ŞEKER MAHALLESİ,38.7735,35.4099,71.0,,,,820000.0,2022-10-19 14:56:00,Apartman/Mesken,8.0,2022.0,,11549.295774647888
KAYSERİ,DEVELİ,HARMAN MAHALLESİ,38.3903,35.4922,127.0,,,,480000.0,2022-10-19 11:07:00,Apartman/Mesken,4.0,2022.0,,3779.527559055118
KAYSERİ,TALAS,HARMAN MAHALLESİ,38.6839,35.5479,154.0,2008.0,1.0,2.0,2000000.0,2022-10-19 17:25:00,Apartman/Mesken,12.0,2022.0,14.0,12987.012987012988
KAYSERİ,MELİKGAZİ,ÇAY MAHALLESİ,38.6896,35.5302,355.0,,,,7250000.0,2022-10-21 12:02:00,Villa,0.0,2022.0,,20422.535211267605
KAYSERİ,MELİKGAZİ,ŞİRİNTEPE MAHALLESİ,38.7432,35.5791,119.0,,,,860000.0,2022-10-21 12:02:00,Apartman/Mesken,2.0,2022.0,,7226.890756302521
KAYSERİ,KOCASİNAN,ERKİLET GENERALEMİR MAHALLESİ,38.8044,35.4558,93.0,2022.0,1.0,2.0,730000.0,2022-10-20 13:40:00,Apartman/Mesken,1.0,2022.0,0.0,7849.462365591397
KAYSERİ,KOCASİNAN,ZİYA GÖKALP MAHALLESİ,38.7443,35.4422,81.0,,,,520000.0,2022-10-24 09:03:00,Apartman/Mesken,3.0,2022.0,,6419.753086419753
KAYSERİ,TALAS,TALAS MAHALLESİ,38.7032,35.5693,118.0,,,,800000.0,2022-10-25 10:15:00,Apartman/Mesken,8.0,2022.0,,6779.661016949152
KAYSERİ,KOCASİNAN,KAVAKYAZISI MAHALLESİ,38.7353,35.5025,94.0,1975.0,1.0,3.0,725000.0,2022-10-24 16:16:00,Apartman/Mesken,6.0,2022.0,47.0,7712.765957446809
KAYSERİ,KOCASİNAN,ŞEKER MAHALLESİ,38.7735,35.4103,52.0,,,,730000.0,2022-10-26 10:57:00,Apartman/Mesken,7.0,2022.0,,14038.461538461539
KAYSERİ,MELİKGAZİ,GESİ MAHALLESİ,38.787625,35.599635,123.0,2015.0,1.0,2.0,1000000.0,2022-10-25 13:21:00,Apartman/Mesken,3.0,2022.0,7.0,8130.081300813008
KAYSERİ,MELİKGAZİ,BAHÇELİEVLER MAHALLESİ,38.7618,35.5916,84.0,,,,770000.0,2022-10-26 17:04:00,Apartman/Mesken,4.0,2022.0,,9166.666666666666
KAYSERİ,HACILAR,KARPUZSEKİSİ Köyü MAHALLESİ,38.6854,35.3562,410.0,2018.0,1.0,3.0,1995000.0,2022-10-25 13:08:00,Apartman/Mesken,,2022.0,4.0,4865.8536585365855
KAYSERİ,MELİKGAZİ,YILDIRIM BEYAZIT MAHALLESİ,38.729785,35.536829,158.0,2011.0,1.0,2.0,2175000.0,2022-10-26 14:19:00,Apartman/Mesken,3.0,2022.0,11.0,13765.822784810127
KAYSERİ,TALAS,KİÇİKÖY MAHALLESİ,38.696945,35.549025,115.0,2005.0,1.0,2.0,1150000.0,2022-10-26 16:03:00,Apartman/Mesken,9.0,2022.0,17.0,10000.0
KAYSERİ,MELİKGAZİ,HUNAT MAHALLESİ,38.7193,35.4958,105.0,,,,525000.0,2022-10-28 11:02:00,Apartman/Mesken,0.0,2022.0,,5000.0
KAYSERİ,ÖZVATAN,YUKARIBOĞAZİCİ Mah. MAHALLESİ,39.0949,35.6993,275.0,1998.0,1.0,3.0,730000.0,2022-10-28 15:03:00,Apartman/Mesken,,2022.0,24.0,2654.5454545454545
KAYSERİ,YEŞİLHİSAR,İDRİS MAHALLESİ,38.3515,35.0896,144.0,1984.0,1.0,3.0,920000.0,2022-10-31 14:28:00,Apartman/Mesken,2.0,2022.0,38.0,6388.888888888889
KAYSERİ,MELİKGAZİ,KEYKUBAT MAHALLESİ,38.7415,35.3867,103.0,1995.0,1.0,3.0,720000.0,2022-10-29 13:50:00,Apartman/Mesken,6.0,2022.0,27.0,6990.291262135922
KAYSERİ,KOCASİNAN,YEŞİLMAHALLE MAHALLESİ,38.75315,35.471345,104.0,2017.0,1.0,2.0,900000.0,2022-10-31 14:54:00,Apartman/Mesken,3.0,2022.0,5.0,8653.846153846154
KAYSERİ,KOCASİNAN,BEYAZŞEHİR MAHALLESİ,38.78222,35.58542,117.0,,,,690000.0,2022-11-02 09:33:00,Apartman/Mesken,0.0,2022.0,,5897.4358974358975
KAYSERİ,MELİKGAZİ,GÜLTEPE MAHALLESİ,38.7216,35.5091,210.0,2009.0,1.0,2.0,2500000.0,2022-10-31 16:21:00,Apartman/Mesken,9.0,2022.0,13.0,11904.761904761905
KAYSERİ,MELİKGAZİ,BATTALGAZİ MAHALLESİ,38.7036,35.4865,98.0,1992.0,1.0,4.0,390000.0,2022-10-31 17:15:00,Apartman/Mesken,-1.0,2022.0,30.0,3979.591836734694
KAYSERİ,MELİKGAZİ,ALPASLAN MAHALLESİ,38.725065,35.51879,168.0,2004.0,1.0,1.0,2500000.0,2022-11-02 16:48:00,Apartman/Mesken,4.0,2022.0,18.0,14880.952380952382
KAYSERİ,TALAS,HARMAN MAHALLESİ,38.6824,35.5553,100.0,1997.0,1.0,3.0,680000.0,2022-11-02 15:39:00,Apartman/Mesken,1.0,2022.0,25.0,6800.0
KAYSERİ,KOCASİNAN,ERTUĞRUL GAZİ MAHALLESİ,38.7867,35.4494,124.0,2019.0,1.0,3.0,910000.0,2022-11-02 14:06:00,Apartman/Mesken,7.0,2022.0,3.0,7338.709677419355
KAYSERİ,MELİKGAZİ,TONTAR MAHALLESİ,38.7062,35.4938,108.0,2008.0,1.0,3.0,1000000.0,2022-11-02 15:53:00,Apartman/Mesken,0.0,2022.0,14.0,9259.25925925926
KAYSERİ,KOCASİNAN,PERVANE MAHALLESİ,38.7536,35.4967,115.0,,,,825000.0,2022-11-04 15:00:00,Apartman/Mesken,5.0,2022.0,,7173.913043478261
KAYSERİ,KOCASİNAN,ŞEKER MAHALLESİ,38.77232,35.40871,68.0,2022.0,1.0,2.0,670000.0,2022-11-10 11:23:00,Apartman/Mesken,3.0,2022.0,0.0,9852.941176470587
KAYSERİ,KOCASİNAN,SÜMER MAHALLESİ,38.745165,35.456395,115.0,1998.0,1.0,3.0,590000.0,2022-11-07 15:06:00,Apartman/Mesken,0.0,2022.0,24.0,5130.434782608696
KAYSERİ,TALAS,TALAS MAHALLESİ,38.7037,35.5506,128.0,2010.0,1.0,3.0,1200000.0,2022-11-04 17:41:00,Apartman/Mesken,8.0,2022.0,12.0,9375.0
KAYSERİ,KOCASİNAN,KARPUZATAN DÜZ MAHALLESİ,38.7534,35.4681,116.0,1997.0,1.0,3.0,660000.0,2022-11-07 14:12:00,Apartman/Mesken,3.0,2022.0,25.0,5689.6551724137935
KAYSERİ,MELİKGAZİ,KONAKLAR MAHALLESİ,38.748009,35.562715,130.0,2012.0,1.0,2.0,1200000.0,2022-11-10 11:22:00,Apartman/Mesken,7.0,2022.0,10.0,9230.76923076923
KAYSERİ,MELİKGAZİ,TONTAR MAHALLESİ,38.696345,35.492265,128.0,1993.0,1.0,3.0,690000.0,2022-11-11 16:16:00,Apartman/Mesken,2.0,2022.0,29.0,5390.625
KAYSERİ,KOCASİNAN,SÜMER MAHALLESİ,38.7414,35.4853,106.0,2021.0,1.0,3.0,880000.0,2022-11-14 09:23:00,Apartman/Mesken,0.0,2022.0,1.0,8301.88679245283
KAYSERİ,KOCASİNAN,ERTUĞRUL GAZİ MAHALLESİ,38.7863,35.4484,131.0,2017.0,1.0,3.0,900000.0,2022-11-14 10:22:00,Apartman/Mesken,10.0,2022.0,5.0,6870.229007633588
KAYSERİ,MELİKGAZİ,GESİ MAHALLESİ,38.7858,35.6105,127.0,,,,800000.0,2022-11-13 19:33:00,Apartman/Mesken,12.0,2022.0,,6299.212598425197
KAYSERİ,KOCASİNAN,ERKİLET MEHMET AKİF ERSOY MAHALLESİ,38.8006,35.4522,101.0,,,,650000.0,2022-11-14 12:41:00,Apartman/Mesken,2.0,2022.0,,6435.6435643564355
KAYSERİ,KOCASİNAN,PERVANE MAHALLESİ,38.75973,35.49677,129.0,,,,960000.0,2022-11-15 14:01:00,Apartman/Mesken,14.0,2022.0,,7441.860465116279
KAYSERİ,SARIZ,BAHÇELİ MAHALLESİ,38.4777,36.4949,107.0,2018.0,1.0,2.0,700000.0,2022-11-14 15:43:00,Apartman/Mesken,2.0,2022.0,4.0,6542.056074766355
KAYSERİ,KOCASİNAN,PERVANE MAHALLESİ,38.7401,35.4904,102.0,,,,900000.0,2022-11-15 12:30:00,Apartman/Mesken,5.0,2022.0,,8823.529411764706
KAYSERİ,MELİKGAZİ,ALTINOLUK MAHALLESİ,38.6878,35.4407,180.0,,1.0,2.0,2650000.0,2022-11-15 11:52:00,Apartman/Mesken,1.0,2022.0,,14722.222222222223
KAYSERİ,YAHYALI,ÇİĞİLLİ MAHALLESİ,38.1185,35.3598,128.0,2021.0,1.0,3.0,950000.0,2022-11-14 15:52:00,Apartman/Mesken,2.0,2022.0,1.0,7421.875
KAYSERİ,KOCASİNAN,CIRKALAN MAHALLESİ,38.7526,35.5496,110.0,,,,1200000.0,2022-11-16 16:11:00,Apartman/Mesken,2.0,2022.0,,10909.09090909091
KAYSERİ,MELİKGAZİ,HİSARCIK-BAHÇELİEVLER MAHALLESİ,38.6389,35.5083,127.0,,,,2600000.0,2022-11-16 09:41:00,Villa,1.0,2022.0,,20472.44094488189
KAYSERİ,KOCASİNAN,SÜMER MAHALLESİ,38.7454,35.4609,137.0,2020.0,1.0,2.0,1200000.0,2022-11-16 12:43:00,Apartman/Mesken,6.0,2022.0,2.0,8759.12408759124
KAYSERİ,YAHYALI,ÇİĞİLLİ MAHALLESİ,38.1188,35.3589,131.0,2019.0,1.0,3.0,950000.0,2022-11-16 11:43:00,Apartman/Mesken,1.0,2022.0,3.0,7251.908396946565
KAYSERİ,TALAS,KİÇİKÖY MAHALLESİ,38.69971,35.544505,100.0,1988.0,1.0,3.0,680000.0,2022-11-17 16:44:00,Apartman/Mesken,4.0,2022.0,34.0,6800.0
KAYSERİ,MELİKGAZİ,ŞİRİNTEPE MAHALLESİ,38.7368,35.5765,97.0,2000.0,1.0,3.0,630000.0,2022-11-15 15:09:00,Apartman/Mesken,5.0,2022.0,22.0,6494.845360824742
KAYSERİ,İNCESU,BAHÇESARAY MAHALLESİ,38.6279,35.1806,129.0,2011.0,1.0,3.0,880000.0,2022-11-16 12:22:00,Apartman/Mesken,3.0,2022.0,11.0,6821.705426356589
KAYSERİ,KOCASİNAN,ŞEKER MAHALLESİ,38.7722,35.4087,68.0,2021.0,1.0,2.0,850000.0,2022-11-16 09:14:00,Apartman/Mesken,4.0,2022.0,1.0,12500.0
KAYSERİ,KOCASİNAN,KÖTÜGÖLLER MAHALLESİ,38.7535,35.4865,130.0,,,,1350000.0,2022-11-21 10:07:00,Apartman/Mesken,5.0,2022.0,,10384.615384615385
KAYSERİ,MELİKGAZİ,ANBAR MAHALLESİ,38.7541,35.3746,111.0,,,,925000.0,2022-11-18 09:58:00,Apartman/Mesken,12.0,2022.0,,8333.333333333334
KAYSERİ,KOCASİNAN,SÜMER MAHALLESİ,38.7401,35.4615,105.0,2011.0,1.0,2.0,800000.0,2022-11-22 10:53:00,Apartman/Mesken,9.0,2022.0,11.0,7619.047619047619
KAYSERİ,MELİKGAZİ,GESİ MAHALLESİ,38.7904,35.6197,102.0,200.0,1.0,3.0,740000.0,2022-11-16 16:57:00,Apartman/Mesken,1.0,2022.0,,7254.901960784314
KAYSERİ,KOCASİNAN,SÜMER MAHALLESİ,38.7458,35.4647,101.0,1975.0,1.0,4.0,550000.0,2022-11-18 17:48:00,Apartman/Mesken,1.0,2022.0,47.0,5445.544554455446
KAYSERİ,MELİKGAZİ,KEYKUBAT MAHALLESİ,38.7493,35.3893,102.0,2009.0,1.0,2.0,750000.0,2022-11-17 12:19:00,Apartman/Mesken,0.0,2022.0,13.0,7352.941176470588
KAYSERİ,TALAS,HARMAN MAHALLESİ,38.6872,35.5454,140.0,,,,1470000.0,2022-11-17 17:04:00,Apartman/Mesken,7.0,2022.0,,10500.0
KAYSERİ,KOCASİNAN,PERVANE MAHALLESİ,38.7601,35.4959,147.0,,,,1230000.0,2022-11-18 11:40:00,Apartman/Mesken,2.0,2022.0,,8367.34693877551
KAYSERİ,MELİKGAZİ,TALAS MAHALLESİ,38.7183,35.5273,166.0,,,,4500000.0,2022-11-21 13:47:00,Apartman/Mesken,8.0,2022.0,,27108.433734939757
KAYSERİ,KOCASİNAN,ERTUĞRUL GAZİ MAHALLESİ,38.798655,35.44326,122.0,2015.0,1.0,2.0,950000.0,2022-11-22 15:22:00,Apartman/Mesken,6.0,2022.0,7.0,7786.88524590164
KAYSERİ,MELİKGAZİ,DEMİRCİYAZISI MAHALLESİ,38.7146,35.452,131.0,,,,1400000.0,2022-11-22 09:45:00,Apartman/Mesken,7.0,2022.0,,10687.022900763359
KAYSERİ,MELİKGAZİ,AYDINLAR MAHALLESİ,38.7028,35.5924,243.0,,,,3200000.0,2022-11-23 09:30:00,Apartman/Mesken,6.0,2022.0,,13168.724279835391
KAYSERİ,TALAS,TALAS MAHALLESİ,38.7019,35.5726,82.0,,,,615000.0,2022-11-22 09:32:00,Apartman/Mesken,4.0,2022.0,,7500.0
KAYSERİ,TALAS,TALAS MAHALLESİ,38.7019,35.5726,84.0,,,,640000.0,2022-11-22 09:33:00,Apartman/Mesken,7.0,2022.0,,7619.047619047619
KAYSERİ,KOCASİNAN,SÜMER MAHALLESİ,38.74196,35.48164,122.0,1980.0,1.0,3.0,700000.0,2022-11-24 10:07:00,Apartman/Mesken,1.0,2022.0,42.0,5737.704918032787
KAYSERİ,PINARBAŞI,KILIÇMEHMET Köyü MAHALLESİ,38.7389,36.4113,804.0,2000.0,1.0,4.0,1925000.0,2022-11-23 17:06:00,Apartman/Mesken,,2022.0,22.0,2394.2786069651743
KAYSERİ,MELİKGAZİ,ESENTEPE MAHALLESİ,38.729801,35.420001,116.0,2021.0,1.0,2.0,1050000.0,2022-11-24 11:20:00,Apartman/Mesken,0.0,2022.0,1.0,9051.724137931034
KAYSERİ,KOCASİNAN,ZİYA GÖKALP MAHALLESİ,38.7413,35.4361,91.0,,,,600000.0,2022-11-24 11:20:00,Apartman/Mesken,3.0,2022.0,,6593.406593406594
KAYSERİ,TALAS,TALAS MAHALLESİ,38.7019,35.5726,82.0,,,,615000.0,2022-11-22 09:37:00,Apartman/Mesken,3.0,2022.0,,7500.0
KAYSERİ,MELİKGAZİ,AKKAYA MAHALLESİ,38.7001,35.4393,140.0,2013.0,1.0,3.0,1750000.0,2022-11-23 09:29:00,Apartman/Mesken,4.0,2022.0,9.0,12500.0
KAYSERİ,KOCASİNAN,ERTUĞRUL GAZİ MAHALLESİ,38.7875,35.4494,131.0,,,,1050000.0,2022-11-25 10:50:00,Apartman/Mesken,7.0,2022.0,,8015.267175572519
KAYSERİ,KOCASİNAN,ESKİÖMERLER Mah. MAHALLESİ,38.95038,35.25013,202.0,1950.0,1.0,3.0,320000.0,2022-11-25 17:36:00,Apartman/Mesken,,2022.0,72.0,1584.1584158415842
KAYSERİ,KOCASİNAN,SEYRANİ Mah. MAHALLESİ,38.7525,35.4802,334.91,,,,1760000.0,2022-11-29 11:23:00,Apartman/Mesken,,2022.0,,5255.14317279269
KAYSERİ,KOCASİNAN,SEYRANİ Mah. MAHALLESİ,38.7514,35.4797,781.27,,,,3445000.0,2022-11-29 11:27:00,Apartman/Mesken,,2022.0,,4409.487117129802
KAYSERİ,TALAS,TALAS MAHALLESİ,38.707921,35.567872,114.0,2022.0,1.0,2.0,1000000.0,2022-11-25 11:46:00,Apartman/Mesken,12.0,2022.0,0.0,8771.929824561403
KAYSERİ,MELİKGAZİ,YILDIRIM BEYAZIT MAHALLESİ,38.7251,35.5294,132.0,2005.0,1.0,3.0,1450000.0,2022-11-24 16:27:00,Apartman/Mesken,5.0,2022.0,17.0,10984.848484848484
KAYSERİ,MELİKGAZİ,ŞİRİNTEPE MAHALLESİ,38.7384,35.5782,125.0,2019.0,1.0,3.0,850000.0,2022-11-25 12:06:00,Apartman/Mesken,4.0,2022.0,3.0,6800.0
KAYSERİ,KOCASİNAN,YAVUZSELİM MAHALLESİ,38.7576,35.5682,96.0,1994.0,1.0,3.0,555000.0,2022-11-25 13:27:00,Apartman/Mesken,0.0,2022.0,28.0,5781.25
KAYSERİ,MELİKGAZİ,DEMİRCİYAZISI MAHALLESİ,38.69966,35.448985,110.0,2016.0,1.0,2.0,1150000.0,2022-11-29 14:03:00,Apartman/Mesken,4.0,2022.0,6.0,10454.545454545454
KAYSERİ,MELİKGAZİ,ALPASLAN MAHALLESİ,38.7275,35.5144,180.0,,,,2000000.0,2022-11-28 14:33:00,Apartman/Mesken,9.0,2022.0,,11111.111111111111
KAYSERİ,MELİKGAZİ,ALTINOLUK Mah. MAHALLESİ,38.7017,35.436,378.0,,,,7750000.0,2022-11-30 11:18:00,Apartman/Mesken,,2022.0,,20502.645502645504
KAYSERİ,MELİKGAZİ,OSMANLI Mah. MAHALLESİ,38.688,35.4751,385.0,,,,950000.0,2022-11-30 16:48:00,Apartman/Mesken,,2022.0,,2467.5324675324673
KAYSERİ,KOCASİNAN,ERKİLET GENERALEMİR MAHALLESİ,38.8097,35.4568,132.0,2021.0,1.0,3.0,800000.0,2022-11-30 14:58:00,Apartman/Mesken,0.0,2022.0,1.0,6060.606060606061
KAYSERİ,KOCASİNAN,SÜMER MAHALLESİ,38.7465,35.4698,125.0,2011.0,1.0,2.0,1050000.0,2022-11-29 17:23:00,Apartman/Mesken,5.0,2022.0,11.0,8400.0
KAYSERİ,MELİKGAZİ,KEYKUBAT MAHALLESİ,38.737,35.4188,119.0,,,,1200000.0,2022-12-02 10:56:00,Apartman/Mesken,1.0,2022.0,,10084.033613445377
KAYSERİ,TALAS,HARMAN MAHALLESİ,38.6859,35.5581,101.0,1987.0,1.0,3.0,600000.0,2022-12-01 12:33:00,Apartman/Mesken,3.0,2022.0,35.0,5940.59405940594
KAYSERİ,SARIZ,KIRKISRAK Köyü MAHALLESİ,38.428974,36.66522,500.0,1995.0,1.0,2.0,1305000.0,2022-12-02 17:38:00,Apartman/Mesken,,2022.0,27.0,2610.0
KAYSERİ,MELİKGAZİ,AĞIRNAS Mah. MAHALLESİ,38.8148,35.7131,120.0,1952.0,3.0,4.0,300000.0,2022-12-01 14:39:00,Apartman/Mesken,,2022.0,70.0,2500.0
KAYSERİ,MELİKGAZİ,BATTALGAZİ MAHALLESİ,38.7,35.4738,77.0,,,,500000.0,2022-12-02 10:20:00,Apartman/Mesken,-1.0,2022.0,,6493.506493506494
KAYSERİ,MELİKGAZİ,KONAKLAR MAHALLESİ,38.7443,35.5614,128.0,2003.0,1.0,3.0,900000.0,2022-12-02 10:43:00,Apartman/Mesken,1.0,2022.0,19.0,7031.25
KAYSERİ,MELİKGAZİ,GESİ MAHALLESİ,38.7877,35.6178,85.0,1997.0,1.0,3.0,660000.0,2022-12-06 10:57:00,Apartman/Mesken,2.0,2022.0,25.0,7764.705882352941
KAYSERİ,KOCASİNAN,KAVAKYAZISI MAHALLESİ,38.728255,35.498815,125.0,,,,960000.0,2022-12-07 10:23:00,Apartman/Mesken,6.0,2022.0,,7680.0
KAYSERİ,KOCASİNAN,PERVANE MAHALLESİ,38.7338,35.4975,128.0,,,,820000.0,2022-12-07 12:20:00,Apartman/Mesken,2.0,2022.0,,6406.25
KAYSERİ,KOCASİNAN,KAVAKYAZISI MAHALLESİ,38.7312,35.4969,101.0,1985.0,1.0,3.0,670000.0,2022-12-06 10:40:00,Apartman/Mesken,2.0,2022.0,37.0,6633.663366336634
KAYSERİ,MELİKGAZİ,AYDINLIKEVLER MAHALLESİ,38.723,35.4635,128.0,,,,675000.0,2022-12-08 15:37:00,Apartman/Mesken,5.0,2022.0,,5273.4375
KAYSERİ,MELİKGAZİ,HUNAT MAHALLESİ,38.72275,35.492425,75.0,1994.0,1.0,3.0,525000.0,2022-12-08 17:16:00,Apartman/Mesken,4.0,2022.0,28.0,7000.0
KAYSERİ,PINARBAŞI,HÜRRİYET MAHALLESİ,38.7246,36.3753,77.0,2010.0,1.0,3.0,340000.0,2022-12-09 14:16:00,Apartman/Mesken,2.0,2022.0,12.0,4415.584415584415
KAYSERİ,MELİKGAZİ,DEMİRCİYAZISI MAHALLESİ,38.7015,35.4447,123.0,,,,710000.0,2022-12-13 14:11:00,Apartman/Mesken,,2022.0,,5772.357723577235
KAYSERİ,TOMARZA,4.MINTIKA MAHALLESİ,38.442675,35.786525,80.0,2020.0,1.0,2.0,700000.0,2022-12-12 08:45:00,Apartman/Mesken,1.0,2022.0,2.0,8750.0
KAYSERİ,MELİKGAZİ,BAHÇELİEVLER MAHALLESİ,38.7657,35.5877,127.0,,,,1000000.0,2022-12-13 09:55:00,Apartman/Mesken,6.0,2022.0,,7874.0157480314965
KAYSERİ,MELİKGAZİ,BAHÇELİEVLER MAHALLESİ,38.7712,35.5842,130.0,2019.0,1.0,3.0,880000.0,2022-12-09 15:36:00,Apartman/Mesken,,2022.0,3.0,6769.2307692307695
KAYSERİ,MELİKGAZİ,DANİŞMENTGAZİ Mah. MAHALLESİ,38.6805,35.4709,412.0,2022.0,3.0,3.0,1260000.0,2022-12-14 16:04:00,Apartman/Mesken,,2022.0,0.0,3058.252427184466
KAYSERİ,MELİKGAZİ,ŞİRİNTEPE MAHALLESİ,38.74482,35.578175,108.0,2022.0,1.0,2.0,900000.0,2022-12-12 15:16:00,Apartman/Mesken,8.0,2022.0,0.0,8333.333333333334
KAYSERİ,KOCASİNAN,MİTHATPAŞA MAHALLESİ,38.7528,35.4635,121.0,2011.0,1.0,2.0,850000.0,2022-12-12 12:04:00,Apartman/Mesken,8.0,2022.0,11.0,7024.793388429752
KAYSERİ,MELİKGAZİ,KONAKLAR MAHALLESİ,38.7345,35.5542,145.0,,,,1100000.0,2022-12-15 09:27:00,Apartman/Mesken,7.0,2022.0,,7586.206896551724
KAYSERİ,MELİKGAZİ,GÜLÜK MAHALLESİ,38.718315,35.481645,85.0,2017.0,1.0,2.0,1200000.0,2022-12-14 14:47:00,Apartman/Mesken,7.0,2022.0,5.0,14117.64705882353
KAYSERİ,KOCASİNAN,KAVAKYAZISI  MAHALLESİ,38.7288,35.5068,115.0,,,,620000.0,2022-12-26 13:59:00,Apartman/Mesken,,2022.0,,5391.304347826087
KAYSERİ,MELİKGAZİ,MİMARSİNAN MAHALLESİ,38.7254,35.5891,124.0,2021.0,1.0,2.0,1150000.0,2022-12-13 10:16:00,Apartman/Mesken,7.0,2022.0,1.0,9274.193548387097
KAYSERİ,TALAS,TALAS MAHALLESİ,38.702,35.5726,85.0,,,,680000.0,2022-12-12 12:20:00,Apartman/Mesken,7.0,2022.0,,8000.0
KAYSERİ,TALAS,TALAS MAHALLESİ,38.702,35.5726,84.0,,,,745000.0,2022-12-12 12:19:00,Apartman/Mesken,7.0,2022.0,,8869.047619047618
KAYSERİ,MELİKGAZİ,KANLIYURT MAHALLESİ,38.7358,35.4111,117.0,,,,900000.0,2022-12-15 10:15:00,Apartman/Mesken,3.0,2022.0,,7692.307692307692
KAYSERİ,BÜNYAN,CUMHURİYET MAHALLESİ,38.865065,35.843374,105.0,1997.0,1.0,2.0,500000.0,2022-12-15 10:31:00,Apartman/Mesken,1.0,2022.0,25.0,4761.9047619047615
KAYSERİ,KOCASİNAN,ERTUĞRUL GAZİ MAHALLESİ,38.7867,35.4494,124.0,,,,900000.0,2022-12-15 09:03:00,Apartman/Mesken,8.0,2022.0,,7258.064516129032
KAYSERİ,KOCASİNAN,PERVANE MAHALLESİ,38.7375,35.4939,155.0,,,,2160000.0,2022-12-15 14:25:00,Apartman/Mesken,8.0,2022.0,,13935.483870967742
KAYSERİ,KOCASİNAN,PERVANE MAHALLESİ,38.7396,35.5015,115.0,,,,1800000.0,2022-12-16 15:15:00,Apartman/Mesken,3.0,2022.0,,15652.173913043478
KAYSERİ,MELİKGAZİ,BAHÇELİEVLER MAHALLESİ,38.7582,35.5886,150.0,,,,1300000.0,2022-12-16 09:35:00,Apartman/Mesken,5.0,2022.0,,8666.666666666666
KAYSERİ,KOCASİNAN,ERKİLET OSMANGAZİ MAHALLESİ,38.7919,35.4619,127.0,2022.0,1.0,2.0,1050000.0,2022-12-15 15:57:00,Apartman/Mesken,5.0,2022.0,0.0,8267.71653543307
KAYSERİ,MELİKGAZİ,ESENTEPE MAHALLESİ,38.7304,35.4314,137.0,2015.0,1.0,3.0,1250000.0,2022-12-14 16:49:00,Apartman/Mesken,3.0,2022.0,7.0,9124.087591240876
KAYSERİ,KOCASİNAN,KAVAKYAZISI MAHALLESİ,38.7339,35.5103,118.0,1981.0,1.0,3.0,800000.0,2022-12-19 09:48:00,Apartman/Mesken,1.0,2022.0,41.0,6779.661016949152
KAYSERİ,MELİKGAZİ,YAZIBAĞLARI MAHALLESİ,38.7366,35.3983,110.0,2003.0,1.0,3.0,850000.0,2022-12-16 10:47:00,Apartman/Mesken,1.0,2022.0,19.0,7727.272727272727
KAYSERİ,TALAS,TALAS MAHALLESİ,38.6964,35.5543,141.0,,,,1300000.0,2022-12-16 15:43:00,Apartman/Mesken,9.0,2022.0,,9219.85815602837
KAYSERİ,MELİKGAZİ,TONTAR MAHALLESİ,38.7121,35.4935,114.0,2006.0,1.0,3.0,700000.0,2022-12-15 15:32:00,Apartman/Mesken,1.0,2022.0,16.0,6140.350877192983
KAYSERİ,DEVELİ,HARMAN MAHALLESİ,38.39138,35.494275,146.0,2011.0,1.0,2.0,1940000.0,2022-12-21 14:04:00,Apartman/Mesken,3.0,2022.0,11.0,13287.671232876712
KAYSERİ,MELİKGAZİ,GÖKKENT MAHALLESİ,38.75094,35.56233,118.0,2015.0,1.0,2.0,940000.0,2022-12-21 11:18:00,Apartman/Mesken,7.0,2022.0,7.0,7966.1016949152545
KAYSERİ,MELİKGAZİ,GESİ MAHALLESİ,38.7887,35.6055,133.0,2020.0,1.0,2.0,1265000.0,2022-12-21 10:47:00,Apartman/Mesken,11.0,2022.0,2.0,9511.278195488721
KAYSERİ,TALAS,TALAS MAHALLESİ,38.7003,35.5714,32.0,2010.0,1.0,2.0,610000.0,2022-12-20 13:46:00,Apartman/Mesken,14.0,2022.0,12.0,19062.5
KAYSERİ,MELİKGAZİ,BATTALGAZİ MAHALLESİ,38.7118,35.4754,113.0,,,,1120000.0,2022-12-23 14:45:00,Apartman/Mesken,1.0,2022.0,,9911.504424778761
KAYSERİ,MELİKGAZİ,DEMİRCİYAZISI MAHALLESİ,38.7085,35.4509,102.0,,,,700000.0,2022-12-22 11:58:00,Apartman/Mesken,1.0,2022.0,,6862.745098039216
KAYSERİ,KOCASİNAN,PERVANE MAHALLESİ,38.7406,35.4941,150.0,2018.0,1.0,2.0,2000000.0,2022-12-23 17:28:00,Apartman/Mesken,11.0,2022.0,4.0,13333.333333333334
KAYSERİ,MELİKGAZİ,MELİKGAZİ MAHALLESİ,38.7271,35.5207,173.0,2016.0,1.0,2.0,4000000.0,2022-12-26 11:07:00,Apartman/Mesken,11.0,2022.0,6.0,23121.387283236993
KAYSERİ,MELİKGAZİ,ALPASLAN MAHALLESİ,38.725,35.5124,142.0,,,,2835000.0,2022-12-22 15:21:00,Apartman/Mesken,1.0,2022.0,,19964.788732394365
KAYSERİ,KOCASİNAN,KAVAKYAZISI MAHALLESİ,38.7368,35.5181,155.0,1996.0,1.0,2.0,1580000.0,2022-12-23 18:06:00,Apartman/Mesken,,2022.0,26.0,10193.548387096775
KAYSERİ,TALAS,TALAS MAHALLESİ,38.7132,35.5683,69.0,,,,950000.0,2022-12-21 12:09:00,Apartman/Mesken,2.0,2022.0,,13768.115942028986
KAYSERİ,MELİKGAZİ,MAHRUMLAR MAHALLESİ,38.7155,35.4426,117.0,2016.0,1.0,3.0,950000.0,2022-12-21 14:38:00,Apartman/Mesken,8.0,2022.0,6.0,8119.65811965812
KAYSERİ,MELİKGAZİ,ALPASLAN MAHALLESİ,38.7244,35.5095,128.0,1995.0,1.0,2.0,2000000.0,2022-12-26 10:04:00,Apartman/Mesken,4.0,2022.0,27.0,15625.0
KAYSERİ,KOCASİNAN,SÜMER MAHALLESİ,38.7452,35.4569,129.0,,,,1600000.0,2022-12-26 14:05:00,Apartman/Mesken,9.0,2022.0,,12403.100775193798
KAYSERİ,MELİKGAZİ,DEMİRCİYAZISI MAHALLESİ,38.7177,35.4541,92.0,1987.0,1.0,4.0,600000.0,2022-12-23 16:53:00,Apartman/Mesken,1.0,2022.0,35.0,6521.739130434783
KAYSERİ,MELİKGAZİ,BATTALGAZİ MAHALLESİ,38.7089,35.4902,95.0,1993.0,1.0,3.0,650000.0,2022-12-26 09:53:00,Apartman/Mesken,1.0,2022.0,29.0,6842.105263157895
KAYSERİ,KOCASİNAN,PERVANE MAHALLESİ,38.732465,35.49384,184.0,1980.0,1.0,2.0,1260000.0,2022-12-28 11:13:00,Apartman/Mesken,2.0,2022.0,42.0,6847.826086956522
KAYSERİ,BÜNYAN,CUMHURİYET MAHALLESİ,38.8544,35.8508,123.0,2022.0,1.0,2.0,850000.0,2022-12-26 11:41:00,Apartman/Mesken,1.0,2022.0,0.0,6910.569105691057
KAYSERİ,KOCASİNAN,PERVANE MAHALLESİ,38.7477,35.4992,97.0,,,,1400000.0,2022-12-28 16:06:00,Apartman/Mesken,11.0,2022.0,,14432.98969072165
KAYSERİ,MELİKGAZİ,GÜLÜK MAHALLESİ,38.7208,35.4735,115.0,,,,720000.0,2022-12-26 17:38:00,Apartman/Mesken,7.0,2022.0,,6260.869565217391
KAYSERİ,MELİKGAZİ,YEŞİLYURT MAHALLESİ,38.7907,35.6081,141.0,,,,1200000.0,2022-12-30 10:38:00,Apartman/Mesken,4.0,2022.0,,8510.63829787234
KAYSERİ,TALAS,TALAS MAHALLESİ,38.7164,35.5617,134.0,,,,1650000.0,2022-12-30 10:38:00,Apartman/Mesken,4.0,2022.0,,12313.432835820895
KAYSERİ,KOCASİNAN,SÜMER MAHALLESİ,38.7459,35.4677,138.0,2009.0,1.0,3.0,1175000.0,2022-12-28 15:30:00,Apartman/Mesken,3.0,2022.0,13.0,8514.492753623188
KAYSERİ,MELİKGAZİ,YILDIRIM BEYAZIT MAHALLESİ,38.7271,35.5416,163.0,,,,1900000.0,2022-12-29 14:43:00,Apartman/Mesken,5.0,2022.0,,11656.441717791411
KAYSERİ,İNCESU,BAHÇESARAY Mah. MAHALLESİ,38.6267,35.1799,490.0,1980.0,,3.0,2130000.0,2022-12-29 12:09:00,Apartman/Mesken,,2022.0,42.0,4346.938775510204
KAYSERİ,KOCASİNAN,YENİDOĞAN MAHALLESİ,38.7499,35.4454,127.0,,,,1570000.0,2022-12-30 10:38:00,Apartman/Mesken,11.0,2022.0,,12362.204724409448
KAYSERİ,MELİKGAZİ,KANLIYURT MAHALLESİ,38.7385,35.411,143.0,1998.0,1.0,2.0,1025000.0,2022-12-29 11:42:00,Apartman/Mesken,8.0,2022.0,24.0,7167.832167832168
KAYSERİ,MELİKGAZİ,ESENTEPE MAHALLESİ,38.7301,35.4174,125.0,2009.0,1.0,2.0,985000.0,2022-12-29 09:55:00,Apartman/Mesken,5.0,2022.0,13.0,7880.0
KAYSERİ,MELİKGAZİ,ŞİRİNTEPE MAHALLESİ,38.7483,35.5766,113.0,2022.0,1.0,3.0,1060000.0,2022-12-29 15:55:00,Apartman/Mesken,8.0,2022.0,0.0,9380.530973451327
KAYSERİ,KOCASİNAN,ŞEKER MAHALLESİ,38.767735,35.41419,73.0,,,,675000.0,2023-01-02 09:19:00,Apartman/Mesken,5.0,2023.0,,9246.575342465754
KAYSERİ,KOCASİNAN,SEYRANİ MAHALLESİ,38.7522,35.4823,155.0,2022.0,1.0,2.0,1800000.0,2023-01-03 15:22:00,Apartman/Mesken,1.0,2023.0,1.0,11612.90322580645
KAYSERİ,MELİKGAZİ,KILIÇASLAN MAHALLESİ,38.7241,35.5067,120.0,,,,780000.0,2023-01-02 15:43:00,Apartman/Mesken,3.0,2023.0,,6500.0
KAYSERİ,MELİKGAZİ,YILDIRIM BEYAZIT MAHALLESİ,38.7297,35.5356,138.0,,,,1515000.0,2023-01-03 14:56:00,Apartman/Mesken,13.0,2023.0,,10978.260869565218
KAYSERİ,TALAS,TALAS MAHALLESİ,38.714074,35.567165,143.0,2022.0,1.0,2.0,2780000.0,2023-01-03 09:09:00,Apartman/Mesken,3.0,2023.0,1.0,19440.559440559442
KAYSERİ,KOCASİNAN,KAVAKYAZISI MAHALLESİ,38.7291,35.4995,66.0,,,,400000.0,2023-01-04 13:06:00,Apartman/Mesken,-1.0,2023.0,,6060.606060606061
KAYSERİ,MELİKGAZİ,MELİKGAZİ MAHALLESİ,38.7307,35.5249,198.0,2009.0,1.0,1.0,2750000.0,2023-01-02 15:34:00,Apartman/Mesken,12.0,2023.0,14.0,13888.888888888889
KAYSERİ,MELİKGAZİ,YILDIRIM BEYAZIT MAHALLESİ,38.7334,35.5307,146.0,1998.0,1.0,3.0,1600000.0,2023-01-02 17:07:00,Apartman/Mesken,7.0,2023.0,25.0,10958.90410958904
KAYSERİ,KOCASİNAN,KAVAKYAZISI MAHALLESİ,38.7363,35.5187,114.0,1989.0,1.0,3.0,850000.0,2023-01-03 10:53:00,Apartman/Mesken,4.0,2023.0,34.0,7456.140350877193
KAYSERİ,BÜNYAN,CUMHURİYET MAHALLESİ,38.855235,35.84502,132.0,2021.0,1.0,2.0,900000.0,2023-01-03 13:08:00,Apartman/Mesken,2.0,2023.0,2.0,6818.181818181818
KAYSERİ,BÜNYAN,CUMHURİYET MAHALLESİ,38.85511,35.84657,153.0,2012.0,1.0,2.0,1050000.0,2023-01-04 11:03:00,Apartman/Mesken,6.0,2023.0,11.0,6862.745098039216
KAYSERİ,TALAS,TALAS MAHALLESİ,38.7123,35.5618,51.0,2019.0,1.0,2.0,755000.0,2023-01-04 09:28:00,Apartman/Mesken,12.0,2023.0,4.0,14803.921568627451
KAYSERİ,MELİKGAZİ,YEŞİLYURT MAHALLESİ,38.7914,35.6157,132.0,,,,990000.0,2023-01-06 16:21:00,Apartman/Mesken,1.0,2023.0,,7500.0
KAYSERİ,KOCASİNAN,ZİYA GÖKALP MAHALLESİ,38.7446,35.4387,100.0,,,,720000.0,2023-01-06 15:36:00,Apartman/Mesken,5.0,2023.0,,7200.0
KAYSERİ,TOMARZA,2.MINTIKA MAHALLESİ,38.4584,35.8091,70.0,2009.0,1.0,3.0,450000.0,2023-01-05 12:37:00,Apartman/Mesken,0.0,2023.0,14.0,6428.571428571428
KAYSERİ,MELİKGAZİ,OSMANLI Mah. MAHALLESİ,38.685445,35.47538,332.0,2014.0,1.0,3.0,1095000.0,2023-01-09 12:43:00,Apartman/Mesken,,2023.0,9.0,3298.1927710843374
KAYSERİ,MELİKGAZİ,GESİ MAHALLESİ,38.7863,35.6133,100.0,2001.0,1.0,3.0,720000.0,2023-01-06 11:42:00,Apartman/Mesken,0.0,2023.0,22.0,7200.0
KAYSERİ,KOCASİNAN,ERKİLET OSMANGAZİ MAHALLESİ,38.7926,35.4612,124.0,,,,980000.0,2023-01-11 12:02:00,Apartman/Mesken,2.0,2023.0,,7903.225806451613
KAYSERİ,KOCASİNAN,SÜMER MAHALLESİ,38.7451,35.4617,106.0,1974.0,1.0,4.0,600000.0,2023-01-12 11:00:00,Apartman/Mesken,2.0,2023.0,49.0,5660.377358490566
KAYSERİ,MELİKGAZİ,BATTALGAZİ MAHALLESİ,38.7035,35.4892,130.0,2021.0,1.0,2.0,1600000.0,2023-01-11 16:17:00,Apartman/Mesken,9.0,2023.0,2.0,12307.692307692309
KAYSERİ,MELİKGAZİ,GÜLTEPE MAHALLESİ,38.7149,35.5044,171.0,2020.0,1.0,2.0,3300000.0,2023-01-11 11:30:00,Apartman/Mesken,8.0,2023.0,3.0,19298.245614035088
KAYSERİ,MELİKGAZİ,ŞİRİNTEPE MAHALLESİ,38.732435,35.581625,131.0,2022.0,1.0,2.0,920000.0,2023-01-12 14:22:00,Apartman/Mesken,0.0,2023.0,1.0,7022.900763358779
KAYSERİ,KOCASİNAN,KÖTÜGÖLLER MAHALLESİ,38.7533,35.4895,197.0,,,,5250000.0,2023-01-16 12:20:00,Apartman/Mesken,0.0,2023.0,,26649.746192893403
KAYSERİ,MELİKGAZİ,YEŞİLYURT MAHALLESİ,38.7929,35.6176,123.0,2022.0,1.0,2.0,1300000.0,2023-01-16 14:11:00,Apartman/Mesken,5.0,2023.0,1.0,10569.105691056911
KAYSERİ,MELİKGAZİ,19 MAYIS MAHALLESİ,38.744655,35.38035,122.0,2017.0,1.0,2.0,1200000.0,2023-01-16 11:29:00,Apartman/Mesken,6.0,2023.0,6.0,9836.065573770491
KAYSERİ,MELİKGAZİ,BAHÇELİEVLER MAHALLESİ,38.7743,35.59,209.0,,,,2100000.0,2023-01-16 09:08:00,Apartman/Mesken,0.0,2023.0,,10047.846889952154
KAYSERİ,DEVELİ,GÜNEYAŞAĞI MAHALLESİ,38.371805,35.47431,103.0,2007.0,1.0,3.0,700000.0,2023-01-17 11:47:00,Apartman/Mesken,0.0,2023.0,16.0,6796.116504854369
KAYSERİ,MELİKGAZİ,GÜLTEPE MAHALLESİ,38.7178,35.5093,295.0,2012.0,1.0,2.0,3300000.0,2023-01-16 13:55:00,Apartman/Mesken,14.0,2023.0,11.0,11186.440677966102
KAYSERİ,TALAS,TALAS MAHALLESİ,38.7107,35.5571,138.0,,,,1720000.0,2023-01-18 10:12:00,Apartman/Mesken,2.0,2023.0,,12463.768115942028
KAYSERİ,KOCASİNAN,KAVAKYAZISI MAHALLESİ,38.7288,35.5067,115.0,,,,620000.0,2023-01-16 15:49:00,Apartman/Mesken,2.0,2023.0,,5391.304347826087
KAYSERİ,KOCASİNAN,BEYAZŞEHİR MAHALLESİ,38.7776,35.576605,112.0,2005.0,1.0,2.0,900000.0,2023-01-18 10:58:00,Apartman/Mesken,4.0,2023.0,18.0,8035.714285714285
KAYSERİ,PINARBAŞI,HÜRRİYET MAHALLESİ,38.72457,36.37447,100.0,2010.0,1.0,2.0,550000.0,2023-01-18 10:41:00,Apartman/Mesken,1.0,2023.0,13.0,5500.0
KAYSERİ,KOCASİNAN,SÜMER MAHALLESİ,38.7459,35.4614,83.0,1981.0,1.0,4.0,495000.0,2023-01-17 17:07:00,Apartman/Mesken,0.0,2023.0,42.0,5963.855421686747
KAYSERİ,KOCASİNAN,PERVANE MAHALLESİ,38.7414,35.5061,153.0,,,,2450000.0,2023-01-20 11:17:00,Apartman/Mesken,11.0,2023.0,,16013.071895424837
KAYSERİ,KOCASİNAN,ERKİLET OSMANGAZİ MAHALLESİ,38.7904,35.4613,164.0,,,,1600000.0,2023-01-20 09:28:00,Apartman/Mesken,4.0,2023.0,,9756.09756097561
KAYSERİ,KOCASİNAN,MİTHATPAŞA MAHALLESİ,38.7522,35.4674,120.0,,,,1470000.0,2023-01-24 11:51:00,Apartman/Mesken,3.0,2023.0,,12250.0
KAYSERİ,MELİKGAZİ,ANBAR MAHALLESİ,38.744865,35.387805,100.0,2012.0,1.0,2.0,1000000.0,2023-01-19 11:04:00,Apartman/Mesken,6.0,2023.0,11.0,10000.0
KAYSERİ,DEVELİ,YENİMAHALLE MAHALLESİ,38.3973,35.4691,92.0,1990.0,1.0,3.0,675000.0,2023-01-19 11:08:00,Apartman/Mesken,1.0,2023.0,33.0,7336.95652173913
KAYSERİ,DEVELİ,REŞADİYE MAHALLESİ,38.3836,35.4854,129.0,2008.0,1.0,2.0,850000.0,2023-01-19 16:01:00,Apartman/Mesken,3.0,2023.0,15.0,6589.147286821705
KAYSERİ,KOCASİNAN,SÜMER MAHALLESİ,38.7376,35.4462,87.0,,,,750000.0,2023-01-22 19:51:00,Apartman/Mesken,2.0,2023.0,,8620.689655172413
KAYSERİ,YEŞİLHİSAR,HACILIMEZARLIĞI Mah. MAHALLESİ,38.302001,35.1536,285.0,,,,1190000.0,2023-01-19 17:26:00,Apartman/Mesken,,2023.0,,4175.438596491228
KAYSERİ,İNCESU,VALİ İHSAN ARAS MAHALLESİ,38.6188,35.1859,143.0,2001.0,1.0,3.0,900000.0,2023-01-19 15:42:00,Apartman/Mesken,0.0,2023.0,22.0,6293.706293706294
KAYSERİ,MELİKGAZİ,YEŞİLYURT MAHALLESİ,38.7942,35.5942,83.0,,,,750000.0,2023-01-23 13:32:00,Apartman/Mesken,1.0,2023.0,,9036.144578313253
KAYSERİ,MELİKGAZİ,GESİ MAHALLESİ,38.7872,35.6203,100.0,1998.0,1.0,3.0,850000.0,2023-01-23 13:11:00,Apartman/Mesken,4.0,2023.0,25.0,8500.0
KAYSERİ,TALAS,TALAS MAHALLESİ,38.7077,35.5623,115.0,,,,900000.0,2023-01-25 15:18:00,Apartman/Mesken,2.0,2023.0,,7826.086956521739
KAYSERİ,KOCASİNAN,PERVANE MAHALLESİ,38.7392,35.4954,158.0,2015.0,1.0,2.0,2000000.0,2023-01-24 15:32:00,Apartman/Mesken,4.0,2023.0,8.0,12658.227848101265
KAYSERİ,TALAS,HARMAN MAHALLESİ,38.6883,35.5464,148.0,,,,1550000.0,2023-01-23 14:26:00,Apartman/Mesken,6.0,2023.0,,10472.972972972973
KAYSERİ,TALAS,TALAS MAHALLESİ,38.7135,35.5602,95.0,,,,1200000.0,2023-01-25 23:49:00,Apartman/Mesken,14.0,2023.0,,12631.578947368422
KAYSERİ,MELİKGAZİ,YILDIRIM BEYAZIT MAHALLESİ,38.7245,35.5428,140.0,,,,1350000.0,2023-01-23 17:02:00,Apartman/Mesken,2.0,2023.0,,9642.857142857143
KAYSERİ,KOCASİNAN,BEYAZŞEHİR MAHALLESİ,38.7797,35.5837,120.0,,,,850000.0,2023-01-24 11:12:00,Apartman/Mesken,6.0,2023.0,,7083.333333333333
KAYSERİ,TALAS,TALAS MAHALLESİ,38.701,35.5735,124.0,,,,1244000.0,2023-01-23 15:18:00,Apartman/Mesken,6.0,2023.0,,10032.258064516129
KAYSERİ,KOCASİNAN,PERVANE MAHALLESİ,38.74091,35.48809,105.0,2013.0,1.0,2.0,730000.0,2023-01-25 09:49:00,Apartman/Mesken,0.0,2023.0,10.0,6952.380952380952
KAYSERİ,DEVELİ,REŞADİYE MAHALLESİ,38.3851,35.4841,139.0,,,,795000.0,2023-01-25 10:42:00,Apartman/Mesken,1.0,2023.0,,5719.424460431655
KAYSERİ,MELİKGAZİ,GESİ  MAHALLESİ,38.7899,35.6198,100.0,,,,820000.0,2023-01-26 12:13:00,Apartman/Mesken,,2023.0,,8200.0
KAYSERİ,MELİKGAZİ,MİMARSİNAN  MAHALLESİ,38.7255,35.5892,125.0,,,,1250000.0,2023-01-26 11:58:00,Apartman/Mesken,,2023.0,,10000.0
KAYSERİ,MELİKGAZİ,DEMOKRASİ MAHALLESİ,38.7693,35.6052,75.0,,,,700000.0,2023-01-30 12:55:00,Apartman/Mesken,4.0,2023.0,,9333.333333333334
KAYSERİ,KOCASİNAN,PERVANE  MAHALLESİ,38.7602,35.4959,147.0,,,,1550000.0,2023-01-25 16:23:00,Apartman/Mesken,,2023.0,,10544.21768707483
KAYSERİ,MELİKGAZİ,GESİ MAHALLESİ,38.7883,35.6229,113.0,,,,1160000.0,2023-01-30 00:32:00,Apartman/Mesken,6.0,2023.0,,10265.486725663717
KAYSERİ,MELİKGAZİ,BAHÇELİEVLER MAHALLESİ,38.7592,35.5902,132.0,,,,840000.0,2023-01-27 14:56:00,Apartman/Mesken,1.0,2023.0,,6363.636363636364
KAYSERİ,MELİKGAZİ,ANBAR MAHALLESİ,38.735054,35.378336,114.0,2002.0,1.0,2.0,900000.0,2023-01-28 12:48:00,Apartman/Mesken,2.0,2023.0,21.0,7894.736842105263
KAYSERİ,KOCASİNAN,YENİDOĞAN MAHALLESİ,38.7474,35.4356,123.0,,,,925000.0,2023-01-30 09:33:00,Apartman/Mesken,2.0,2023.0,,7520.325203252032
KAYSERİ,KOCASİNAN,PERVANE MAHALLESİ,38.7449,35.5029,123.0,,,,1900000.0,2023-01-31 16:49:00,Apartman/Mesken,11.0,2023.0,,15447.154471544716
KAYSERİ,KOCASİNAN,MİTHATPAŞA MAHALLESİ,38.7604,35.4652,120.0,,,,950000.0,2023-01-30 15:57:00,Apartman/Mesken,13.0,2023.0,,7916.666666666667
KAYSERİ,SARIOĞLAN,GÜZELYAZI MAHALLESİ,39.0769,35.9604,118.0,,,,920000.0,2023-01-27 12:12:00,Apartman/Mesken,4.0,2023.0,,7796.610169491525
KAYSERİ,KOCASİNAN,ERKİLET OSMANGAZİ MAHALLESİ,38.789735,35.461385,117.0,,,,1080000.0,2023-01-28 16:31:00,Apartman/Mesken,7.0,2023.0,,9230.76923076923
KAYSERİ,İNCESU,VALİ İHSAN ARAS MAHALLESİ,38.62179,35.18325,106.0,,,,650000.0,2023-01-31 22:28:00,Apartman/Mesken,0.0,2023.0,,6132.075471698113
KAYSERİ,MELİKGAZİ,ANBAR MAHALLESİ,38.7379,35.3817,122.0,,,,1220000.0,2023-01-31 21:33:00,Apartman/Mesken,11.0,2023.0,,10000.0
KAYSERİ,MELİKGAZİ,GESİ MAHALLESİ,38.7894,35.6251,126.0,,,,1400000.0,2023-01-30 10:40:00,Apartman/Mesken,6.0,2023.0,,11111.111111111111
KAYSERİ,KOCASİNAN,PERVANE MAHALLESİ,38.7478,35.4992,130.0,,,,2750000.0,2023-01-30 15:32:00,Apartman/Mesken,12.0,2023.0,,21153.846153846152
KAYSERİ,MELİKGAZİ,OSMAN KAVUNCU MAHALLESİ,38.7339,35.4359,128.0,,,,1620000.0,2023-01-30 09:53:00,Apartman/Mesken,6.0,2023.0,,12656.25
KAYSERİ,MELİKGAZİ,OSMAN KAVUNCU MAHALLESİ,38.7339,35.4359,128.0,,,,1600000.0,2023-01-30 09:52:00,Apartman/Mesken,2.0,2023.0,,12500.0
KAYSERİ,MELİKGAZİ,KANLIYURT MAHALLESİ,38.7314,35.4363,106.0,,,,1100000.0,2023-01-30 12:30:00,Apartman/Mesken,2.0,2023.0,,10377.358490566037
KAYSERİ,KOCASİNAN,YEŞİLMAHALLE MAHALLESİ,38.7589,35.4677,123.0,,,,760000.0,2023-01-30 17:53:00,Apartman/Mesken,2.0,2023.0,,6178.861788617886
KAYSERİ,MELİKGAZİ,BAHÇELİEVLER MAHALLESİ,38.7618,35.5916,83.0,,,,900000.0,2023-01-30 11:03:00,Apartman/Mesken,1.0,2023.0,,10843.373493975903
KAYSERİ,MELİKGAZİ,KEYKUBAT MAHALLESİ,38.7463,35.3959,143.0,,,,1250000.0,2023-01-30 15:09:00,Apartman/Mesken,2.0,2023.0,,8741.258741258742
KAYSERİ,MELİKGAZİ,KEYKUBAT MAHALLESİ,38.7422,35.4132,107.0,,,,780000.0,2023-01-31 12:36:00,Apartman/Mesken,0.0,2023.0,,7289.719626168225
KAYSERİ,TALAS,TALAS MAHALLESİ,38.7125,35.5649,130.0,,,,1400000.0,2023-01-31 11:58:00,Apartman/Mesken,4.0,2023.0,,10769.23076923077
KAYSERİ,MELİKGAZİ,SAKARYA MAHALLESİ,38.7388,35.4057,105.0,,,,1125000.0,2023-02-01 14:01:00,Apartman/Mesken,,2023.0,,10714.285714285714
KAYSERİ,KOCASİNAN,SARAYBOSNA MAHALLESİ,38.7564,35.5105,139.0,,,,1800000.0,2023-01-31 15:24:00,Apartman/Mesken,3.0,2023.0,,12949.640287769784
KAYSERİ,MELİKGAZİ,MİMARSİNAN  MAHALLESİ,38.725455,35.589205,125.0,,,,1250000.0,2023-02-02 10:45:00,Apartman/Mesken,,2023.0,,10000.0
KAYSERİ,YEŞİLHİSAR,HACIBEKTAŞ  MAHALLESİ,38.3604,35.0869,121.0,,,,900000.0,2023-02-01 14:52:00,Apartman/Mesken,,2023.0,,7438.01652892562
KAYSERİ,MELİKGAZİ,GESİ  MAHALLESİ,38.791545,35.595299,124.0,,,,3550000.0,2023-02-01 15:12:00,Apartman/Mesken,,2023.0,,28629.032258064515
KAYSERİ,KOCASİNAN,ERKİLET OSMANGAZİ MAHALLESİ,38.7891,35.4569,140.0,,,,1170000.0,2023-02-06 10:43:00,Apartman/Mesken,5.0,2023.0,,8357.142857142857
KAYSERİ,MELİKGAZİ,DEMOKRASİ MAHALLESİ,38.7675,35.6051,71.0,,,,620000.0,2023-02-06 10:43:00,Apartman/Mesken,0.0,2023.0,,8732.394366197183
KAYSERİ,MELİKGAZİ,BAHÇELİEVLER  MAHALLESİ,38.7707,35.5807,131.0,,,,1150000.0,2023-02-02 14:57:00,Apartman/Mesken,,2023.0,,8778.625954198473
KAYSERİ,KOCASİNAN,PERVANE  MAHALLESİ,38.74164,35.493219,148.0,,,,2400000.0,2023-02-13 11:38:00,Apartman/Mesken,,2023.0,,16216.216216216217
KAYSERİ,MELİKGAZİ,MİMARSİNAN  MAHALLESİ,38.7289,35.5798,118.0,,,,1100000.0,2023-02-03 10:04:00,Apartman/Mesken,,2023.0,,9322.033898305084
KAYSERİ,KOCASİNAN,ZİYA GÖKALP  MAHALLESİ,38.7419,35.4412,95.0,,,,800000.0,2023-02-02 09:26:00,Apartman/Mesken,,2023.0,,8421.052631578947
KAYSERİ,MELİKGAZİ,ALTINOLUK  MAHALLESİ,38.6983,35.4477,114.0,,,,1100000.0,2023-02-03 17:06:00,Apartman/Mesken,,2023.0,,9649.122807017544
KAYSERİ,PINARBAŞI,HÜRRİYET MAHALLESİ,38.7246,36.3749,99.0,,,,650000.0,2023-02-06 09:55:00,Apartman/Mesken,,2023.0,,6565.656565656565
KAYSERİ,KOCASİNAN,ERKİLET MEHMET AKİF ERSOY  MAHALLESİ,38.7981,35.4532,101.0,,,,680000.0,2023-02-06 10:39:00,Apartman/Mesken,,2023.0,,6732.6732673267325
KAYSERİ,TALAS,HARMAN  MAHALLESİ,38.68772,35.543745,167.0,,,,2600000.0,2023-02-07 13:27:00,Apartman/Mesken,,2023.0,,15568.862275449103
KAYSERİ,MELİKGAZİ,YILDIRIM BEYAZIT MAHALLESİ,38.73264,35.538905,118.0,,,,1320000.0,2023-02-09 10:03:00,Apartman/Mesken,,2023.0,,11186.440677966102
KAYSERİ,MELİKGAZİ,DEMOKRASİ MAHALLESİ,38.7707,35.5948,127.0,,,,1200000.0,2023-02-06 11:06:00,Apartman/Mesken,,2023.0,,9448.818897637795
KAYSERİ,MELİKGAZİ,GESİ  MAHALLESİ,38.7902,35.6245,126.0,,,,1200000.0,2023-02-06 11:30:00,Apartman/Mesken,,2023.0,,9523.809523809523
KAYSERİ,MELİKGAZİ,GESİ  MAHALLESİ,38.7886,35.6043,132.0,,,,1230000.0,2023-02-07 13:18:00,Apartman/Mesken,,2023.0,,9318.181818181818
KAYSERİ,KOCASİNAN,ŞEKER  MAHALLESİ,38.7727,35.4117,92.0,,,,1520000.0,2023-02-07 13:03:00,Apartman/Mesken,,2023.0,,16521.739130434784
KAYSERİ,MELİKGAZİ,KEYKUBAT MAHALLESİ,38.744125,35.39774,103.0,,,,700000.0,2023-02-10 16:52:00,Apartman/Mesken,1.0,2023.0,,6796.116504854369
KAYSERİ,MELİKGAZİ,GESİ  MAHALLESİ,38.789465,35.617405,100.0,,,,900000.0,2023-02-13 12:11:00,Apartman/Mesken,,2023.0,,9000.0
KAYSERİ,MELİKGAZİ,ŞİRİNTEPE MAHALLESİ,38.74517,35.578005,132.0,,,,1150000.0,2023-02-13 09:59:00,Apartman/Mesken,,2023.0,,8712.121212121212
KAYSERİ,MELİKGAZİ,GESİ MAHALLESİ,38.7882,35.5911,84.0,,,,770000.0,2023-02-10 11:53:00,Apartman/Mesken,0.0,2023.0,,9166.666666666666
KAYSERİ,KOCASİNAN,ŞEKER MAHALLESİ,38.7726,35.4143,69.0,,,,1050000.0,2023-02-13 00:22:00,Apartman/Mesken,1.0,2023.0,,15217.391304347826
KAYSERİ,KOCASİNAN,KÖTÜGÖLLER MAHALLESİ,38.7614,35.4929,124.0,,,,1500000.0,2023-02-13 11:42:00,Apartman/Mesken,10.0,2023.0,,12096.774193548386
KAYSERİ,TALAS,TALAS MAHALLESİ,38.7156,35.563001,80.0,,,,1150000.0,2023-02-14 10:16:00,Apartman/Mesken,13.0,2023.0,,14375.0
KAYSERİ,KOCASİNAN,YILDIZEVLER MAHALLESİ,38.742,35.5387,155.0,,,,2200000.0,2023-02-13 15:27:00,Apartman/Mesken,6.0,2023.0,,14193.548387096775
KAYSERİ,MELİKGAZİ,YILDIRIM BEYAZIT  MAHALLESİ,38.729086,35.537022,131.0,,,,1550000.0,2023-02-13 14:22:00,Apartman/Mesken,,2023.0,,11832.06106870229
KAYSERİ,KOCASİNAN,PERVANE  MAHALLESİ,38.7346,35.4855,101.0,,,,600000.0,2023-02-15 12:08:00,Apartman/Mesken,,2023.0,,5940.59405940594
KAYSERİ,MELİKGAZİ,DANİŞMEND GAZİ MAHALLESİ,38.6789,35.4773,404.0,,,,1535000.0,2023-02-15 14:21:00,Apartman/Mesken,,2023.0,,3799.5049504950493
KAYSERİ,KOCASİNAN,PERVANE  MAHALLESİ,38.7483,35.5027,165.0,,,,2370000.0,2023-02-16 12:36:00,Apartman/Mesken,,2023.0,,14363.636363636364
KAYSERİ,MELİKGAZİ,YEŞİLYURT MAHALLESİ,38.7922,35.6223,91.0,,,,930000.0,2023-02-16 09:22:00,Apartman/Mesken,14.0,2023.0,,10219.78021978022
KAYSERİ,MELİKGAZİ,KONAKLAR MAHALLESİ,38.7388,35.5714,131.0,,,,1180000.0,2023-02-16 12:11:00,Apartman/Mesken,,2023.0,,9007.63358778626
KAYSERİ,MELİKGAZİ,YEŞİLYURT  MAHALLESİ,38.7916,35.6188,122.0,,,,1450000.0,2023-02-18 16:20:00,Apartman/Mesken,,2023.0,,11885.245901639344
KAYSERİ,KOCASİNAN,KÖTÜGÖLLER  MAHALLESİ,38.7579,35.4869,131.0,,,,1400000.0,2023-02-16 16:51:00,Apartman/Mesken,,2023.0,,10687.022900763359
KAYSERİ,MELİKGAZİ,ESENTEPE  MAHALLESİ,38.7298,35.4201,112.0,,,,1700000.0,2023-02-17 09:39:00,Apartman/Mesken,,2023.0,,15178.57142857143
KAYSERİ,MELİKGAZİ,DEMİRCİYAZISI MAHALLESİ,38.7089,35.4466,124.0,,,,1300000.0,2023-02-18 21:04:00,Apartman/Mesken,6.0,2023.0,,10483.870967741936
KAYSERİ,MELİKGAZİ,ŞİRİNTEPE MAHALLESİ,38.7409,35.5741,95.0,,,,750000.0,2023-02-16 15:24:00,Apartman/Mesken,,2023.0,,7894.736842105263
KAYSERİ,MELİKGAZİ,MİMARSİNAN  MAHALLESİ,38.7405,35.5765,95.0,,,,740000.0,2023-02-16 14:07:00,Apartman/Mesken,,2023.0,,7789.473684210527
KAYSERİ,MELİKGAZİ,BATTALGAZİ MAHALLESİ,38.7008,35.4801,85.0,,,,1620000.0,2023-02-17 12:49:00,Apartman/Mesken,,2023.0,,19058.823529411766
KAYSERİ,MELİKGAZİ,GESİ  MAHALLESİ,38.782,35.6134,209.0,,,,4260000.0,2023-02-17 16:07:00,Apartman/Mesken,,2023.0,,20382.775119617225
KAYSERİ,KOCASİNAN,SÜMER  MAHALLESİ,38.7464,35.4827,133.0,,,,750000.0,2023-02-20 14:48:00,Apartman/Mesken,,2023.0,,5639.097744360903
KAYSERİ,MELİKGAZİ,YEŞİLYURT  MAHALLESİ,38.7941,35.6182,133.0,,,,1300000.0,2023-02-21 15:51:00,Apartman/Mesken,,2023.0,,9774.436090225563
KAYSERİ,MELİKGAZİ,MİMARSİNAN  MAHALLESİ,38.7369,35.5786,121.0,,,,1100000.0,2023-02-22 10:56:00,Apartman/Mesken,,2023.0,,9090.90909090909
KAYSERİ,MELİKGAZİ,GESİ MAHALLESİ,38.7882,35.6033,127.0,,,,980000.0,2023-02-23 10:42:00,Apartman/Mesken,0.0,2023.0,,7716.535433070866
KAYSERİ,MELİKGAZİ,BAHÇELİEVLER  MAHALLESİ,38.7666,35.5851,131.0,,,,1150000.0,2023-02-22 09:13:00,Apartman/Mesken,,2023.0,,8778.625954198473
KAYSERİ,KOCASİNAN,KÖTÜGÖLLER  MAHALLESİ,38.757785,35.490975,121.0,,,,1300000.0,2023-02-22 12:24:00,Apartman/Mesken,,2023.0,,10743.801652892562
KAYSERİ,KOCASİNAN,ŞEKER MAHALLESİ,38.7723,35.4087,68.0,,,,1050000.0,2023-02-24 09:36:00,Apartman/Mesken,8.0,2023.0,,15441.176470588236
KAYSERİ,KOCASİNAN,SÜMER MAHALLESİ,38.7455,35.4664,78.0,,,,510000.0,2023-02-24 09:36:00,Apartman/Mesken,0.0,2023.0,,6538.461538461538
KAYSERİ,TALAS,TALAS MAHALLESİ,38.7085,35.5521,125.0,,,,1200000.0,2023-02-24 09:36:00,Apartman/Mesken,12.0,2023.0,,9600.0
KAYSERİ,MELİKGAZİ,ERENKÖY  MAHALLESİ,38.6936,35.5189,450.0,,,,14400000.0,2023-02-24 14:28:00,Apartman/Mesken,,2023.0,,32000.0
KAYSERİ,KOCASİNAN,YENİDOĞAN  MAHALLESİ,38.747905,35.43856,100.0,,,,650000.0,2023-02-23 14:27:00,Apartman/Mesken,,2023.0,,6500.0
KAYSERİ,MELİKGAZİ,KONAKLAR MAHALLESİ,38.752075,35.56107,127.0,,,,1050000.0,2023-02-22 17:27:00,Apartman/Mesken,,2023.0,,8267.71653543307
KAYSERİ,TALAS,TALAS MAHALLESİ,38.707325,35.550585,116.0,,,,1500000.0,2023-02-24 23:01:00,Apartman/Mesken,5.0,2023.0,,12931.034482758621
KAYSERİ,KOCASİNAN,ERTUĞRUL GAZİ MAHALLESİ,38.7944,35.4499,131.0,,,,1470000.0,2023-02-24 23:01:00,Apartman/Mesken,3.0,2023.0,,11221.374045801527
KAYSERİ,MELİKGAZİ,ŞİRİNTEPE MAHALLESİ,38.7372,35.5765,97.0,,,,750000.0,2023-02-23 14:21:00,Apartman/Mesken,,2023.0,,7731.958762886598
KAYSERİ,KOCASİNAN,SÜMER MAHALLESİ,38.744655,35.463195,110.0,,,,1425000.0,2023-02-27 18:03:00,Apartman/Mesken,0.0,2023.0,,12954.545454545454
KAYSERİ,MELİKGAZİ,GÜLTEPE MAHALLESİ,38.7191,35.5048,141.0,,,,1835000.0,2023-02-27 11:36:00,Apartman/Mesken,,2023.0,,13014.18439716312
KAYSERİ,TALAS,TALAS  MAHALLESİ,38.7173,35.5572,140.0,,,,1400000.0,2023-02-27 12:03:00,Apartman/Mesken,,2023.0,,10000.0
KAYSERİ,KOCASİNAN,KAVAKYAZISI MAHALLESİ,38.7363,35.5112,70.0,,,,350000.0,2023-02-28 18:02:00,Apartman/Mesken,-1.0,2023.0,,5000.0
KAYSERİ,MELİKGAZİ,KEYKUBAT MAHALLESİ,38.741535,35.386115,105.0,,,,750000.0,2023-02-28 18:02:00,Apartman/Mesken,5.0,2023.0,,7142.857142857143
KAYSERİ,TALAS,TALAS  MAHALLESİ,38.7042,35.5548,146.0,,,,2000000.0,2023-02-24 15:49:00,Apartman/Mesken,,2023.0,,13698.630136986301
KAYSERİ,MELİKGAZİ,GESİ  MAHALLESİ,38.788805,35.60428,133.0,,,,1300000.0,2023-02-27 11:57:00,Apartman/Mesken,,2023.0,,9774.436090225563
KAYSERİ,YEŞİLHİSAR,HACIBEKTAŞ  MAHALLESİ,38.35648,35.08647,217.0,,,,2135000.0,2023-02-28 10:16:00,Apartman/Mesken,,2023.0,,9838.709677419354
KAYSERİ,MELİKGAZİ,ESENTEPE  MAHALLESİ,38.7321,35.4233,225.0,,,,1500000.0,2023-02-28 18:43:00,Apartman/Mesken,,2023.0,,6666.666666666667
KAYSERİ,HACILAR,YEDİAĞAÇ MAHALLESİ,38.6432,35.4321,106.0,,,,2250000.0,2023-03-01 14:25:00,Apartman/Mesken,,2023.0,,21226.415094339623
KAYSERİ,KOCASİNAN,ERTUĞRUL GAZİ MAHALLESİ,38.7851,35.4476,142.0,,,,1550000.0,2023-03-01 21:42:00,Apartman/Mesken,4.0,2023.0,,10915.492957746479
KAYSERİ,KOCASİNAN,ERKİLET OSMANGAZİ  MAHALLESİ,38.7962,35.4579,127.0,,,,1250000.0,2023-03-02 10:55:00,Apartman/Mesken,,2023.0,,9842.51968503937
KAYSERİ,MELİKGAZİ,YEŞİLYURT MAHALLESİ,38.7944,35.5918,126.0,,,,1260000.0,2023-02-28 15:35:00,Apartman/Mesken,,2023.0,,10000.0
KAYSERİ,İNCESU,VALİ İHSAN ARAS MAHALLESİ,38.621555,35.1829,105.0,,,,700000.0,2023-03-02 10:48:00,Apartman/Mesken,,2023.0,,6666.666666666667
KAYSERİ,KOCASİNAN,SÜMER  MAHALLESİ,38.7414,35.4633,114.0,,,,1200000.0,2023-02-28 16:42:00,Apartman/Mesken,,2023.0,,10526.315789473685
KAYSERİ,TALAS,TALAS  MAHALLESİ,38.7026,35.5538,130.0,,,,1360000.0,2023-03-01 10:13:00,Apartman/Mesken,,2023.0,,10461.538461538461
KAYSERİ,KOCASİNAN,ERKİLET OSMAN GAZİ MAHALLESİ,38.786445,35.45651,115.0,,,,1100000.0,2023-03-01 17:24:00,Apartman/Mesken,,2023.0,,9565.217391304348
KAYSERİ,İNCESU,VALİ İHSAN ARAS MAHALLESİ,38.6311,35.1891,136.0,,,,1920000.0,2023-03-02 17:37:00,Apartman/Mesken,,2023.0,,14117.64705882353
KAYSERİ,MELİKGAZİ,KONAKLAR MAHALLESİ,38.747105,35.55948,145.0,,,,1150000.0,2023-03-03 16:50:00,Apartman/Mesken,3.0,2023.0,,7931.0344827586205
KAYSERİ,KOCASİNAN,PERVANE  MAHALLESİ,38.7445,35.4984,152.0,,,,5840000.0,2023-03-02 10:11:00,Apartman/Mesken,,2023.0,,38421.05263157895
KAYSERİ,MELİKGAZİ,GÜLÜK MAHALLESİ,38.7191,35.4766,122.0,,,,1380000.0,2023-03-06 10:04:00,Apartman/Mesken,14.0,2023.0,,11311.475409836066
KAYSERİ,KOCASİNAN,KARPUZATAN MAHALLESİ,38.7521,35.4541,122.0,,,,1460000.0,2023-03-06 10:04:00,Apartman/Mesken,4.0,2023.0,,11967.213114754099
KAYSERİ,MELİKGAZİ,YAZIBAĞLARI MAHALLESİ,38.7331,35.3975,150.0,,,,1320000.0,2023-03-03 15:45:00,Apartman/Mesken,5.0,2023.0,,8800.0
KAYSERİ,MELİKGAZİ,KEYKUBAT MAHALLESİ,38.7407,35.3929,100.0,,,,800000.0,2023-03-03 17:20:00,Apartman/Mesken,8.0,2023.0,,8000.0
KAYSERİ,DEVELİ,GÜNEYAŞAĞI  MAHALLESİ,38.3723,35.4753,116.0,,,,1000000.0,2023-03-03 10:01:00,Apartman/Mesken,,2023.0,,8620.689655172413
KAYSERİ,MELİKGAZİ,YEŞİLYURT MAHALLESİ,38.7922,35.6223,86.0,,,,1040000.0,2023-03-06 18:09:00,Apartman/Mesken,12.0,2023.0,,12093.023255813954
KAYSERİ,MELİKGAZİ,ANBAR MAHALLESİ,38.7339,35.3841,130.0,,,,1550000.0,2023-03-05 11:38:00,Apartman/Mesken,6.0,2023.0,,11923.076923076924
KAYSERİ,MELİKGAZİ,ANBAR MAHALLESİ,38.7339,35.3841,130.0,,,,1500000.0,2023-03-05 11:37:00,Apartman/Mesken,6.0,2023.0,,11538.461538461539
KAYSERİ,MELİKGAZİ,DEMİRCİYAZISI MAHALLESİ,38.7057,35.4499,173.0,,,,1800000.0,2023-03-07 10:19:00,Apartman/Mesken,1.0,2023.0,,10404.624277456647
KAYSERİ,MELİKGAZİ,FATİH MAHALLESİ,38.7372,35.5912,133.0,,,,1200000.0,2023-03-07 09:37:00,Apartman/Mesken,6.0,2023.0,,9022.556390977443
KAYSERİ,HACILAR,BEĞENDİK MAHALLESİ,38.6282,35.4209,114.0,,,,2400000.0,2023-03-07 09:04:00,Apartman/Mesken,1.0,2023.0,,21052.63157894737
KAYSERİ,KOCASİNAN,SÜMER MAHALLESİ,38.7348,35.4497,126.0,,,,1300000.0,2023-03-10 16:53:00,Apartman/Mesken,2.0,2023.0,,10317.460317460318
KAYSERİ,MELİKGAZİ,GESİ MAHALLESİ,38.7856,35.6044,127.0,,,,1100000.0,2023-03-08 18:25:00,Apartman/Mesken,1.0,2023.0,,8661.417322834646
KAYSERİ,MELİKGAZİ,DEMOKRASİ MAHALLESİ,38.76937,35.60547,73.0,,,,700000.0,2023-03-08 18:25:00,Apartman/Mesken,5.0,2023.0,,9589.04109589041
KAYSERİ,HACILAR,AKYAZI Mah. MAHALLESİ,38.6552,35.4544,168.0,,,,595000.0,2023-03-13 11:37:00,Apartman/Mesken,,2023.0,,3541.6666666666665
KAYSERİ,MELİKGAZİ,FATİH MAHALLESİ,38.7261,35.5911,113.0,,,,1400000.0,2023-03-10 10:15:00,Apartman/Mesken,2.0,2023.0,,12389.38053097345
KAYSERİ,MELİKGAZİ,KONAKLAR MAHALLESİ,38.7393,35.5456,131.0,,,,1600000.0,2023-03-13 12:17:00,Apartman/Mesken,4.0,2023.0,,12213.740458015267
KAYSERİ,MELİKGAZİ,GESİ MAHALLESİ,38.78921,35.60504,75.0,,,,900000.0,2023-03-10 22:31:00,Apartman/Mesken,2.0,2023.0,,12000.0
KAYSERİ,KOCASİNAN,ŞEKER MAHALLESİ,38.772,35.4159,70.0,,,,1050000.0,2023-03-13 17:05:00,Apartman/Mesken,8.0,2023.0,,15000.0
KAYSERİ,PINARBAŞI,HÜRRİYET MAHALLESİ,38.72295,36.37468,75.0,,,,500000.0,2023-03-13 12:47:00,Apartman/Mesken,0.0,2023.0,,6666.666666666667
KAYSERİ,MELİKGAZİ,MİMARSİNAN MAHALLESİ,38.77124,35.60668,70.0,,,,750000.0,2023-03-16 10:33:00,Apartman/Mesken,4.0,2023.0,,10714.285714285714
KAYSERİ,MELİKGAZİ,KEYKUBAT MAHALLESİ,38.7429,35.4117,100.0,,,,1450000.0,2023-03-15 12:00:00,Apartman/Mesken,6.0,2023.0,,14500.0
KAYSERİ,TALAS,HARMAN MAHALLESİ,38.689501,35.542701,149.0,,,,2300000.0,2023-03-16 11:16:00,Apartman/Mesken,2.0,2023.0,,15436.241610738254
KAYSERİ,KOCASİNAN,ERTUĞRUL GAZİ MAHALLESİ,38.7851,35.4476,142.0,,,,1550000.0,2023-03-15 23:02:00,Apartman/Mesken,6.0,2023.0,,10915.492957746479
KAYSERİ,TOMARZA,2.MINTIKA MAHALLESİ,38.458614,35.80662,70.0,,,,600000.0,2023-03-20 14:00:00,Apartman/Mesken,2.0,2023.0,,8571.42857142857
KAYSERİ,MELİKGAZİ,GESİ MAHALLESİ,38.78786,35.59302,130.0,2014.0,1.0,2.0,1225000.0,2023-03-16 10:19:00,Apartman/Mesken,4.0,2023.0,9.0,9423.076923076924
KAYSERİ,MELİKGAZİ,ŞİRİNTEPE MAHALLESİ,38.7329,35.5794,145.0,,,,1350000.0,2023-03-17 09:40:00,Apartman/Mesken,4.0,2023.0,,9310.344827586207
KAYSERİ,MELİKGAZİ,KANLIYURT MAHALLESİ,38.7355,35.4178,125.0,,,,1050000.0,2023-03-17 09:07:00,Apartman/Mesken,3.0,2023.0,,8400.0
KAYSERİ,MELİKGAZİ,ANBAR MAHALLESİ,38.7339,35.3791,122.0,,,,1405000.0,2023-03-15 17:32:00,Apartman/Mesken,9.0,2023.0,,11516.393442622952
KAYSERİ,MELİKGAZİ,BAHÇELİEVLER MAHALLESİ,38.760535,35.59114,120.0,,,,800000.0,2023-03-17 09:35:00,Apartman/Mesken,8.0,2023.0,,6666.666666666667
KAYSERİ,KOCASİNAN,PERVANE MAHALLESİ,38.747201,35.496901,131.0,2018.0,1.0,2.0,1725000.0,2023-03-17 11:39:00,Apartman/Mesken,2.0,2023.0,5.0,13167.93893129771
KAYSERİ,MELİKGAZİ,FATİH MAHALLESİ,38.75729,35.58931,120.0,,,,1200000.0,2023-03-20 13:02:00,Apartman/Mesken,1.0,2023.0,,10000.0
KAYSERİ,MELİKGAZİ,DEMOKRASİ MAHALLESİ,38.767075,35.60037,110.0,,,,900000.0,2023-03-20 13:01:00,Apartman/Mesken,0.0,2023.0,,8181.818181818182
KAYSERİ,MELİKGAZİ,KEYKUBAT MAHALLESİ,38.7423,35.4148,132.0,,,,750000.0,2023-03-22 11:35:00,Apartman/Mesken,2.0,2023.0,,5681.818181818182
KAYSERİ,KOCASİNAN,ERKİLET OSMANGAZİ MAHALLESİ,38.7916,35.4586,125.0,,,,1290000.0,2023-03-17 10:25:00,Apartman/Mesken,3.0,2023.0,,10320.0
KAYSERİ,MELİKGAZİ,YAZIBAĞLARI MAHALLESİ,38.7366,35.39825,110.0,,,,880000.0,2023-03-21 15:31:00,Apartman/Mesken,1.0,2023.0,,8000.0
KAYSERİ,TALAS,TALAS MAHALLESİ,38.703301,35.550301,137.0,2010.0,1.0,2.0,1500000.0,2023-03-20 18:15:00,Apartman/Mesken,10.0,2023.0,13.0,10948.905109489051
KAYSERİ,MELİKGAZİ,YILDIRIM BEYAZIT MAHALLESİ,38.727501,35.538561,57.0,2020.0,1.0,2.0,950000.0,2023-03-20 18:15:00,Apartman/Mesken,0.0,2023.0,3.0,16666.666666666668
KAYSERİ,MELİKGAZİ,BECEN Mah. MAHALLESİ,38.6702,35.4929,120.0,,,,9800000.0,2023-03-21 12:08:00,Apartman/Mesken,,2023.0,,81666.66666666667
KAYSERİ,MELİKGAZİ,HİSARCIK-BAHÇELİEVLER MAHALLESİ,38.6416,35.5161,170.0,,,,21000000.0,2023-03-17 16:05:00,Apartman/Mesken,0.0,2023.0,,123529.41176470589
KAYSERİ,KOCASİNAN,ESENTEPE Mah. MAHALLESİ,38.7607,35.5222,168.0,,,,690000.0,2023-03-21 13:59:00,Apartman/Mesken,,2023.0,,4107.142857142857
KAYSERİ,TALAS,HARMAN MAHALLESİ,38.6921,35.5476,131.0,,,,1575000.0,2023-03-21 09:05:00,Apartman/Mesken,6.0,2023.0,,12022.900763358779
KAYSERİ,MELİKGAZİ,MİMARSİNAN Mah. MAHALLESİ,38.7167,35.5999,786.0,,,,7970000.0,2023-03-20 11:42:00,Apartman/Mesken,,2023.0,,10139.949109414758
KAYSERİ,KOCASİNAN,ERKİLET 100.YIL M MAHALLESİ,38.8145,35.4559,221.0,,,,1710000.0,2023-03-22 09:10:00,Apartman/Mesken,,2023.0,,7737.556561085973
KAYSERİ,MELİKGAZİ,BAHÇELİEVLER MAHALLESİ,38.7662,35.5855,130.0,,,,1535000.0,2023-03-23 15:17:00,Apartman/Mesken,2.0,2023.0,,11807.692307692309
KAYSERİ,KOCASİNAN,PERVANE MAHALLESİ,38.7431,35.5047,156.0,,,,2600000.0,2023-03-24 14:09:00,Apartman/Mesken,11.0,2023.0,,16666.666666666668
KAYSERİ,YAHYALI,100.YIL MAHALLESİ,38.114155,35.368805,75.0,,,,750000.0,2023-03-22 16:06:00,Apartman/Mesken,2.0,2023.0,,10000.0
KAYSERİ,MELİKGAZİ,KAZIM KARABEKİR MAHALLESİ,38.722,35.4505,126.0,,,,1500000.0,2023-03-23 09:35:00,Apartman/Mesken,5.0,2023.0,,11904.761904761905
KAYSERİ,MELİKGAZİ,MAHRUMLAR MAHALLESİ,38.7119,35.4434,121.0,,,,1000000.0,2023-03-23 11:16:00,Apartman/Mesken,1.0,2023.0,,8264.462809917355
KAYSERİ,KOCASİNAN,YENİDOĞAN MAHALLESİ,38.751675,35.439555,133.0,,,,1200000.0,2023-03-24 09:53:00,Apartman/Mesken,10.0,2023.0,,9022.556390977443
KAYSERİ,KOCASİNAN,KAVAKYAZISI MAHALLESİ,38.730301,35.508901,105.0,1982.0,1.0,2.0,650000.0,2023-03-24 09:53:00,Apartman/Mesken,1.0,2023.0,41.0,6190.476190476191
KAYSERİ,KOCASİNAN,PERVANE MAHALLESİ,38.737201,35.490901,103.0,,,,550000.0,2023-03-22 16:31:00,Apartman/Mesken,2.0,2023.0,,5339.805825242718
KAYSERİ,MELİKGAZİ,GESİ MAHALLESİ,38.784173,35.61203,142.0,2022.0,1.0,2.0,1240000.0,2023-03-28 11:07:00,Apartman/Mesken,0.0,2023.0,1.0,8732.394366197183
KAYSERİ,TALAS,HARMAN MAHALLESİ,38.6921,35.5484,70.0,,,,1400000.0,2023-03-24 15:56:00,Apartman/Mesken,3.0,2023.0,,20000.0
KAYSERİ,MELİKGAZİ,KANLIYURT MAHALLESİ,38.7304,35.4321,125.0,,,,1020000.0,2023-03-27 09:14:00,Apartman/Mesken,1.0,2023.0,,8160.0
KAYSERİ,MELİKGAZİ,DEMOKRASİ MAHALLESİ,38.760801,35.596101,137.0,,,,1300000.0,2023-03-24 10:28:00,Apartman/Mesken,9.0,2023.0,,9489.05109489051
KAYSERİ,TALAS,TALAS MAHALLESİ,38.713301,35.562901,138.0,2012.0,1.0,2.0,1600000.0,2023-03-28 09:34:00,Apartman/Mesken,11.0,2023.0,11.0,11594.202898550724
KAYSERİ,MELİKGAZİ,BAHÇELİEVLER MAHALLESİ,38.761395,35.57307,115.0,,,,1100000.0,2023-03-27 10:27:00,Apartman/Mesken,2.0,2023.0,,9565.217391304348
KAYSERİ,MELİKGAZİ,ŞİRİNTEPE MAHALLESİ,38.741024,35.5801,120.0,,,,1200000.0,2023-03-27 14:21:00,Apartman/Mesken,3.0,2023.0,,10000.0
KAYSERİ,MELİKGAZİ,ŞİRİNTEPE MAHALLESİ,38.741024,35.5801,120.0,,,,1200000.0,2023-03-27 12:51:00,Apartman/Mesken,3.0,2023.0,,10000.0
KAYSERİ,KOCASİNAN,ERKİLET OSMANGAZİ MAHALLESİ,38.7964,35.4589,126.0,,,,1140000.0,2023-03-28 11:09:00,Apartman/Mesken,6.0,2023.0,,9047.619047619048
KAYSERİ,TALAS,TALAS MAHALLESİ,38.7084,35.5698,116.0,,,,1150000.0,2023-03-28 14:00:00,Apartman/Mesken,2.0,2023.0,,9913.793103448275
KAYSERİ,MELİKGAZİ,KANLIYURT MAHALLESİ,38.729565,35.446155,165.0,,,,1250000.0,2023-03-29 10:23:00,Apartman/Mesken,4.0,2023.0,,7575.757575757576
KAYSERİ,PINARBAŞI,HÜRRİYET MAHALLESİ,38.7239,36.3743,72.0,,,,570000.0,2023-03-29 13:58:00,Apartman/Mesken,1.0,2023.0,,7916.666666666667
KAYSERİ,KOCASİNAN,ERKİLET OSMANGAZİ MAHALLESİ,38.788401,35.459201,133.0,2021.0,1.0,2.0,1630000.0,2023-03-30 21:50:00,Apartman/Mesken,1.0,2023.0,2.0,12255.63909774436
KAYSERİ,TALAS,KİÇİKÖY MAHALLESİ,38.697266,35.541353,208.0,,,,2250000.0,2023-03-30 21:50:00,Apartman/Mesken,4.0,2023.0,,10817.307692307691
KAYSERİ,KOCASİNAN,ERTUĞRUL GAZİ MAHALLESİ,38.788865,35.452315,112.0,,,,1300000.0,2023-03-30 14:35:00,Apartman/Mesken,1.0,2023.0,,11607.142857142857
KAYSERİ,TALAS,TALAS MAHALLESİ,38.7156,35.563,85.0,,,,1200000.0,2023-03-30 09:42:00,Apartman/Mesken,13.0,2023.0,,14117.64705882353
KAYSERİ,KOCASİNAN,HACI KILINÇ MAHALLESİ,38.731101,35.485401,89.0,1999.0,1.0,2.0,725000.0,2023-04-01 23:01:00,Apartman/Mesken,2.0,2023.0,24.0,8146.067415730337
KAYSERİ,MELİKGAZİ,KONAKLAR MAHALLESİ,38.741001,35.565601,127.0,2010.0,1.0,2.0,1000000.0,2023-04-01 23:01:00,Apartman/Mesken,7.0,2023.0,13.0,7874.0157480314965
KAYSERİ,MELİKGAZİ,GESİ MAHALLESİ,38.7893,35.5893,82.0,,,,750000.0,2023-03-29 15:53:00,Apartman/Mesken,1.0,2023.0,,9146.341463414634
KAYSERİ,MELİKGAZİ,GESİ MAHALLESİ,38.793726,35.591588,82.0,,,,680000.0,2023-03-30 15:31:00,Apartman/Mesken,4.0,2023.0,,8292.682926829268
KAYSERİ,KOCASİNAN,BEYAZŞEHİR MAHALLESİ,38.7842,35.5863,133.0,,,,1350000.0,2023-03-30 13:11:00,Apartman/Mesken,7.0,2023.0,,10150.375939849624
KAYSERİ,KOCASİNAN,SÜMER MAHALLESİ,38.7454,35.4525,92.0,,,,750000.0,2023-04-03 12:18:00,Apartman/Mesken,0.0,2023.0,,8152.173913043478
KAYSERİ,MELİKGAZİ,KANLIYURT MAHALLESİ,38.7319,35.4378,91.0,,,,730000.0,2023-03-30 15:55:00,Apartman/Mesken,3.0,2023.0,,8021.978021978022
KAYSERİ,MELİKGAZİ,GESİ MAHALLESİ,38.7889,35.6156,100.0,,,,930000.0,2023-03-31 10:31:00,Apartman/Mesken,6.0,2023.0,,9300.0
KAYSERİ,KOCASİNAN,ERKİLET GENERALEMİR MAHALLESİ,38.80597,35.45539,73.0,,,,880000.0,2023-04-03 15:49:00,Apartman/Mesken,2.0,2023.0,,12054.794520547945
KAYSERİ,MELİKGAZİ,KAZIM KARABEKİR MAHALLESİ,38.725901,35.441801,127.0,2013.0,1.0,2.0,2870000.0,2023-03-31 16:51:00,Apartman/Mesken,4.0,2023.0,10.0,22598.425196850392
KAYSERİ,TALAS,HARMAN MAHALLESİ,38.691401,35.549201,98.0,1980.0,1.0,3.0,950000.0,2023-04-04 22:12:00,Apartman/Mesken,3.0,2023.0,43.0,9693.877551020409
KAYSERİ,MELİKGAZİ,ESENTEPE MAHALLESİ,38.7264,35.4407,122.0,,,,1400000.0,2023-04-03 11:41:00,Apartman/Mesken,2.0,2023.0,,11475.409836065573
KAYSERİ,MELİKGAZİ,GESİ MAHALLESİ,38.7858,35.6099,103.0,,,,960000.0,2023-04-03 13:26:00,Apartman/Mesken,6.0,2023.0,,9320.388349514564
KAYSERİ,MELİKGAZİ,BAHÇELİEVLER MAHALLESİ,38.7745,35.5789,111.0,,,,1000000.0,2023-04-03 15:13:00,Apartman/Mesken,0.0,2023.0,,9009.009009009009
KAYSERİ,YEŞİLHİSAR,HACIBEKTAŞ Mah. MAHALLESİ,38.36584,35.085715,175.0,,,,575000.0,2023-03-31 17:21:00,Apartman/Mesken,,2023.0,,3285.714285714286
KAYSERİ,KOCASİNAN,ŞEKER MAHALLESİ,38.769001,35.415901,132.0,2019.0,1.0,2.0,1700000.0,2023-04-05 23:36:00,Apartman/Mesken,7.0,2023.0,4.0,12878.787878787878
KAYSERİ,MELİKGAZİ,GESİ/BAHÇELİ Mah. MAHALLESİ,38.7836,35.6523,285.0,,,,800000.0,2023-04-06 11:11:00,Apartman/Mesken,,2023.0,,2807.0175438596493
KAYSERİ,İNCESU,BAHÇESARAY MAHALLESİ,38.637871,35.198311,72.0,,,,570000.0,2023-04-05 09:03:00,Apartman/Mesken,0.0,2023.0,,7916.666666666667
KAYSERİ,TALAS,TALAS MAHALLESİ,38.710301,35.567001,134.0,2014.0,1.0,2.0,1700000.0,2023-04-05 23:36:00,Apartman/Mesken,12.0,2023.0,9.0,12686.567164179105
KAYSERİ,TALAS,HARMAN MAHALLESİ,38.6813,35.5398,418.0,,,,12540000.0,2023-04-06 16:35:00,Apartman/Mesken,1.0,2023.0,,30000.0
KAYSERİ,MELİKGAZİ,YAZIBAĞLARI MAHALLESİ,38.7349,35.4003,109.0,,,,950000.0,2023-04-03 17:07:00,Apartman/Mesken,1.0,2023.0,,8715.59633027523
KAYSERİ,KOCASİNAN,KAVAKYAZISI MAHALLESİ,38.73396,35.522025,135.0,,,,1350000.0,2023-04-05 15:15:00,Apartman/Mesken,3.0,2023.0,,10000.0
KAYSERİ,MELİKGAZİ,KÖŞKDAĞI MAHALLESİ,38.7162,35.5145,190.0,,,,6900000.0,2023-04-06 09:40:00,Apartman/Mesken,8.0,2023.0,,36315.78947368421
KAYSERİ,MELİKGAZİ,YILDIRIM BEYAZIT MAHALLESİ,38.7249,35.5374,145.0,,,,1820000.0,2023-04-06 09:41:00,Apartman/Mesken,3.0,2023.0,,12551.724137931034
KAYSERİ,MELİKGAZİ,ŞİRİNTEPE MAHALLESİ,38.749101,35.574201,124.0,2018.0,1.0,2.0,1200000.0,2023-04-11 09:37:00,Apartman/Mesken,1.0,2023.0,5.0,9677.41935483871
KAYSERİ,KOCASİNAN,ZİYA GÖKALP MAHALLESİ,38.7479,35.4461,110.0,,,,715000.0,2023-04-06 17:06:00,Apartman/Mesken,0.0,2023.0,,6500.0
KAYSERİ,MELİKGAZİ,YEŞİLYURT MAHALLESİ,38.8061,35.61335,100.0,,,,700000.0,2023-04-08 13:05:00,Apartman/Mesken,1.0,2023.0,,7000.0
KAYSERİ,KOCASİNAN,ŞEKER MAHALLESİ,38.767701,35.414201,48.0,2020.0,1.0,2.0,900000.0,2023-04-06 16:58:00,Apartman/Mesken,7.0,2023.0,3.0,18750.0
KAYSERİ,MELİKGAZİ,OSMANLI MAHALLESİ,38.6864,35.4731,119.0,,,,930000.0,2023-04-07 14:16:00,Apartman/Mesken,2.0,2023.0,,7815.126050420168
KAYSERİ,MELİKGAZİ,BAHÇELİEVLER MAHALLESİ,38.76967,35.585595,115.0,,,,1100000.0,2023-04-08 13:56:00,Apartman/Mesken,7.0,2023.0,,9565.217391304348
KAYSERİ,MELİKGAZİ,GESİ MAHALLESİ,38.785401,35.620301,98.0,,,,925000.0,2023-04-11 17:20:00,Apartman/Mesken,1.0,2023.0,,9438.775510204081
KAYSERİ,MELİKGAZİ,ESENTEPE MAHALLESİ,38.7302,35.4334,121.0,,,,1800000.0,2023-04-07 15:47:00,Apartman/Mesken,6.0,2023.0,,14876.03305785124
KAYSERİ,MELİKGAZİ,ŞİRİNTEPE MAHALLESİ,38.7392,35.5771,97.0,,,,725000.0,2023-04-11 16:52:00,Apartman/Mesken,2.0,2023.0,,7474.226804123711
KAYSERİ,MELİKGAZİ,GESİ MAHALLESİ,38.788425,35.62369,121.0,,,,1000000.0,2023-04-12 12:03:00,Apartman/Mesken,3.0,2023.0,,8264.462809917355
KAYSERİ,KOCASİNAN,ERKİLET OSMANGAZİ MAHALLESİ,38.7884,35.4592,128.0,,,,1580000.0,2023-04-13 09:30:00,Apartman/Mesken,7.0,2023.0,,12343.75
KAYSERİ,MELİKGAZİ,GESİ MAHALLESİ,38.786112,35.604913,130.0,,,,1150000.0,2023-04-12 16:43:00,Apartman/Mesken,0.0,2023.0,,8846.153846153846
KAYSERİ,MELİKGAZİ,BECEN MAHALLESİ,38.6762,35.4782,133.0,,,,3525000.0,2023-04-14 15:15:00,Apartman/Mesken,-1.0,2023.0,,26503.75939849624
KAYSERİ,TALAS,KİÇİKÖY MAHALLESİ,38.6965,35.5472,120.0,,,,1200000.0,2023-04-14 09:56:00,Apartman/Mesken,3.0,2023.0,,10000.0
KAYSERİ,KOCASİNAN,ESENTEPE MAHALLESİ,38.7627,35.5266,102.0,,,,630000.0,2023-04-14 15:19:00,Apartman/Mesken,0.0,2023.0,,6176.470588235294
KAYSERİ,TOMARZA,KURTULUŞ Mah. MAHALLESİ,38.45547,35.797735,404.0,,,,2020000.0,2023-04-14 14:40:00,Apartman/Mesken,,2023.0,,5000.0
KAYSERİ,MELİKGAZİ,HİSARCIK MAHALLESİ,38.650536,35.5122,215.0,,,,5500000.0,2023-04-17 15:33:00,Villa,1.0,2023.0,,25581.39534883721
KAYSERİ,MELİKGAZİ,KIRANARDI/CUMHURİYET Mah. MAHALLESİ,38.6323,35.5244,170.0,,,,710000.0,2023-04-17 10:48:00,Apartman/Mesken,,2023.0,,4176.470588235294
KAYSERİ,MELİKGAZİ,ŞİRİNTEPE MAHALLESİ,38.7428,35.5754,123.0,,,,1200000.0,2023-04-15 11:40:00,Apartman/Mesken,3.0,2023.0,,9756.09756097561
KAYSERİ,TALAS,TALAS MAHALLESİ,38.708346,35.572689,110.0,2015.0,1.0,2.0,1300000.0,2023-04-17 13:48:00,Apartman/Mesken,3.0,2023.0,8.0,11818.181818181818
KAYSERİ,KOCASİNAN,ŞEKER MAHALLESİ,38.7694,35.4159,51.0,,,,900000.0,2023-04-18 09:31:00,Apartman/Mesken,4.0,2023.0,,17647.058823529413
KAYSERİ,KOCASİNAN,KAVAKYAZISI MAHALLESİ,38.7357,35.5236,195.0,,,,2880000.0,2023-04-18 17:23:00,Apartman/Mesken,13.0,2023.0,,14769.23076923077
KAYSERİ,MELİKGAZİ,DEMOKRASİ MAHALLESİ,38.7592,35.6039,77.0,,,,875000.0,2023-04-19 12:28:00,Apartman/Mesken,3.0,2023.0,,11363.636363636364
KAYSERİ,KOCASİNAN,CENGİZTOPEL MAHALLESİ,38.746901,35.524701,112.0,1999.0,1.0,2.0,950000.0,2023-04-23 23:16:00,Apartman/Mesken,1.0,2023.0,24.0,8482.142857142857
KAYSERİ,TALAS,HARMAN MAHALLESİ,38.6827,35.542,442.0,,,,13785000.0,2023-04-26 15:06:00,Apartman/Mesken,1.0,2023.0,,31187.782805429862
KAYSERİ,MELİKGAZİ,MİMARSİNAN MAHALLESİ,38.7649,35.6134,75.0,,,,800000.0,2023-04-18 13:42:00,Apartman/Mesken,1.0,2023.0,,10666.666666666666
KAYSERİ,KOCASİNAN,BEYAZŞEHİR MAHALLESİ,38.7839,35.5952,138.0,,,,1250000.0,2023-04-25 11:14:00,Apartman/Mesken,4.0,2023.0,,9057.971014492754
KAYSERİ,TALAS,TALAS MAHALLESİ,38.7134,35.5574,57.0,,,,650000.0,2023-04-26 09:58:00,Apartman/Mesken,14.0,2023.0,,11403.508771929824
KAYSERİ,MELİKGAZİ,OSMAN KAVUNCU MAHALLESİ,38.7343,35.4364,160.0,,,,1400000.0,2023-04-25 14:27:00,Apartman/Mesken,11.0,2023.0,,8750.0
KAYSERİ,TALAS,TALAS MAHALLESİ,38.7079,35.5697,120.0,,,,1200000.0,2023-04-24 16:32:00,Apartman/Mesken,12.0,2023.0,,10000.0
KAYSERİ,TALAS,TALAS MAHALLESİ,38.7095,35.5679,54.0,,,,750000.0,2023-04-26 15:20:00,Apartman/Mesken,0.0,2023.0,,13888.888888888889
KAYSERİ,MELİKGAZİ,YAZIBAĞLARI MAHALLESİ,38.7339,35.3957,110.0,,,,1000000.0,2023-04-25 11:33:00,Apartman/Mesken,9.0,2023.0,,9090.90909090909
KAYSERİ,MELİKGAZİ,KANLIYURT MAHALLESİ,38.7301,35.4444,103.0,,,,930000.0,2023-04-25 14:38:00,Apartman/Mesken,5.0,2023.0,,9029.126213592233
KAYSERİ,KOCASİNAN,ERKİLET OSMANGAZİ MAHALLESİ,38.7898,35.4613,116.0,,,,1300000.0,2023-04-25 14:31:00,Apartman/Mesken,2.0,2023.0,,11206.896551724138
KAYSERİ,TALAS,TALAS MAHALLESİ,38.703101,35.567701,118.0,2012.0,1.0,2.0,1350000.0,2023-04-26 23:48:00,Apartman/Mesken,4.0,2023.0,11.0,11440.677966101695
KAYSERİ,MELİKGAZİ,GESİ MAHALLESİ,38.788416,35.599357,127.0,2014.0,1.0,2.0,1300000.0,2023-04-27 16:40:00,Apartman/Mesken,7.0,2023.0,9.0,10236.220472440946
KAYSERİ,KOCASİNAN,ŞEKER MAHALLESİ,38.7712,35.4137,48.0,,,,950000.0,2023-04-27 09:46:00,Apartman/Mesken,3.0,2023.0,,19791.666666666668
KAYSERİ,MELİKGAZİ,YAZIBAĞLARI MAHALLESİ,38.7358,35.4006,110.0,,,,1050000.0,2023-04-28 09:14:00,Apartman/Mesken,6.0,2023.0,,9545.454545454546
KAYSERİ,MELİKGAZİ,YILDIRIM BEYAZIT MAHALLESİ,38.731901,35.546901,137.0,,,,1890000.0,2023-04-29 00:20:00,Apartman/Mesken,4.0,2023.0,,13795.620437956204
KAYSERİ,KOCASİNAN,YEŞİLMAHALLE MAHALLESİ,38.75999,35.466715,117.0,,,,1400000.0,2023-04-28 12:03:00,Apartman/Mesken,4.0,2023.0,,11965.811965811965
KAYSERİ,TALAS,TALAS MAHALLESİ,38.7138,35.5613,40.0,2022.0,1.0,2.0,950000.0,2023-05-03 10:26:00,Apartman/Mesken,4.0,2023.0,1.0,23750.0
KAYSERİ,İNCESU,VALİ İHSAN ARAS MAHALLESİ,38.620695,35.18408,143.0,,,,1100000.0,2023-05-02 12:22:00,Apartman/Mesken,3.0,2023.0,,7692.307692307692
KAYSERİ,MELİKGAZİ,KÜÇÜKBÜRÜNGÜZ Mah. MAHALLESİ,38.7999,35.7351,270.0,,,,1200000.0,2023-05-03 16:48:00,Apartman/Mesken,,2023.0,,4444.444444444444
KAYSERİ,KOCASİNAN,PERVANE MAHALLESİ,38.737101,35.487301,115.0,1979.0,1.0,2.0,800000.0,2023-05-05 09:52:00,Apartman/Mesken,2.0,2023.0,44.0,6956.521739130435
KAYSERİ,KOCASİNAN,KAVAKYAZISI MAHALLESİ,38.7372,35.5146,74.0,,,,500000.0,2023-05-04 09:11:00,Apartman/Mesken,-1.0,2023.0,,6756.756756756757
KAYSERİ,MELİKGAZİ,ŞİRİNTEPE MAHALLESİ,38.737865,35.57705,96.0,,,,750000.0,2023-05-03 16:44:00,Apartman/Mesken,12.0,2023.0,,7812.5
KAYSERİ,MELİKGAZİ,KEYKUBAT MAHALLESİ,38.7465,35.3896,82.0,,,,650000.0,2023-05-05 09:24:00,Apartman/Mesken,2.0,2023.0,,7926.829268292683
KAYSERİ,KOCASİNAN,PERVANE MAHALLESİ,38.7444,35.4981,152.0,,,,3660000.0,2023-05-04 10:16:00,Apartman/Mesken,12.0,2023.0,,24078.947368421053
KAYSERİ,MELİKGAZİ,AYDINLIKEVLER MAHALLESİ,38.7219,35.467,143.0,,,,1370000.0,2023-05-08 15:22:00,Apartman/Mesken,7.0,2023.0,,9580.41958041958
KAYSERİ,KOCASİNAN,UĞUREVLER MAHALLESİ,38.739275,35.522875,127.0,,,,1700000.0,2023-05-09 09:23:00,Apartman/Mesken,4.0,2023.0,,13385.826771653543
KAYSERİ,MELİKGAZİ,ŞİRİNTEPE MAHALLESİ,38.737865,35.57705,96.0,,,,710000.0,2023-05-05 16:59:00,Apartman/Mesken,15.0,2023.0,,7395.833333333333
KAYSERİ,MELİKGAZİ,ALTINOLUK MAHALLESİ,38.689001,35.435001,233.0,,,,6330000.0,2023-05-08 10:06:00,Villa,1.0,2023.0,,27167.38197424893
KAYSERİ,MELİKGAZİ,SELÇUKLU Mah. MAHALLESİ,38.6998,35.4721,401.0,,,,1430000.0,2023-05-11 09:55:00,Apartman/Mesken,,2023.0,,3566.084788029925
KAYSERİ,MELİKGAZİ,TONTAR MAHALLESİ,38.710901,35.493401,93.0,1983.0,1.0,2.0,850000.0,2023-05-09 11:03:00,Apartman/Mesken,3.0,2023.0,40.0,9139.78494623656
KAYSERİ,MELİKGAZİ,ÇAY MAHALLESİ,38.68493,35.52688,325.0,,,,19500000.0,2023-05-12 11:58:00,Villa,0.0,2023.0,,60000.0
KAYSERİ,KOCASİNAN,SÜMER MAHALLESİ,38.7468,35.4605,127.0,,,,1250000.0,2023-05-12 10:27:00,Apartman/Mesken,1.0,2023.0,,9842.51968503937
KAYSERİ,MELİKGAZİ,KIRANARDI/FATİH MAHALLESİ,38.6387,35.5285,165.0,,,,3455000.0,2023-05-10 17:46:00,Apartman/Mesken,0.0,2023.0,,20939.39393939394
KAYSERİ,İNCESU,BAHÇESARAY MAHALLESİ,38.6298,35.1858,154.0,,,,1030000.0,2023-05-10 15:14:00,Apartman/Mesken,0.0,2023.0,,6688.311688311688
KAYSERİ,MELİKGAZİ,KÖŞKDAĞI MAHALLESİ,38.717735,35.515905,278.0,,,,6000000.0,2023-05-12 17:29:00,Apartman/Mesken,2.0,2023.0,,21582.733812949642
KAYSERİ,YEŞİLHİSAR,HACIBEKTAŞ MAHALLESİ,38.3573,35.0903,113.0,,,,1200000.0,2023-05-09 11:37:00,Apartman/Mesken,1.0,2023.0,,10619.469026548673
KAYSERİ,KOCASİNAN,KAVAKYAZISI MAHALLESİ,38.730825,35.499,90.0,,,,750000.0,2023-05-10 10:10:00,Apartman/Mesken,2.0,2023.0,,8333.333333333334
KAYSERİ,HACILAR,SAKARÇİFTLİĞİ MAHALLESİ,38.6269,35.414001,135.0,,,,3070000.0,2023-05-09 17:21:00,Apartman/Mesken,0.0,2023.0,,22740.74074074074
KAYSERİ,MELİKGAZİ,19 MAYIS MAHALLESİ,38.7439,35.3805,117.0,,,,1325000.0,2023-05-14 23:03:00,Apartman/Mesken,3.0,2023.0,,11324.786324786324
KAYSERİ,MELİKGAZİ,BATTALGAZİ MAHALLESİ,38.712301,35.476801,140.0,2010.0,1.0,2.0,1750000.0,2023-05-12 00:24:00,Apartman/Mesken,11.0,2023.0,13.0,12500.0
KAYSERİ,YEŞİLHİSAR,HACIBEKTAŞ MAHALLESİ,38.35725,35.09023,90.0,,,,1000000.0,2023-05-15 10:12:00,Apartman/Mesken,0.0,2023.0,,11111.111111111111
KAYSERİ,MELİKGAZİ,GÜLTEPE MAHALLESİ,38.7204,35.51971,119.0,,,,1750000.0,2023-05-16 12:12:00,Apartman/Mesken,2.0,2023.0,,14705.882352941177
KAYSERİ,KOCASİNAN,ERTUĞRUL GAZİ MAHALLESİ,38.7912,35.4506,91.0,,,,1000000.0,2023-05-16 16:22:00,Apartman/Mesken,8.0,2023.0,,10989.010989010989
KAYSERİ,KOCASİNAN,SÜMER MAHALLESİ,38.74568,35.45265,103.0,,,,750000.0,2023-05-15 12:03:00,Apartman/Mesken,3.0,2023.0,,7281.553398058252
KAYSERİ,KOCASİNAN,KAVAKYAZISI MAHALLESİ,38.7318,35.499,106.0,,,,700000.0,2023-05-15 13:38:00,Apartman/Mesken,0.0,2023.0,,6603.773584905661
KAYSERİ,MELİKGAZİ,GESİ MAHALLESİ,38.7804,35.6061,197.0,,,,6000000.0,2023-05-16 16:53:00,Villa,1.0,2023.0,,30456.852791878173
KAYSERİ,MELİKGAZİ,KAVAKYAZISI MAHALLESİ,38.73102,35.50536,96.0,,,,900000.0,2023-06-22 11:24:00,Apartman/Mesken,,2023.0,,9375.0
KAYSERİ,TALAS,TALAS MAHALLESİ,38.7125,35.5634,134.0,,,,1800000.0,2023-05-17 22:39:00,Apartman/Mesken,4.0,2023.0,,13432.835820895523
KAYSERİ,KOCASİNAN,KAVAKYAZISI MAHALLESİ,38.7344,35.4998,138.0,,,,1000000.0,2023-05-17 09:29:00,Apartman/Mesken,1.0,2023.0,,7246.376811594203
KAYSERİ,MELİKGAZİ,BİLLUR  MAHALLESİ,38.6826,35.5215,558.0,,,,18705000.0,2023-05-18 12:46:00,Villa,,2023.0,,33521.50537634409
KAYSERİ,MELİKGAZİ,ESENTEPE MAHALLESİ,38.7279,35.4241,121.0,,,,1160000.0,2023-05-17 11:23:00,Apartman/Mesken,1.0,2023.0,,9586.776859504133
KAYSERİ,KOCASİNAN,ERKİLET SANCAKTEPE MAHALLESİ,38.7825,35.4611,125.0,,,,1150000.0,2023-05-17 14:45:00,Apartman/Mesken,1.0,2023.0,,9200.0
KAYSERİ,MELİKGAZİ,DEMOKRASİ MAHALLESİ,38.770425,35.60488,75.0,,,,850000.0,2023-05-22 10:32:00,Apartman/Mesken,2.0,2023.0,,11333.333333333334
KAYSERİ,MELİKGAZİ,GESİ MAHALLESİ,38.787589,35.617864,85.0,,,,850000.0,2023-05-18 17:42:00,Apartman/Mesken,2.0,2023.0,,10000.0
KAYSERİ,MELİKGAZİ,GESİ MAHALLESİ,38.787865,35.62339,100.0,,,,950000.0,2023-05-22 11:56:00,Apartman/Mesken,3.0,2023.0,,9500.0
KAYSERİ,PINARBAŞI,HÜRRİYET MAHALLESİ,38.7235,36.3745,75.0,,,,650000.0,2023-05-18 17:03:00,Apartman/Mesken,1.0,2023.0,,8666.666666666666
KAYSERİ,KOCASİNAN,BEYAZŞEHİR MAHALLESİ,38.783,35.5892,114.0,,,,1150000.0,2023-05-18 10:49:00,Apartman/Mesken,3.0,2023.0,,10087.719298245614
KAYSERİ,KOCASİNAN,KAVAKYAZISI MAHALLESİ,38.7322,35.5009,96.0,,,,600000.0,2023-05-23 09:16:00,Apartman/Mesken,,2023.0,,6250.0
KAYSERİ,TALAS,TALAS MAHALLESİ,38.699785,35.567945,78.0,2014.0,1.0,3.0,1100000.0,2023-05-26 15:08:00,Apartman/Mesken,13.0,2023.0,9.0,14102.564102564103
KAYSERİ,TALAS,TALAS MAHALLESİ,38.707325,35.550585,113.0,,,,1350000.0,2023-05-23 14:19:00,Apartman/Mesken,11.0,2023.0,,11946.902654867257
KAYSERİ,MELİKGAZİ,KÜÇÜKALİ MAHALLESİ,38.7093,35.4723,95.0,,,,1050000.0,2023-05-24 14:39:00,Apartman/Mesken,5.0,2023.0,,11052.631578947368
KAYSERİ,MELİKGAZİ,MELİKGAZİ MAHALLESİ,38.7281,35.5227,182.0,,,,2600000.0,2023-05-29 15:35:00,Apartman/Mesken,3.0,2023.0,,14285.714285714286
KAYSERİ,MELİKGAZİ,AYDINLIKEVLER MAHALLESİ,38.72152,35.46918,117.0,,,,1550000.0,2023-05-26 14:44:00,Apartman/Mesken,11.0,2023.0,,13247.863247863248
KAYSERİ,KOCASİNAN,ERTUĞRUL GAZİ MAHALLESİ,38.785301,35.451501,140.0,2017.0,1.0,2.0,1300000.0,2023-05-30 21:18:00,Apartman/Mesken,4.0,2023.0,6.0,9285.714285714286
KAYSERİ,KOCASİNAN,BEYAZŞEHİR MAHALLESİ,38.7786,35.5782,115.0,,,,1000000.0,2023-05-30 12:05:00,Apartman/Mesken,3.0,2023.0,,8695.652173913044
KAYSERİ,KOCASİNAN,MİTHATPAŞA MAHALLESİ,38.7514,35.4695,125.0,,,,1600000.0,2023-05-29 16:39:00,Apartman/Mesken,4.0,2023.0,,12800.0
KAYSERİ,MELİKGAZİ,KILIÇASLAN MAHALLESİ,38.720125,35.50293,190.0,1999.0,1.0,3.0,2700000.0,2023-05-30 12:19:00,Apartman/Mesken,7.0,2023.0,24.0,14210.526315789473
KAYSERİ,PINARBAŞI,KÜÇÜKGÜMÜŞGÜN Mah. MAHALLESİ,38.73407,36.418225,590.0,,,,3575000.0,2023-05-30 17:11:00,Apartman/Mesken,,2023.0,,6059.322033898305
KAYSERİ,KOCASİNAN,AHİEVRAN MAHALLESİ,38.761001,35.570701,110.0,2002.0,,2.0,1000000.0,2023-06-01 22:20:00,Apartman/Mesken,,2023.0,21.0,9090.90909090909
KAYSERİ,MELİKGAZİ,GESİ MAHALLESİ,38.784585,35.60094,130.0,,,,1350000.0,2023-06-20 13:20:00,Apartman/Mesken,9.0,2023.0,,10384.615384615385
KAYSERİ,KOCASİNAN,PERVANE MAHALLESİ,38.7408,35.5004,183.0,,,,4250000.0,2023-06-20 13:20:00,Apartman/Mesken,5.0,2023.0,,23224.043715846994
KAYSERİ,MELİKGAZİ,MELİKGAZİ MAHALLESİ,38.73028,35.525265,185.0,,,,4000000.0,2023-06-20 13:45:00,Apartman/Mesken,12.0,2023.0,,21621.62162162162
KAYSERİ,KOCASİNAN,ERTUĞRUL GAZİ MAHALLESİ,38.7872,35.4529,125.0,,,,1300000.0,2023-06-20 13:46:00,Apartman/Mesken,1.0,2023.0,,10400.0
KAYSERİ,MELİKGAZİ,GÜLÜK MAHALLESİ,38.7209,35.4781,130.0,,,,1200000.0,2023-06-01 13:27:00,Apartman/Mesken,4.0,2023.0,,9230.76923076923
KAYSERİ,KOCASİNAN,ŞEKER MAHALLESİ,38.769001,35.415901,132.0,2019.0,1.0,2.0,1475000.0,2023-06-06 15:47:00,Apartman/Mesken,0.0,2023.0,4.0,11174.242424242424
KAYSERİ,KOCASİNAN,SEYRANİ MAHALLESİ,38.7503,35.4767,146.0,,,,2100000.0,2023-06-05 12:07:00,Apartman/Mesken,8.0,2023.0,,14383.561643835616
KAYSERİ,MELİKGAZİ,AYDINLAR MAHALLESİ,38.7275,35.5756,147.0,,,,1350000.0,2023-06-02 10:44:00,Apartman/Mesken,11.0,2023.0,,9183.673469387755
KAYSERİ,MELİKGAZİ,MİMARSİNAN MAHALLESİ,38.7648,35.6137,75.0,,,,840000.0,2023-06-01 16:47:00,Apartman/Mesken,3.0,2023.0,,11200.0
KAYSERİ,KOCASİNAN,PERVANE MAHALLESİ,38.7602,35.4959,144.0,,,,1500000.0,2023-06-06 17:44:00,Apartman/Mesken,0.0,2023.0,,10416.666666666666
KAYSERİ,MELİKGAZİ,BAHÇELİEVLER MAHALLESİ,38.770801,35.579801,119.0,2013.0,1.0,2.0,1200000.0,2023-06-08 22:47:00,Apartman/Mesken,1.0,2023.0,10.0,10084.033613445377
KAYSERİ,MELİKGAZİ,KEYKUBAT MAHALLESİ,38.7364,35.3897,82.0,,,,750000.0,2023-06-06 10:03:00,Apartman/Mesken,4.0,2023.0,,9146.341463414634
KAYSERİ,KOCASİNAN,YILDIZEVLER MAHALLESİ,38.743755,35.53672,130.0,,,,1450000.0,2023-06-08 13:40:00,Apartman/Mesken,3.0,2023.0,,11153.846153846154
KAYSERİ,KOCASİNAN,SEYRANİ MAHALLESİ,38.7502,35.4839,150.0,,,,6100000.0,2023-06-13 09:59:00,Apartman/Mesken,7.0,2023.0,,40666.666666666664
KAYSERİ,MELİKGAZİ,HİSARCIK Mah. MAHALLESİ,38.6272,35.5069,208.0,,,,2600000.0,2023-06-13 09:11:00,Apartman/Mesken,,2023.0,,12500.0
KAYSERİ,KOCASİNAN,ERTUĞRUL GAZİ MAHALLESİ,38.7864,35.4534,125.0,,,,1400000.0,2023-06-12 12:57:00,Apartman/Mesken,5.0,2023.0,,11200.0
KAYSERİ,TALAS,HARMAN MAHALLESİ,38.684,35.5457,165.0,,,,1850000.0,2023-06-13 13:40:00,Apartman/Mesken,12.0,2023.0,,11212.121212121212
KAYSERİ,TALAS,TALAS MAHALLESİ,38.70058,35.55805,127.0,,,,1350000.0,2023-06-12 14:15:00,Apartman/Mesken,7.0,2023.0,,10629.92125984252
KAYSERİ,İNCESU,BAHÇESARAY MAHALLESİ,38.632301,35.189401,153.0,2016.0,1.0,2.0,1420000.0,2023-06-15 11:07:00,Apartman/Mesken,3.0,2023.0,7.0,9281.045751633987
KAYSERİ,MELİKGAZİ,DEMİRCİYAZISI MAHALLESİ,38.7022,35.44,123.0,,,,1700000.0,2023-06-15 11:37:00,Apartman/Mesken,6.0,2023.0,,13821.138211382115
KAYSERİ,TALAS,TALAS MAHALLESİ,38.703201,35.573301,91.0,2021.0,1.0,2.0,1040000.0,2023-06-16 18:08:00,Apartman/Mesken,2.0,2023.0,2.0,11428.57142857143
KAYSERİ,KOCASİNAN,ERTUĞRUL GAZİ MAHALLESİ,38.785,35.4474,150.0,,,,1800000.0,2023-06-19 11:50:00,Apartman/Mesken,8.0,2023.0,,12000.0
KAYSERİ,MELİKGAZİ,YILDIRIM BEYAZIT MAHALLESİ,38.726308,35.542101,164.0,,,,3500000.0,2023-06-19 16:32:00,Apartman/Mesken,5.0,2023.0,,21341.463414634145
KAYSERİ,KOCASİNAN,SÜMER MAHALLESİ,38.7315,35.4715,80.0,,,,825000.0,2023-06-21 14:22:00,Apartman/Mesken,7.0,2023.0,,10312.5
KAYSERİ,KOCASİNAN,SÜMER MAHALLESİ,38.740465,35.464125,114.0,,,,1375000.0,2023-06-19 10:56:00,Apartman/Mesken,4.0,2023.0,,12061.40350877193
KAYSERİ,MELİKGAZİ,MİMARSİNAN MAHALLESİ,38.772095,35.605201,75.0,,,,900000.0,2023-06-19 16:47:00,Apartman/Mesken,1.0,2023.0,,12000.0
KAYSERİ,MELİKGAZİ,KÜÇÜKALİ MAHALLESİ,38.711401,35.471901,97.0,2019.0,1.0,2.0,1400000.0,2023-06-20 11:44:00,Apartman/Mesken,12.0,2023.0,4.0,14432.98969072165
KAYSERİ,MELİKGAZİ,BAHÇELİEVLER MAHALLESİ,38.77449,35.58153,130.0,,,,1550000.0,2023-06-20 12:14:00,Apartman/Mesken,2.0,2023.0,,11923.076923076924
KAYSERİ,KOCASİNAN,ŞEKER MAHALLESİ,38.7613,35.405,111.0,,,,1300000.0,2023-06-21 09:33:00,Apartman/Mesken,2.0,2023.0,,11711.711711711712
KAYSERİ,MELİKGAZİ,MİMARSİNAN  MAHALLESİ,38.7286,35.5868,265.0,,,,2200000.0,2023-06-27 09:10:00,Apartman/Mesken,,2023.0,,8301.88679245283
KAYSERİ,KOCASİNAN,KAVAKYAZISI MAHALLESİ,38.72811,35.497265,85.0,,,,750000.0,2023-06-21 15:26:00,Apartman/Mesken,3.0,2023.0,,8823.529411764706
KAYSERİ,KOCASİNAN,KAVAKYAZISI MAHALLESİ,38.7354,35.5064,98.0,,,,650000.0,2023-06-23 15:55:00,Apartman/Mesken,0.0,2023.0,,6632.65306122449
KAYSERİ,MELİKGAZİ,DANİŞMENTGAZİ Mah. MAHALLESİ,38.673955,35.475635,405.0,,,,1500000.0,2023-06-22 13:47:00,Apartman/Mesken,,2023.0,,3703.703703703704
KAYSERİ,KOCASİNAN,PERVANE MAHALLESİ,38.7554,35.4994,100.0,,,,1200000.0,2023-06-22 14:08:00,Apartman/Mesken,10.0,2023.0,,12000.0
KAYSERİ,MELİKGAZİ,KANLIYURT MAHALLESİ,38.72625,35.413005,100.0,,,,1275000.0,2023-06-23 14:49:00,Apartman/Mesken,3.0,2023.0,,12750.0
KAYSERİ,MELİKGAZİ,GESİ MAHALLESİ,38.787015,35.606595,126.0,,,,1150000.0,2023-06-26 10:27:00,Apartman/Mesken,0.0,2023.0,,9126.984126984127
KAYSERİ,MELİKGAZİ,KÜÇÜKALİ MAHALLESİ,38.7125,35.472595,116.0,,,,1500000.0,2023-06-23 12:09:00,Apartman/Mesken,7.0,2023.0,,12931.034482758621
KAYSERİ,TALAS,HARMAN MAHALLESİ,38.684075,35.553595,85.0,,,,1400000.0,2023-07-04 10:46:00,Apartman/Mesken,4.0,2023.0,,16470.58823529412
KAYSERİ,MELİKGAZİ,DEMOKRASİ MAHALLESİ,38.7667,35.6049,72.0,,,,920000.0,2023-07-04 12:35:00,Apartman/Mesken,4.0,2023.0,,12777.777777777777
KAYSERİ,MELİKGAZİ,DEMOKRASİ MAHALLESİ,38.7531,35.606075,120.0,,,,1080000.0,2023-07-05 11:46:00,Apartman/Mesken,7.0,2023.0,,9000.0
KAYSERİ,MELİKGAZİ,MİMARSİNAN MAHALLESİ,38.7681,35.609755,40.0,,,,600000.0,2023-07-05 16:48:00,Apartman/Mesken,3.0,2023.0,,15000.0
KAYSERİ,MELİKGAZİ,ALPASLAN MAHALLESİ,38.727701,35.517101,180.0,1992.0,1.0,2.0,3800000.0,2023-07-11 09:42:00,Apartman/Mesken,4.0,2023.0,31.0,21111.11111111111
KAYSERİ,KOCASİNAN,ERKİLET OSMANGAZİ MAHALLESİ,38.7906,35.4613,167.0,,,,2200000.0,2023-07-06 10:03:00,Apartman/Mesken,3.0,2023.0,,13173.652694610779
KAYSERİ,KOCASİNAN,SÜMER MAHALLESİ,38.7319,35.4714,81.0,,,,870000.0,2023-07-10 09:41:00,Apartman/Mesken,8.0,2023.0,,10740.74074074074
KAYSERİ,İNCESU,SÜKSÜN/ZAFER MAHALLESİ,38.7855,35.2268,75.0,,,,770000.0,2023-07-12 15:07:00,Apartman/Mesken,3.0,2023.0,,10266.666666666666
KAYSERİ,TALAS,TALAS MAHALLESİ,38.700301,35.571401,40.0,2010.0,1.0,2.0,800000.0,2023-07-16 20:13:00,Apartman/Mesken,12.0,2023.0,13.0,20000.0
KAYSERİ,MELİKGAZİ,ALPASLAN MAHALLESİ,38.72318,35.513395,110.0,,,,1375000.0,2023-07-13 12:26:00,Apartman/Mesken,3.0,2023.0,,12500.0
KAYSERİ,MELİKGAZİ,KEYKUBAT MAHALLESİ,38.7394,35.3905,100.0,,,,850000.0,2023-07-17 17:33:00,Apartman/Mesken,9.0,2023.0,,8500.0
KAYSERİ,MELİKGAZİ,KAZIM KARABEKİR MAHALLESİ,38.7157,35.4274,157.0,,,,800000.0,2023-07-14 14:35:00,Villa,,2023.0,,5095.541401273886
KAYSERİ,TALAS,TALAS MAHALLESİ,38.699301,35.550601,137.0,,,,1550000.0,2023-07-14 12:08:00,Apartman/Mesken,3.0,2023.0,,11313.868613138686
KAYSERİ,TALAS,TALAS MAHALLESİ,38.7019,35.5726,85.0,,,,1740000.0,2023-07-13 14:32:00,Apartman/Mesken,6.0,2023.0,,20470.58823529412
KAYSERİ,TALAS,TALAS MAHALLESİ,38.7019,35.5726,85.0,,,,1740000.0,2023-07-13 14:33:00,Apartman/Mesken,7.0,2023.0,,20470.58823529412
KAYSERİ,KOCASİNAN,AHİEVRAN MAHALLESİ,38.7615,35.57,107.0,,,,1150000.0,2023-07-18 12:04:00,Apartman/Mesken,5.0,2023.0,,10747.663551401869
KAYSERİ,MELİKGAZİ,OSMANLI Mah. MAHALLESİ,38.6891,35.4766,395.0,,,,1920000.0,2023-07-14 17:45:00,Apartman/Mesken,,2023.0,,4860.7594936708865
KAYSERİ,DEVELİ,HARMAN MAHALLESİ,38.3923,35.4937,130.0,,,,1065000.0,2023-07-25 09:44:00,Apartman/Mesken,1.0,2023.0,,8192.307692307691
KAYSERİ,KOCASİNAN,CUMHURİYET Mah. MAHALLESİ,38.745001,35.516101,167.0,,,,1920000.0,2023-07-18 09:28:00,Apartman/Mesken,,2023.0,,11497.005988023951
KAYSERİ,DEVELİ,HARMAN MAHALLESİ,38.4019,35.4931,67.0,,,,705000.0,2023-07-21 11:12:00,Apartman/Mesken,0.0,2023.0,,10522.388059701492
KAYSERİ,MELİKGAZİ,19 MAYIS MAHALLESİ,38.741901,35.383001,120.0,,,,1415000.0,2023-07-18 11:48:00,Apartman/Mesken,1.0,2023.0,,11791.666666666666
KAYSERİ,KOCASİNAN,PERVANE MAHALLESİ,38.738801,35.489901,116.0,,,,1000000.0,2023-07-21 09:37:00,Apartman/Mesken,1.0,2023.0,,8620.689655172413
KAYSERİ,MELİKGAZİ,YEŞİLYURT MAHALLESİ,38.7976,35.6217,84.0,,,,1000000.0,2023-07-19 11:33:00,Apartman/Mesken,1.0,2023.0,,11904.761904761905
KAYSERİ,KOCASİNAN,YEŞİLMAHALLE Mah. MAHALLESİ,38.752301,35.472101,107.0,,,,900000.0,2023-07-20 17:48:00,Apartman/Mesken,,2023.0,,8411.214953271028
KAYSERİ,MELİKGAZİ,KÖŞKDAĞI MAHALLESİ,38.72,35.5154,177.0,,,,3275000.0,2023-07-20 15:51:00,Apartman/Mesken,2.0,2023.0,,18502.824858757063
KAYSERİ,MELİKGAZİ,KANLIYURT MAHALLESİ,38.731401,35.439401,102.0,1995.0,1.0,2.0,900000.0,2023-07-20 08:48:00,Apartman/Mesken,0.0,2023.0,28.0,8823.529411764706
KAYSERİ,MELİKGAZİ,ÇAY MAHALLESİ,38.6962,35.5253,551.0,,,,22100000.0,2023-07-24 15:40:00,Apartman/Mesken,0.0,2023.0,,40108.892921960076
KAYSERİ,KOCASİNAN,KAVAKYAZISI MAHALLESİ,38.7285,35.4951,150.0,,,,1500000.0,2023-07-27 16:51:00,Apartman/Mesken,7.0,2023.0,,10000.0
KAYSERİ,KOCASİNAN,SÜMER MAHALLESİ,38.74566,35.46207,95.0,,,,760000.0,2023-07-26 10:54:00,Apartman/Mesken,1.0,2023.0,,8000.0
KAYSERİ,MELİKGAZİ,1.TURAN Mah. MAHALLESİ,38.7964,35.7001,361.0,,,,1460000.0,2023-07-21 15:43:00,Apartman/Mesken,,2023.0,,4044.321329639889
KAYSERİ,MELİKGAZİ,GESİ MAHALLESİ,38.782001,35.6058,156.0,,,,1680000.0,2023-07-21 11:44:00,Apartman/Mesken,7.0,2023.0,,10769.23076923077
KAYSERİ,MELİKGAZİ,GESİ MAHALLESİ,38.788401,35.623701,121.0,2009.0,1.0,2.0,1600000.0,2023-07-24 17:52:00,Apartman/Mesken,10.0,2023.0,14.0,13223.140495867769
KAYSERİ,MELİKGAZİ,BECEN MAHALLESİ,38.6586,35.5064,305.0,,,,24600000.0,2023-07-26 14:15:00,Apartman/Mesken,-1.0,2023.0,,80655.73770491804
KAYSERİ,KOCASİNAN,PERVANE MAHALLESİ,38.7525,35.4935,97.0,,,,1100000.0,2023-07-25 17:07:00,Apartman/Mesken,3.0,2023.0,,11340.20618556701
KAYSERİ,MELİKGAZİ,GESİ MAHALLESİ,38.7856,35.6057,129.0,,,,1300000.0,2023-07-26 09:23:00,Apartman/Mesken,1.0,2023.0,,10077.519379844962
KAYSERİ,KOCASİNAN,SÜMER MAHALLESİ,38.7459,35.4829,131.0,,,,1100000.0,2023-07-27 10:36:00,Apartman/Mesken,2.0,2023.0,,8396.946564885497
KAYSERİ,ÖZVATAN,KERMELİK Mah. MAHALLESİ,39.0489,35.7372,125.0,,,,850000.0,2023-07-26 15:26:00,Apartman/Mesken,,2023.0,,6800.0
KAYSERİ,PINARBAŞI,HÜRRİYET MAHALLESİ,38.7233,36.3741,75.0,,,,800000.0,2023-07-26 14:18:00,Apartman/Mesken,1.0,2023.0,,10666.666666666666
KAYSERİ,MELİKGAZİ,YILDIRIM BEYAZIT MAHALLESİ,38.733495,35.5311,155.0,,,,2635000.0,2023-07-26 13:34:00,Apartman/Mesken,11.0,2023.0,,17000.0
KAYSERİ,TALAS,TALAS MAHALLESİ,38.70589,35.56583,115.0,,,,1200000.0,2023-07-26 10:03:00,Apartman/Mesken,11.0,2023.0,,10434.782608695652
KAYSERİ,MELİKGAZİ,KEYKUBAT  MAHALLESİ,38.7435,35.3898,100.0,,,,900000.0,2023-07-28 09:02:00,Apartman/Mesken,0.0,2023.0,,9000.0
KAYSERİ,MELİKGAZİ,KEYKUBAT MAHALLESİ,38.7391,35.3916,80.0,,,,800000.0,2023-07-31 09:15:00,Apartman/Mesken,4.0,2023.0,,10000.0
KAYSERİ,MELİKGAZİ,DANİŞMENTGAZİ Mah. MAHALLESİ,38.6739,35.4757,405.0,,,,2285000.0,2023-07-27 14:52:00,Apartman/Mesken,,2023.0,,5641.975308641975
KAYSERİ,MELİKGAZİ,YILDIRIM BEYAZIT MAHALLESİ,38.7312,35.5351,166.0,,,,2855000.0,2023-07-29 12:25:00,Apartman/Mesken,6.0,2023.0,,17198.795180722893
KAYSERİ,KOCASİNAN,KAVAKYAZISI 2.MINTIKA MAHALLESİ,38.734801,35.524301,185.0,2014.0,1.0,2.0,5650000.0,2023-08-02 13:56:00,Apartman/Mesken,5.0,2023.0,9.0,30540.54054054054
KAYSERİ,KOCASİNAN,SÜMER MAHALLESİ,38.7471,35.4576,130.0,,,,950000.0,2023-08-01 10:37:00,Apartman/Mesken,1.0,2023.0,,7307.692307692308
KAYSERİ,MELİKGAZİ,GÜLTEPE MAHALLESİ,38.7192,35.5133,199.0,,,,4375000.0,2023-08-02 12:30:00,Apartman/Mesken,2.0,2023.0,,21984.924623115578
KAYSERİ,KOCASİNAN,PERVANE MAHALLESİ,38.7361,35.4901,95.0,,,,850000.0,2023-08-01 10:57:00,Apartman/Mesken,2.0,2023.0,,8947.368421052632
KAYSERİ,TALAS,TALAS MAHALLESİ,38.70694,35.568169,120.0,,,,1350000.0,2023-07-31 16:54:00,Apartman/Mesken,12.0,2023.0,,11250.0
KAYSERİ,MELİKGAZİ,GÜLÜK MAHALLESİ,38.7208,35.4735,115.0,,,,950000.0,2023-08-01 14:46:00,Apartman/Mesken,7.0,2023.0,,8260.869565217392
KAYSERİ,MELİKGAZİ,ŞİRİNTEPE MAHALLESİ,38.7536,35.5803,134.0,,,,1300000.0,2023-08-04 16:07:00,Apartman/Mesken,5.0,2023.0,,9701.492537313432
KAYSERİ,KOCASİNAN,PERVANE MAHALLESİ,38.7497,35.5075,125.0,,,,1800000.0,2023-08-02 17:30:00,Apartman/Mesken,11.0,2023.0,,14400.0
KAYSERİ,HACILAR,ARMUTLUK MAHALLESİ,38.6618,35.4676,116.0,,,,1400000.0,2023-08-02 14:48:00,Apartman/Mesken,3.0,2023.0,,12068.965517241379
KAYSERİ,KOCASİNAN,ERKİLET OSMANGAZİ MAHALLESİ,38.7877,35.4615,131.0,,,,1600000.0,2023-08-03 10:05:00,Apartman/Mesken,10.0,2023.0,,12213.740458015267
KAYSERİ,KOCASİNAN,ERKİLET CAMİKEBİR MAHALLESİ,38.7835,35.4519,118.0,,,,1270000.0,2023-08-03 09:48:00,Apartman/Mesken,7.0,2023.0,,10762.71186440678
KAYSERİ,MELİKGAZİ,KEYKUBAT MAHALLESİ,38.7481,35.3914,74.0,,,,820000.0,2023-08-08 10:00:00,Apartman/Mesken,4.0,2023.0,,11081.081081081082
KAYSERİ,HACILAR,BEĞENDİK Mah. MAHALLESİ,38.65021,35.4199,148.0,,,,2000000.0,2023-08-07 17:54:00,Apartman/Mesken,,2023.0,,13513.513513513513
KAYSERİ,TALAS,KİÇİKÖY MAHALLESİ,38.6931,35.5508,122.0,,,,1600000.0,2023-08-07 12:43:00,Apartman/Mesken,3.0,2023.0,,13114.754098360656
KAYSERİ,KOCASİNAN,YENİDOĞAN MAHALLESİ,38.7447,35.4325,150.0,,,,2350000.0,2023-08-08 15:56:00,Apartman/Mesken,7.0,2023.0,,15666.666666666666
KAYSERİ,YAHYALI,SEYDİLİ MAHALLESİ,38.09983,35.358315,150.0,,,,1500000.0,2023-08-09 13:40:00,Apartman/Mesken,1.0,2023.0,,10000.0
KAYSERİ,TALAS,TALAS MAHALLESİ,38.7063,35.5702,119.0,,,,1500000.0,2023-08-14 09:16:00,Apartman/Mesken,7.0,2023.0,,12605.042016806723
KAYSERİ,KOCASİNAN,ERTUĞRUL GAZİ MAHALLESİ,38.7982,35.4479,103.0,,,,1250000.0,2023-08-09 12:31:00,Apartman/Mesken,5.0,2023.0,,12135.922330097088
KAYSERİ,MELİKGAZİ,KEYKUBAT MAHALLESİ,38.73824,35.415655,75.0,,,,1250000.0,2023-08-11 16:22:00,Apartman/Mesken,0.0,2023.0,,16666.666666666668
KAYSERİ,TALAS,AKÇAKAYA Mah. MAHALLESİ,38.649765,35.57288,134.0,,,,380000.0,2023-08-16 08:29:00,Apartman/Mesken,,2023.0,,2835.820895522388
KAYSERİ,HACILAR,YEDİAĞAÇ MAHALLESİ,38.617,35.444685,64.0,,,,2315000.0,2023-08-16 10:15:00,Apartman/Mesken,0.0,2023.0,,36171.875
KAYSERİ,DEVELİ,YENİMAHALLE MAHALLESİ,38.399645,35.485395,100.0,,,,1350000.0,2023-08-18 09:24:00,Apartman/Mesken,0.0,2023.0,,13500.0
KAYSERİ,KOCASİNAN,SÜMER MAHALLESİ,38.749105,35.466705,101.0,,,,810000.0,2023-08-17 14:37:00,Apartman/Mesken,2.0,2023.0,,8019.80198019802
KAYSERİ,MELİKGAZİ,YILDIRIM BEYAZIT MAHALLESİ,38.7247,35.5471,126.0,,,,1700000.0,2023-08-22 17:27:00,Apartman/Mesken,10.0,2023.0,,13492.063492063493
KAYSERİ,MELİKGAZİ,ESENYURT MAHALLESİ,38.6912,35.4896,133.0,,,,2000000.0,2023-08-24 09:48:00,Apartman/Mesken,1.0,2023.0,,15037.593984962406
KAYSERİ,YAHYALI,100.YIL Mah. MAHALLESİ,38.110245,35.3646,120.0,,,,860000.0,2023-08-23 10:50:00,Apartman/Mesken,,2023.0,,7166.666666666667
KAYSERİ,TALAS,TALAS MAHALLESİ,38.7152,35.5604,145.0,,,,1500000.0,2023-09-07 10:01:00,Apartman/Mesken,5.0,2023.0,,10344.827586206897
KAYSERİ,MELİKGAZİ,KAYABAĞ Mah. MAHALLESİ,38.7664,35.6651,45.0,,,,620000.0,2023-08-25 09:38:00,Apartman/Mesken,,2023.0,,13777.777777777777
KAYSERİ,KOCASİNAN,SÜMER MAHALLESİ,38.7359,35.47101,162.0,,,,3840000.0,2023-08-24 16:19:00,Apartman/Mesken,11.0,2023.0,,23703.703703703704
KAYSERİ,MELİKGAZİ,KÖŞKDAĞI MAHALLESİ,38.7069,35.5173,91.0,,,,2000000.0,2023-08-31 10:46:00,Apartman/Mesken,9.0,2023.0,,21978.021978021978
KAYSERİ,MELİKGAZİ,HÜRRİYET MAHALLESİ,38.7184,35.4674,115.0,,,,2000000.0,2023-08-28 11:14:00,Apartman/Mesken,8.0,2023.0,,17391.304347826088
KAYSERİ,MELİKGAZİ,YEŞİLYURT MAHALLESİ,38.7918,35.6197,120.0,,,,1800000.0,2023-08-28 11:34:00,Apartman/Mesken,2.0,2023.0,,15000.0
KAYSERİ,MELİKGAZİ,19 MAYIS MAHALLESİ,38.741915,35.382925,120.0,,,,1500000.0,2023-08-28 11:59:00,Apartman/Mesken,,2023.0,,12500.0
KAYSERİ,MELİKGAZİ,KEYKUBAT MAHALLESİ,38.7404,35.4078,152.0,,,,1500000.0,2023-08-28 16:15:00,Apartman/Mesken,3.0,2023.0,,9868.421052631578
KAYSERİ,MELİKGAZİ,DEMİRCİYAZISI MAHALLESİ,38.709075,35.44861,132.0,,,,1600000.0,2023-08-29 17:31:00,Apartman/Mesken,5.0,2023.0,,12121.212121212122
KAYSERİ,KOCASİNAN,ERKİLET GENERALEMİR MAHALLESİ,38.8071,35.4512,126.0,,,,1750000.0,2023-09-04 12:23:00,Apartman/Mesken,9.0,2023.0,,13888.888888888889
KAYSERİ,TALAS,TALAS MAHALLESİ,38.707101,35.572201,117.0,,,,1525000.0,2023-09-01 12:46:00,Apartman/Mesken,14.0,2023.0,,13034.188034188035
KAYSERİ,MELİKGAZİ,KÖŞKDAĞI MAHALLESİ,38.7182,35.5163,135.0,,,,2700000.0,2023-09-02 15:42:00,Apartman/Mesken,8.0,2023.0,,20000.0
KAYSERİ,MELİKGAZİ,BECEN MAHALLESİ,38.6701,35.4883,370.0,,,,11000000.0,2023-09-06 16:22:00,Apartman/Mesken,0.0,2023.0,,29729.72972972973
KAYSERİ,TALAS,TALAS MAHALLESİ,38.7104,35.565,74.0,,,,1400000.0,2023-09-07 09:35:00,Apartman/Mesken,3.0,2023.0,,18918.91891891892
KAYSERİ,MELİKGAZİ,ŞİRİNTEPE MAHALLESİ,38.737865,35.57705,97.0,,,,850000.0,2023-09-04 16:30:00,Apartman/Mesken,12.0,2023.0,,8762.886597938144
KAYSERİ,MELİKGAZİ,MELİKGAZİ MAHALLESİ,38.7259,35.5232,247.0,,,,4000000.0,2023-09-06 16:19:00,Apartman/Mesken,14.0,2023.0,,16194.331983805669
KAYSERİ,TALAS,TABLAKAYA MAHALLESİ,38.6984,35.5645,40.0,,,,850000.0,2023-09-07 16:55:00,Apartman/Mesken,,2023.0,,21250.0
KAYSERİ,TALAS,TALAS MAHALLESİ,38.7086,35.5682,118.0,,,,1350000.0,2023-09-06 10:39:00,Apartman/Mesken,14.0,2023.0,,11440.677966101695
KAYSERİ,MELİKGAZİ,KANLIYURT MAHALLESİ,38.7304,35.4321,122.0,,,,1540000.0,2023-09-06 11:00:00,Apartman/Mesken,5.0,2023.0,,12622.95081967213
KAYSERİ,TALAS,TALAS MAHALLESİ,38.705,35.573645,81.0,,,,1435000.0,2023-09-06 09:45:00,Apartman/Mesken,3.0,2023.0,,17716.04938271605
KAYSERİ,MELİKGAZİ,TONTAR MAHALLESİ,38.7119,35.4953,134.0,,,,1500000.0,2023-09-08 14:37:00,Apartman/Mesken,1.0,2023.0,,11194.029850746268
KAYSERİ,YEŞİLHİSAR,MAHMUDİYE Mah. MAHALLESİ,38.3465,35.0903,215.0,,,,1095000.0,2023-09-11 11:16:00,Apartman/Mesken,,2023.0,,5093.023255813953
KAYSERİ,TALAS,KİÇİKÖY MAHALLESİ,38.69528,35.542475,110.0,,,,1840000.0,2023-09-07 13:42:00,Apartman/Mesken,1.0,2023.0,,16727.272727272728
KAYSERİ,KOCASİNAN,ERKİLET OSMANGAZİ MAHALLESİ,38.7958,35.4589,96.0,,,,1470000.0,2023-09-12 09:16:00,Apartman/Mesken,1.0,2023.0,,15312.5
KAYSERİ,MELİKGAZİ,ALTINOLUK MAHALLESİ,38.6883,35.4332,308.0,,,,11610000.0,2023-09-11 16:08:00,Apartman/Mesken,-1.0,2023.0,,37694.805194805194
KAYSERİ,KOCASİNAN,YAVUZSELİM MAHALLESİ,38.7569,35.5632,123.0,,,,1500000.0,2023-09-11 12:00:00,Apartman/Mesken,2.0,2023.0,,12195.121951219513
KAYSERİ,KOCASİNAN,YILDIZEVLER MAHALLESİ,38.743225,35.538735,154.0,,,,2350000.0,2023-09-12 15:09:00,Apartman/Mesken,1.0,2023.0,,15259.74025974026
KAYSERİ,İNCESU,BAHÇESARAY MAHALLESİ,38.62883,35.17788,76.0,,,,900000.0,2023-09-13 16:38:00,Apartman/Mesken,0.0,2023.0,,11842.105263157895
KAYSERİ,MELİKGAZİ,ERENKÖY MAHALLESİ,38.6874,35.5343,402.0,,,,27660000.0,2023-09-19 17:22:00,Villa,-1.0,2023.0,,68805.97014925373
KAYSERİ,KOCASİNAN,ERTUĞRUL GAZİ MAHALLESİ,38.7959,35.4461,123.0,,,,1500000.0,2023-09-19 17:47:00,Apartman/Mesken,10.0,2023.0,,12195.121951219513
KAYSERİ,KOCASİNAN,SÜMER MAHALLESİ,38.7389,35.4703,150.0,,,,3150000.0,2023-09-20 13:54:00,Apartman/Mesken,12.0,2023.0,,21000.0
KAYSERİ,KOCASİNAN,ERKİLET OSMANGAZİ MAHALLESİ,38.7964,35.4589,128.0,,,,1750000.0,2023-09-15 17:31:00,Apartman/Mesken,2.0,2023.0,,13671.875
KAYSERİ,KOCASİNAN,ERKİLET GENERALEMİR MAHALLESİ,38.807975,35.4545,116.0,,,,930000.0,2023-09-15 14:17:00,Apartman/Mesken,0.0,2023.0,,8017.241379310345
KAYSERİ,TALAS,KOÇCAĞIZ Mah. MAHALLESİ,38.674101,35.826001,460.0,,,,890000.0,2023-09-18 16:24:00,Apartman/Mesken,,2023.0,,1934.7826086956522
KAYSERİ,MELİKGAZİ,KEYKUBAT MAHALLESİ,38.7412,35.3972,103.0,,,,1100000.0,2023-09-19 12:33:00,Apartman/Mesken,3.0,2023.0,,10679.611650485436
KAYSERİ,TALAS,HARMAN MAHALLESİ,38.68237,35.555435,100.0,,,,1325000.0,2023-09-19 13:50:00,Apartman/Mesken,1.0,2023.0,,13250.0
KAYSERİ,MELİKGAZİ,ERENKÖY MAHALLESİ,38.6777,35.517,489.0,,,,20400000.0,2023-09-21 16:18:00,Villa,-1.0,2023.0,,41717.79141104295
KAYSERİ,MELİKGAZİ,GESİ  MAHALLESİ,38.78175,35.604965,133.0,,,,1500000.0,2023-09-21 11:52:00,Apartman/Mesken,,2023.0,,11278.195488721805
KAYSERİ,MELİKGAZİ,KONAKLAR MAHALLESİ,38.742415,35.54986,130.0,,,,2100000.0,2023-09-21 11:52:00,Apartman/Mesken,,2023.0,,16153.846153846154
KAYSERİ,KOCASİNAN,KÖTÜGÖLLER MAHALLESİ,38.7579,35.4869,131.0,,,,2000000.0,2023-09-25 09:20:00,Apartman/Mesken,8.0,2023.0,,15267.175572519083
KAYSERİ,KOCASİNAN,ERTUĞRUL GAZİ MAHALLESİ,38.7887,35.4504,130.0,,,,2000000.0,2023-09-21 17:58:00,Apartman/Mesken,4.0,2023.0,,15384.615384615385
KAYSERİ,KOCASİNAN,ERTUĞRUL GAZİ MAHALLESİ,38.7849,35.4485,132.0,,,,2000000.0,2023-09-22 14:00:00,Apartman/Mesken,5.0,2023.0,,15151.515151515152
KAYSERİ,MELİKGAZİ,KÜÇÜKALİ MAHALLESİ,38.7119,35.4725,94.0,,,,1300000.0,2023-09-26 15:43:00,Apartman/Mesken,8.0,2023.0,,13829.787234042553
KAYSERİ,KOCASİNAN,ERKİLET OSMANGAZİ MAHALLESİ,38.7892,35.4594,127.0,,,,2100000.0,2023-09-26 10:38:00,Apartman/Mesken,4.0,2023.0,,16535.43307086614
KAYSERİ,KOCASİNAN,SÜMER MAHALLESİ,38.7437,35.4772,99.0,,,,950000.0,2023-09-27 09:04:00,Apartman/Mesken,0.0,2023.0,,9595.959595959595
KAYSERİ,KOCASİNAN,ERKİLET OSMANGAZİ MAHALLESİ,38.7875,35.4549,123.0,,,,2000000.0,2023-09-27 15:36:00,Apartman/Mesken,9.0,2023.0,,16260.162601626016
KAYSERİ,PINARBAŞI,GÜLTEPE Köyü MAHALLESİ,38.5307,36.2164,320.0,,,,580000.0,2023-09-26 17:05:00,Apartman/Mesken,,2023.0,,1812.5
KAYSERİ,MELİKGAZİ,OSMAN KAVUNCU MAHALLESİ,38.73274,35.43571,118.0,,,,1650000.0,2023-09-29 10:02:00,Apartman/Mesken,,2023.0,,13983.050847457627
KAYSERİ,MELİKGAZİ,GÜLÜK MAHALLESİ,38.7164,35.4776,178.0,2009.0,1.0,2.0,2500000.0,2023-09-29 14:03:00,Apartman/Mesken,3.0,2023.0,14.0,14044.943820224718
KAYSERİ,TALAS,YUKARI TALAS M MAHALLESİ,38.678501,35.569501,440.0,,,,11875000.0,2023-10-03 09:11:00,Apartman/Mesken,,2023.0,,26988.636363636364
KAYSERİ,İNCESU,VALİ İHSAN ARAS MAHALLESİ,38.6272,35.1868,153.0,,,,1380000.0,2023-09-29 10:36:00,Apartman/Mesken,0.0,2023.0,,9019.607843137255
KAYSERİ,MELİKGAZİ,GESİ MAHALLESİ,38.787945,35.61186,100.0,,,,1250000.0,2023-09-28 12:30:00,Apartman/Mesken,7.0,2023.0,,12500.0
KAYSERİ,MELİKGAZİ,GESİ MAHALLESİ,38.7847,35.6174,130.0,,,,1600000.0,2023-09-29 16:00:00,Apartman/Mesken,6.0,2023.0,,12307.692307692309
KAYSERİ,TALAS,TALAS MAHALLESİ,38.7168,35.5626,125.0,,,,2300000.0,2023-10-06 14:29:00,Apartman/Mesken,11.0,2023.0,,18400.0
KAYSERİ,MELİKGAZİ,ÇAY MAHALLESİ,38.6838,35.5306,390.0,,,,22500000.0,2023-10-09 10:27:00,Apartman/Mesken,0.0,2023.0,,57692.307692307695
KAYSERİ,MELİKGAZİ,ALPASLAN MAHALLESİ,38.7247,35.5128,146.0,2007.0,1.0,2.0,2500000.0,2023-10-10 13:39:00,Apartman/Mesken,4.0,2023.0,16.0,17123.287671232876
KAYSERİ,KOCASİNAN,KAVAKYAZISI 2.MINTIKA MAHALLESİ,38.7339,35.5184,216.0,,,,5590000.0,2023-10-10 15:36:00,Apartman/Mesken,3.0,2023.0,,25879.62962962963
KAYSERİ,MELİKGAZİ,DEMİRCİYAZISI MAHALLESİ,38.7017,35.4423,161.0,,,,3100000.0,2023-10-10 09:09:00,Apartman/Mesken,1.0,2023.0,,19254.658385093167
KAYSERİ,TALAS,TALAS MAHALLESİ,38.7081,35.5678,114.0,,,,1700000.0,2023-10-06 17:32:00,Apartman/Mesken,12.0,2023.0,,14912.280701754386
KAYSERİ,SARIOĞLAN,KIZILPINAR Mah. MAHALLESİ,39.14758,35.839965,99.0,,,,215000.0,2023-10-06 14:17:00,Apartman/Mesken,,2023.0,,2171.717171717172
KAYSERİ,TALAS,KİÇİKÖY MAHALLESİ,38.6971,35.5414,88.0,,,,1344000.0,2023-10-10 11:24:00,Apartman/Mesken,6.0,2023.0,,15272.727272727272
KAYSERİ,MELİKGAZİ,GESİ MAHALLESİ,38.782955,35.615615,151.0,,,,4300000.0,2023-10-12 10:56:00,Villa,1.0,2023.0,,28476.82119205298
KAYSERİ,MELİKGAZİ,GESİ MAHALLESİ,38.7891,35.6098,124.0,,,,1500000.0,2023-10-19 10:41:00,Apartman/Mesken,0.0,2023.0,,12096.774193548386
KAYSERİ,MELİKGAZİ,GÜLTEPE MAHALLESİ,38.7198,35.5188,141.0,,,,2700000.0,2023-10-19 14:31:00,Apartman/Mesken,5.0,2023.0,,19148.936170212764
KAYSERİ,MELİKGAZİ,YILDIRIM BEYAZIT  MAHALLESİ,38.72275,35.53281,132.0,,,,1715000.0,2023-10-17 17:14:00,Apartman/Mesken,,2023.0,,12992.424242424242
KAYSERİ,KOCASİNAN,KAVAKYAZISI MAHALLESİ,38.7312,35.5132,128.0,,,,1280000.0,2023-10-18 11:06:00,Apartman/Mesken,0.0,2023.0,,10000.0
KAYSERİ,MELİKGAZİ,AYDINLIKEVLER MAHALLESİ,38.7241,35.4649,102.0,,,,1200000.0,2023-10-26 10:34:00,Apartman/Mesken,1.0,2023.0,,11764.70588235294
KAYSERİ,KOCASİNAN,GÜNEŞLİ Mah. MAHALLESİ,38.9009,35.6268,200.0,,,,3700000.0,2023-10-28 11:04:00,Apartman/Mesken,,2023.0,,18500.0
KAYSERİ,TALAS,HARMAN MAHALLESİ,38.693115,35.547375,155.0,,,,2250000.0,2023-10-31 15:26:00,Apartman/Mesken,6.0,2023.0,,14516.129032258064
KAYSERİ,MELİKGAZİ,DEMİRCİYAZISI MAHALLESİ,38.7144,35.4558,155.0,,,,2045000.0,2023-11-03 10:18:00,Apartman/Mesken,1.0,2023.0,,13193.548387096775
KAYSERİ,MELİKGAZİ,DEMİRCİYAZISI MAHALLESİ,38.7089,35.45,137.0,,,,1800000.0,2023-11-03 10:30:00,Apartman/Mesken,8.0,2023.0,,13138.686131386861
KAYSERİ,KOCASİNAN,SÜMER MAHALLESİ,38.73491,35.47193,171.0,,,,3750000.0,2023-11-02 10:28:00,Apartman/Mesken,1.0,2023.0,,21929.824561403508
KAYSERİ,KOCASİNAN,KAVAKYAZISI MAHALLESİ,38.7274,35.5005,100.0,,,,1200000.0,2023-11-06 10:24:00,Apartman/Mesken,1.0,2023.0,,12000.0
KAYSERİ,KOCASİNAN,KAVAKYAZISI MAHALLESİ,38.7353,35.5174,152.0,,,,2500000.0,2023-11-08 09:27:00,Apartman/Mesken,5.0,2023.0,,16447.36842105263
KAYSERİ,TALAS,TALAS MAHALLESİ,38.710815,35.56538,138.0,,,,1850000.0,2023-11-03 15:48:00,Apartman/Mesken,6.0,2023.0,,13405.797101449276
KAYSERİ,KOCASİNAN,ERTUĞRUL GAZİ MAHALLESİ,38.7991,35.4439,130.0,,,,1600000.0,2023-11-06 11:47:00,Apartman/Mesken,4.0,2023.0,,12307.692307692309
KAYSERİ,TALAS,TALAS MAHALLESİ,38.703205,35.57327,91.0,,,,1300000.0,2023-11-03 17:20:00,Apartman/Mesken,3.0,2023.0,,14285.714285714286
KAYSERİ,KOCASİNAN,ERKİLET GENERALEMİR MAHALLESİ,38.8051,35.4506,166.0,,,,1600000.0,2023-11-08 10:39:00,Apartman/Mesken,9.0,2023.0,,9638.55421686747
KAYSERİ,TALAS,TALAS MAHALLESİ,38.7077,35.5705,125.0,,,,1500000.0,2023-11-09 15:04:00,Apartman/Mesken,8.0,2023.0,,12000.0
KAYSERİ,MELİKGAZİ,SARIMSAKLI Mah. MAHALLESİ,38.8831,35.718,186.0,,,,4250000.0,2023-11-14 09:02:00,Apartman/Mesken,,2023.0,,22849.462365591397
KAYSERİ,KOCASİNAN,AHİEVRAN MAHALLESİ,38.76575,35.56945,126.0,,,,1575000.0,2023-11-11 13:21:00,Apartman/Mesken,6.0,2023.0,,12500.0
KAYSERİ,MELİKGAZİ,AĞIRNAS Mah. MAHALLESİ,38.8171,35.7205,170.0,,,,1450000.0,2023-11-16 09:34:00,Apartman/Mesken,,2023.0,,8529.411764705883
KAYSERİ,YEŞİLHİSAR,KÖŞK MAHALLESİ,38.3539,35.0885,94.0,,,,1000000.0,2023-11-15 17:59:00,Apartman/Mesken,2.0,2023.0,,10638.297872340425
KAYSERİ,KOCASİNAN,KARPUZATAN DÜZ MAHALLESİ,38.7621,35.4622,115.0,,,,1380000.0,2023-11-15 11:34:00,Apartman/Mesken,3.0,2023.0,,12000.0
KAYSERİ,TALAS,TALAS MAHALLESİ,38.7024,35.5632,101.0,,,,2100000.0,2023-11-20 14:15:00,Apartman/Mesken,14.0,2023.0,,20792.079207920793
KAYSERİ,PINARBAŞI,HÜRRİYET MAHALLESİ,38.7242,36.3737,100.0,,,,1000000.0,2023-11-17 09:42:00,Apartman/Mesken,1.0,2023.0,,10000.0
KAYSERİ,MELİKGAZİ,DEMİRCİYAZISI MAHALLESİ,38.7031,35.4428,125.0,,,,2000000.0,2023-11-17 15:40:00,Apartman/Mesken,0.0,2023.0,,16000.0
KAYSERİ,MELİKGAZİ,GÜLÜK MAHALLESİ,38.7191,35.4741,75.0,,,,1100000.0,2023-11-17 12:13:00,Apartman/Mesken,5.0,2023.0,,14666.666666666666
KAYSERİ,TALAS,KAMBER Mah. MAHALLESİ,38.6401,35.7621,465.0,,,,5125000.0,2023-11-20 16:41:00,Apartman/Mesken,,2023.0,,11021.505376344086
KAYSERİ,KOCASİNAN,PERVANE MAHALLESİ,38.7443,35.4911,166.0,,,,4550000.0,2023-11-23 09:05:00,Apartman/Mesken,4.0,2023.0,,27409.63855421687
KAYSERİ,MELİKGAZİ,YILDIRIM BEYAZIT MAHALLESİ,38.72952,35.53346,130.0,,,,2175000.0,2023-11-22 17:54:00,Apartman/Mesken,9.0,2023.0,,16730.76923076923
KAYSERİ,MELİKGAZİ,19 MAYIS MAHALLESİ,38.7424,35.3813,131.0,,,,2100000.0,2023-11-29 15:39:00,Apartman/Mesken,8.0,2023.0,,16030.534351145037
KAYSERİ,KOCASİNAN,ERKİLET GENERALEMİR MAHALLESİ,38.8091,35.4571,115.0,,,,1350000.0,2023-11-28 13:37:00,Apartman/Mesken,1.0,2023.0,,11739.130434782608
KAYSERİ,KOCASİNAN,SÜMER MAHALLESİ,38.7384,35.4643,99.0,,,,950000.0,2023-11-30 10:09:00,Apartman/Mesken,0.0,2023.0,,9595.959595959595
KAYSERİ,MELİKGAZİ,DEMİRCİYAZISI MAHALLESİ,38.697345,35.44077,140.0,,,,2600000.0,2023-11-29 15:56:00,Apartman/Mesken,7.0,2023.0,,18571.428571428572
KAYSERİ,TALAS,TABLAKAYA MAHALLESİ,38.6983,35.5639,52.0,,,,1150000.0,2023-12-01 16:43:00,Apartman/Mesken,6.0,2023.0,,22115.384615384617
KAYSERİ,KOCASİNAN,TALATPAŞA Mah. MAHALLESİ,38.7533,35.5416,70.0,,,,500000.0,2023-12-06 09:45:00,Apartman/Mesken,,2023.0,,7142.857142857143
KAYSERİ,KOCASİNAN,SÜMER MAHALLESİ,38.7449,35.4836,138.0,,,,2350000.0,2023-12-05 09:40:00,Apartman/Mesken,5.0,2023.0,,17028.985507246376
KAYSERİ,TALAS,TALAS MAHALLESİ,38.70741,35.57183,118.0,,,,1550000.0,2023-12-04 17:38:00,Apartman/Mesken,12.0,2023.0,,13135.593220338984
KAYSERİ,DEVELİ,HARMAN MAHALLESİ,38.3974,35.4955,95.0,,,,1050000.0,2023-12-06 09:16:00,Apartman/Mesken,1.0,2023.0,,11052.631578947368
KAYSERİ,KOCASİNAN,ERKİLET OSMANGAZİ MAHALLESİ,38.7901,35.4582,122.0,,,,2100000.0,2023-12-07 10:46:00,Apartman/Mesken,6.0,2023.0,,17213.114754098362
KAYSERİ,KOCASİNAN,ERKİLET OSMANGAZİ MAHALLESİ,38.7916,35.4621,118.0,,,,1750000.0,2023-12-06 16:55:00,Apartman/Mesken,12.0,2023.0,,14830.50847457627
KAYSERİ,MELİKGAZİ,ÇAY MAHALLESİ,38.6856,35.5374,382.0,,,,16940000.0,2023-12-07 14:31:00,Apartman/Mesken,1.0,2023.0,,44345.549738219896
KAYSERİ,KOCASİNAN,SÜMER MAHALLESİ,38.74611,35.45201,110.0,,,,1375000.0,2023-12-06 14:26:00,Apartman/Mesken,2.0,2023.0,,12500.0
KAYSERİ,KOCASİNAN,AHİEVRAN MAHALLESİ,38.76634,35.57029,110.0,,,,1450000.0,2023-12-06 17:18:00,Apartman/Mesken,8.0,2023.0,,13181.818181818182
KAYSERİ,MELİKGAZİ,ERENKÖY MAHALLESİ,38.6879,35.5347,330.0,,,,25000000.0,2023-12-12 14:02:00,Villa,-1.0,2023.0,,75757.57575757576
KAYSERİ,DEVELİ,İBRAHİMAĞA MAHALLESİ,38.388501,35.485701,137.0,,,,900000.0,2023-12-08 15:40:00,Apartman/Mesken,-1.0,2023.0,,6569.343065693431
KAYSERİ,KOCASİNAN,PERVANE MAHALLESİ,38.7444,35.4981,152.0,,,,14540000.0,2023-12-14 09:00:00,Apartman/Mesken,1.0,2023.0,,95657.8947368421
KAYSERİ,TALAS,TALAS MAHALLESİ,38.7072,35.5589,120.0,,,,1700000.0,2023-12-13 11:06:00,Apartman/Mesken,12.0,2023.0,,14166.666666666666
KAYSERİ,TOMARZA,CUMHURİYET Mah. MAHALLESİ,38.448601,35.805101,330.0,,,,1280000.0,2023-12-11 19:09:00,Apartman/Mesken,,2023.0,,3878.787878787879
KAYSERİ,MELİKGAZİ,BAHÇELİEVLER MAHALLESİ,38.7717,35.5881,88.0,,,,1350000.0,2023-12-14 15:28:00,Apartman/Mesken,3.0,2023.0,,15340.90909090909
KAYSERİ,KOCASİNAN,KAVAKYAZISI MAHALLESİ,38.733279,35.51923,84.0,,,,1075000.0,2023-12-12 18:05:00,Apartman/Mesken,0.0,2023.0,,12797.619047619048
KAYSERİ,MELİKGAZİ,BAHÇELİEVLER MAHALLESİ,38.7728,35.5839,122.0,,,,2100000.0,2023-12-13 10:34:00,Apartman/Mesken,5.0,2023.0,,17213.114754098362
KAYSERİ,MELİKGAZİ,İBRAHİM TENNURİ M MAHALLESİ,38.6262,35.5151,112.0,,,,3310000.0,2023-12-13 16:53:00,Apartman/Mesken,,2023.0,,29553.571428571428
KAYSERİ,KOCASİNAN,ERTUĞRUL GAZİ MAHALLESİ,38.7879,35.4532,110.0,,,,1750000.0,2023-12-15 08:48:00,Apartman/Mesken,5.0,2023.0,,15909.09090909091
KAYSERİ,TALAS,KİÇİKÖY MAHALLESİ,38.6934,35.5632,64.0,,,,1200000.0,2023-12-18 09:03:00,Apartman/Mesken,1.0,2023.0,,18750.0
KAYSERİ,TALAS,TALAS MAHALLESİ,38.70579,35.56301,110.0,,,,1250000.0,2023-12-18 14:20:00,Apartman/Mesken,8.0,2023.0,,11363.636363636364
KAYSERİ,PINARBAŞI,KÜÇÜKGÜMÜŞGÜN Mah. MAHALLESİ,38.72659,36.409225,309.0,,,,2040000.0,2023-12-20 14:17:00,Apartman/Mesken,,2023.0,,6601.941747572816
KAYSERİ,MELİKGAZİ,GESİ MAHALLESİ,38.7858,35.6105,127.0,,,,1700000.0,2023-12-26 10:32:00,Apartman/Mesken,3.0,2023.0,,13385.826771653543
KAYSERİ,KOCASİNAN,KÖTÜGÖLLER MAHALLESİ,38.7619,35.4946,108.0,,,,1400000.0,2023-12-25 15:09:00,Apartman/Mesken,0.0,2023.0,,12962.962962962964
KAYSERİ,MELİKGAZİ,EĞRİBUCAK MAHALLESİ,38.6859,35.429,270.0,,,,12160000.0,2023-12-27 09:55:00,Apartman/Mesken,-1.0,2023.0,,45037.03703703704
KAYSERİ,KOCASİNAN,SÜMER MAHALLESİ,38.7453,35.4549,133.0,,,,1210000.0,2023-12-28 12:11:00,Apartman/Mesken,3.0,2023.0,,9097.744360902256
KAYSERİ,MELİKGAZİ,GESİ MAHALLESİ,38.787395,35.597134,129.0,,,,1550000.0,2023-12-26 12:22:00,Apartman/Mesken,5.0,2023.0,,12015.503875968992
KAYSERİ,KOCASİNAN,PERVANE MAHALLESİ,38.7575,35.4952,127.0,,,,1620000.0,2023-12-28 13:20:00,Apartman/Mesken,1.0,2023.0,,12755.905511811023
KAYSERİ,TALAS,TALAS MAHALLESİ,38.7021,35.5574,132.0,,,,1800000.0,2024-01-02 10:48:00,Apartman/Mesken,9.0,2024.0,,13636.363636363636
KAYSERİ,TALAS,TALAS MAHALLESİ,38.7046,35.5649,41.0,,,,1000000.0,2024-01-02 09:01:00,Apartman/Mesken,13.0,2024.0,,24390.243902439026
KAYSERİ,KOCASİNAN,KÖTÜGÖLLER MAHALLESİ,38.7592,35.4889,134.0,,,,1600000.0,2023-12-28 16:27:00,Apartman/Mesken,2.0,2023.0,,11940.298507462687
KAYSERİ,TALAS,TALAS MAHALLESİ,38.7158,35.5624,135.0,,,,2800000.0,2024-01-03 14:57:00,Apartman/Mesken,13.0,2024.0,,20740.74074074074
KAYSERİ,HACILAR,YEDİAĞAÇ MAHALLESİ,38.6429,35.432,68.0,,,,3200000.0,2024-01-05 09:02:00,Apartman/Mesken,0.0,2024.0,,47058.82352941176
KAYSERİ,KOCASİNAN,ŞEKER MAHALLESİ,38.7613,35.4035,111.0,,,,1800000.0,2024-01-05 09:02:00,Apartman/Mesken,2.0,2024.0,,16216.216216216217
KAYSERİ,KOCASİNAN,ŞEKER MAHALLESİ,38.773,35.4143,68.0,,,,1360000.0,2024-01-09 09:20:00,Apartman/Mesken,7.0,2024.0,,20000.0
KAYSERİ,MELİKGAZİ,TONTAR MAHALLESİ,38.697374,35.490665,125.0,,,,1250000.0,2024-01-05 17:30:00,Apartman/Mesken,2.0,2024.0,,10000.0
KAYSERİ,MELİKGAZİ,EĞRİBUCAK MAHALLESİ,38.6878,35.4496,170.0,,,,7000000.0,2024-01-09 13:32:00,Apartman/Mesken,0.0,2024.0,,41176.470588235294
KAYSERİ,KOCASİNAN,AHİEVRAN MAHALLESİ,38.76083,35.571355,110.0,,,,1300000.0,2024-01-05 13:27:00,Apartman/Mesken,8.0,2024.0,,11818.181818181818
KAYSERİ,KOCASİNAN,KÖTÜGÖLLER MAHALLESİ,38.7588,35.4845,81.0,,,,1000000.0,2024-01-08 12:06:00,Apartman/Mesken,0.0,2024.0,,12345.67901234568
KAYSERİ,MELİKGAZİ,İBRAHİM TENNURİ  MAHALLESİ,38.634015,35.518435,39.0,,,,1990000.0,2024-01-11 13:54:00,Apartman/Mesken,,2024.0,,51025.64102564102
KAYSERİ,MELİKGAZİ,ANBAR MAHALLESİ,38.7374,35.383,115.0,,,,1500000.0,2024-01-11 10:59:00,Apartman/Mesken,1.0,2024.0,,13043.478260869566
KAYSERİ,KOCASİNAN,YUVALI Mah. MAHALLESİ,38.823815,35.083155,216.0,,,,740000.0,2024-01-09 14:25:00,Apartman/Mesken,,2024.0,,3425.925925925926
KAYSERİ,KOCASİNAN,BEYAZŞEHİR MAHALLESİ,38.7841,35.5812,107.0,,,,1400000.0,2024-01-11 09:57:00,Apartman/Mesken,0.0,2024.0,,13084.11214953271
KAYSERİ,PINARBAŞI,HÜRRİYET MAHALLESİ,38.720685,36.373825,120.0,,,,1225000.0,2024-01-09 16:43:00,Apartman/Mesken,2.0,2024.0,,10208.333333333334
KAYSERİ,TALAS,TALAS MAHALLESİ,38.702765,35.554235,130.0,,,,1820000.0,2024-01-10 13:50:00,Apartman/Mesken,1.0,2024.0,,14000.0
KAYSERİ,KOCASİNAN,ŞEKER MAHALLESİ,38.7675,35.4171,101.0,,,,1370000.0,2024-01-12 11:13:00,Apartman/Mesken,1.0,2024.0,,13564.356435643564
KAYSERİ,TALAS,TALAS MAHALLESİ,38.708,35.5697,120.0,,,,1600000.0,2024-01-15 09:02:00,Apartman/Mesken,3.0,2024.0,,13333.333333333334
KAYSERİ,KOCASİNAN,MEHMET AKİF MAHALLESİ,38.7475,35.5161,126.0,,,,1900000.0,2024-01-12 15:39:00,Apartman/Mesken,2.0,2024.0,,15079.36507936508
KAYSERİ,KOCASİNAN,KAVAKYAZISI MAHALLESİ,38.737045,35.51576,130.0,,,,2275000.0,2024-01-11 13:12:00,Apartman/Mesken,3.0,2024.0,,17500.0
KAYSERİ,MELİKGAZİ,YILDIRIM BEYAZIT MAHALLESİ,38.72169,35.542815,184.0,,,,6370000.0,2024-01-15 16:47:00,Apartman/Mesken,13.0,2024.0,,34619.565217391304
KAYSERİ,MELİKGAZİ,BAHÇELİEVLER MAHALLESİ,38.771235,35.58045,89.0,,,,1450000.0,2024-01-12 13:45:00,Apartman/Mesken,2.0,2024.0,,16292.134831460675
KAYSERİ,SARIZ,ALTISÖĞÜT Köyü MAHALLESİ,38.44731,36.450645,286.0,,,,1365000.0,2024-01-12 10:09:00,Apartman/Mesken,,2024.0,,4772.727272727273
KAYSERİ,MELİKGAZİ,MİMARSİNAN Mah. MAHALLESİ,38.716755,35.59996,786.0,,,,12125000.0,2024-01-17 12:03:00,Apartman/Mesken,,2024.0,,15426.208651399491
KAYSERİ,KOCASİNAN,ERKİLET OSMANGAZİ MAHALLESİ,38.7891,35.4569,140.0,,,,1400000.0,2024-01-19 10:47:00,Apartman/Mesken,1.0,2024.0,,10000.0
KAYSERİ,İNCESU,BAHÇESARAY MAHALLESİ,38.6359,35.1941,108.0,,,,3200000.0,2024-01-18 14:32:00,Apartman/Mesken,7.0,2024.0,,29629.62962962963
KAYSERİ,KOCASİNAN,PERVANE MAHALLESİ,38.75287,35.496765,113.0,,,,1450000.0,2024-01-17 17:14:00,Apartman/Mesken,1.0,2024.0,,12831.858407079646
KAYSERİ,TALAS,KİÇİKÖY MAHALLESİ,38.69956,35.545604,127.0,,,,1700000.0,2024-01-17 15:56:00,Apartman/Mesken,3.0,2024.0,,13385.826771653543
KAYSERİ,PINARBAŞI,HÜRRİYET Mah. MAHALLESİ,38.7236,36.3895,100.0,,,,890000.0,2024-01-19 17:03:00,Apartman/Mesken,,2024.0,,8900.0
KAYSERİ,MELİKGAZİ,SELÇUKLU Mah. MAHALLESİ,38.697985,35.472025,311.0,,,,2250000.0,2024-01-19 14:37:00,Apartman/Mesken,,2024.0,,7234.726688102894
KAYSERİ,KOCASİNAN,YILDIZEVLER MAHALLESİ,38.7419,35.5398,230.0,,,,6000000.0,2024-01-23 09:24:00,Apartman/Mesken,13.0,2024.0,,26086.956521739132
KAYSERİ,KOCASİNAN,ERKİLET CAMİKEBİR MAHALLESİ,38.7826,35.4521,117.0,,,,1400000.0,2024-01-23 09:25:00,Apartman/Mesken,1.0,2024.0,,11965.811965811965
KAYSERİ,MELİKGAZİ,YILDIRIM BEYAZIT MAHALLESİ,38.7227,35.5326,132.0,,,,1800000.0,2024-01-22 10:19:00,Apartman/Mesken,7.0,2024.0,,13636.363636363636
KAYSERİ,KOCASİNAN,ERKİLET OSMANGAZİ MAHALLESİ,38.78914,35.45699500000001,140.0,,,,1400000.0,2024-01-19 12:29:00,Apartman/Mesken,6.0,2024.0,,10000.0
KAYSERİ,MELİKGAZİ,TALAS MAHALLESİ,38.71862,35.527435,240.0,,,,6260000.0,2024-01-23 15:14:00,Apartman/Mesken,0.0,2024.0,,26083.333333333332
KAYSERİ,KOCASİNAN,ESENTEPE Mah. MAHALLESİ,38.7561,35.5211,163.0,,,,2550000.0,2024-01-24 10:53:00,Apartman/Mesken,,2024.0,,15644.171779141105
KAYSERİ,KOCASİNAN,PERVANE MAHALLESİ,38.7511,35.4983,126.0,,,,2600000.0,2024-01-24 09:37:00,Apartman/Mesken,7.0,2024.0,,20634.920634920636
KAYSERİ,TALAS,HARMAN MAHALLESİ,38.6837,35.55258,140.0,,,,2350000.0,2024-01-24 09:16:00,Apartman/Mesken,3.0,2024.0,,16785.714285714286
KAYSERİ,KOCASİNAN,PERVANE MAHALLESİ,38.7415,35.493,154.0,,,,3750000.0,2024-01-26 12:25:00,Apartman/Mesken,3.0,2024.0,,24350.64935064935
KAYSERİ,TALAS,TALAS MAHALLESİ,38.70657,35.570855,110.0,,,,1265000.0,2024-01-24 10:59:00,Apartman/Mesken,10.0,2024.0,,11500.0
KAYSERİ,MELİKGAZİ,GESİ MAHALLESİ,38.7783,35.6137,203.0,,,,6000000.0,2024-01-30 09:13:00,Villa,1.0,2024.0,,29556.65024630542
KAYSERİ,TALAS,HARMAN MAHALLESİ,38.6837,35.55258,140.0,,,,2350000.0,2024-01-29 15:18:00,Apartman/Mesken,3.0,2024.0,,16785.714285714286
KAYSERİ,TALAS,TALAS MAHALLESİ,38.709515,35.568704,117.0,,,,1525000.0,2024-01-30 14:32:00,Apartman/Mesken,14.0,2024.0,,13034.188034188035
KAYSERİ,KOCASİNAN,KÖTÜGÖLLER MAHALLESİ,38.7528,35.4873,129.0,,,,1750000.0,2024-02-05 09:23:00,Apartman/Mesken,4.0,2024.0,,13565.891472868218
KAYSERİ,KOCASİNAN,KÖTÜGÖLLER MAHALLESİ,38.7748,35.4603,155.0,,,,4100000.0,2024-02-06 09:32:00,Apartman/Mesken,2.0,2024.0,,26451.612903225807
KAYSERİ,KOCASİNAN,HACI KILINÇ MAHALLESİ,38.7277,35.4927,179.0,,,,7000000.0,2024-02-06 11:54:00,Apartman/Mesken,13.0,2024.0,,39106.14525139665
KAYSERİ,YAHYALI,GAZİBEYLİ MAHALLESİ,38.096045,35.35824,115.0,,,,1600000.0,2024-02-06 09:29:00,Apartman/Mesken,1.0,2024.0,,13913.04347826087
KAYSERİ,MELİKGAZİ,ERCİYES Mah. MAHALLESİ,38.6369,35.5082,420.0,,,,3950000.0,2024-02-09 09:19:00,Apartman/Mesken,,2024.0,,9404.761904761905
KAYSERİ,MELİKGAZİ,KONAKLAR MAHALLESİ,38.7291,35.5473,99.0,,,,1200000.0,2024-02-08 11:58:00,Apartman/Mesken,,2024.0,,12121.212121212122
KAYSERİ,KOCASİNAN,ERKİLET GENERALEMİR MAHALLESİ,38.8029,35.4505,99.0,,,,940000.0,2024-02-09 17:47:00,Apartman/Mesken,1.0,2024.0,,9494.949494949495
KAYSERİ,MELİKGAZİ,YILDIRIM BEYAZIT MAHALLESİ,38.7223,35.5325,129.0,,,,2220000.0,2024-02-07 10:47:00,Apartman/Mesken,1.0,2024.0,,17209.302325581397
KAYSERİ,MELİKGAZİ,BATTALGAZİ MAHALLESİ,38.7056,35.4909,110.0,,,,1250000.0,2024-02-09 09:56:00,Apartman/Mesken,0.0,2024.0,,11363.636363636364
KAYSERİ,MELİKGAZİ,ALPASLAN MAHALLESİ,38.725285,35.511545,195.0,,,,4600000.0,2024-02-07 17:16:00,Apartman/Mesken,7.0,2024.0,,23589.74358974359
KAYSERİ,MELİKGAZİ,KÖŞKDAĞI MAHALLESİ,38.71838,35.517484,189.0,,,,3000000.0,2024-02-07 15:22:00,Apartman/Mesken,5.0,2024.0,,15873.015873015873
KAYSERİ,MELİKGAZİ,KÖŞKDAĞI MAHALLESİ,38.7185,35.5176,189.0,,,,3100000.0,2024-02-07 17:24:00,Apartman/Mesken,5.0,2024.0,,16402.1164021164
KAYSERİ,MELİKGAZİ,EĞRİBUCAK MAHALLESİ,38.6817,35.458,159.0,,,,7500000.0,2024-02-12 11:17:00,Villa,1.0,2024.0,,47169.811320754714
KAYSERİ,MELİKGAZİ,GÜLTEPE MAHALLESİ,38.7225,35.5129,164.0,2003.0,1.0,2.0,6000000.0,2024-02-13 08:52:00,Apartman/Mesken,10.0,2024.0,21.0,36585.365853658535
KAYSERİ,KOCASİNAN,ERKİLET 100.YIL MAHALLESİ,38.812,35.4548,98.0,,,,1100000.0,2024-02-09 16:27:00,Apartman/Mesken,0.0,2024.0,,11224.489795918367
KAYSERİ,KOCASİNAN,ERKİLET OSMANGAZİ MAHALLESİ,38.79558,35.4576,113.0,,,,1650000.0,2024-02-09 11:16:00,Apartman/Mesken,8.0,2024.0,,14601.769911504425
KAYSERİ,TALAS,TALAS MAHALLESİ,38.70497,35.56242,110.0,,,,1250000.0,2024-02-09 13:14:00,Apartman/Mesken,12.0,2024.0,,11363.636363636364
KAYSERİ,İNCESU,SARIKÜRKLÜ Mah. MAHALLESİ,38.6362,35.3083,460.0,,,,2610000.0,2024-02-14 15:35:00,Apartman/Mesken,,2024.0,,5673.913043478261
KAYSERİ,KOCASİNAN,SEYRANİ MAHALLESİ,38.7519,35.4817,131.0,,,,2400000.0,2024-02-16 12:33:00,Apartman/Mesken,13.0,2024.0,,18320.6106870229
KAYSERİ,İNCESU,BAHÇESARAY MAHALLESİ,38.635901,35.194101,108.0,,,,1600000.0,2024-02-15 16:13:00,Apartman/Mesken,4.0,2024.0,,14814.814814814816
KAYSERİ,TALAS,HARMAN MAHALLESİ,38.6849,35.5497,159.0,,,,3300000.0,2024-02-20 10:14:00,Apartman/Mesken,8.0,2024.0,,20754.716981132075
KAYSERİ,KOCASİNAN,ERKİLET 100.YIL MAHALLESİ,38.8111,35.4514,118.0,,,,1750000.0,2024-02-16 09:42:00,Apartman/Mesken,5.0,2024.0,,14830.50847457627
KAYSERİ,MELİKGAZİ,KONAKLAR MAHALLESİ,38.747105,35.55948,140.0,,,,1575000.0,2024-02-14 16:20:00,Apartman/Mesken,0.0,2024.0,,11250.0
KAYSERİ,MELİKGAZİ,KEYKUBAT MAHALLESİ,38.7428,35.3998,83.0,,,,1100000.0,2024-02-15 13:56:00,Apartman/Mesken,3.0,2024.0,,13253.012048192772
KAYSERİ,DEVELİ,YENİMAHALLE MAHALLESİ,38.4057,35.4858,140.0,,,,2600000.0,2024-02-20 09:06:00,Apartman/Mesken,2.0,2024.0,,18571.428571428572
KAYSERİ,KOCASİNAN,KAVAKYAZISI MAHALLESİ,38.73655,35.506384,100.0,,,,1100000.0,2024-02-19 16:36:00,Apartman/Mesken,5.0,2024.0,,11000.0
KAYSERİ,İNCESU,KARAKOYUNLU MAHALLESİ,38.6141,35.169,77.0,,,,920000.0,2024-02-21 09:16:00,Apartman/Mesken,0.0,2024.0,,11948.051948051949
KAYSERİ,TALAS,TALAS MAHALLESİ,38.7092,35.5682,115.0,,,,6300000.0,2024-02-21 09:02:00,Apartman/Mesken,9.0,2024.0,,54782.608695652176
KAYSERİ,MELİKGAZİ,OSMANLI Mah. MAHALLESİ,38.6963,35.4812,430.0,,,,3900000.0,2024-02-23 10:02:00,Apartman/Mesken,,2024.0,,9069.767441860466
KAYSERİ,TALAS,TALAS MAHALLESİ,38.7035,35.5606,125.0,,,,1300000.0,2024-02-21 15:07:00,Apartman/Mesken,7.0,2024.0,,10400.0
KAYSERİ,TOMARZA,2.MINTIKA MAHALLESİ,38.4593,35.8059,72.0,,,,1150000.0,2024-02-23 14:49:00,Apartman/Mesken,3.0,2024.0,,15972.222222222223
KAYSERİ,MELİKGAZİ,ANBAR MAHALLESİ,38.7416,35.3765,122.0,,,,2450000.0,2024-02-23 10:02:00,Apartman/Mesken,8.0,2024.0,,20081.967213114753
KAYSERİ,TALAS,TALAS MAHALLESİ,38.7035,35.5612,127.0,,,,1350000.0,2024-02-23 10:59:00,Apartman/Mesken,2.0,2024.0,,10629.92125984252
KAYSERİ,YAHYALI,SEYDİLİ MAHALLESİ,38.1049,35.3581,167.0,,,,2750000.0,2024-02-26 09:00:00,Apartman/Mesken,3.0,2024.0,,16467.065868263475
KAYSERİ,MELİKGAZİ,YILDIRIM BEYAZIT MAHALLESİ,38.72984,35.530295,157.0,,,,2750000.0,2024-02-21 18:09:00,Apartman/Mesken,5.0,2024.0,,17515.92356687898
KAYSERİ,KOCASİNAN,MİTHATPAŞA MAHALLESİ,38.7524,35.4669,134.0,,,,2015000.0,2024-02-26 10:04:00,Apartman/Mesken,1.0,2024.0,,15037.313432835821
KAYSERİ,TOMARZA,2.MINTIKA MAHALLESİ,38.4585,35.8089,72.0,,,,2200000.0,2024-02-26 10:18:00,Apartman/Mesken,0.0,2024.0,,30555.555555555555
KAYSERİ,TALAS,KİÇİKÖY MAHALLESİ,38.6953,35.5537,151.0,,,,4500000.0,2024-02-27 08:57:00,Apartman/Mesken,6.0,2024.0,,29801.324503311258
KAYSERİ,MELİKGAZİ,KÖŞKDAĞI MAHALLESİ,38.7197,35.5266,124.0,,,,3600000.0,2024-03-01 10:15:00,Apartman/Mesken,9.0,2024.0,,29032.25806451613
KAYSERİ,MELİKGAZİ,GESİ MAHALLESİ,38.7905,35.5897,80.0,,,,1060000.0,2024-02-28 11:33:00,Apartman/Mesken,2.0,2024.0,,13250.0
KAYSERİ,KOCASİNAN,PERVANE MAHALLESİ,38.758,35.4952,127.0,,,,1850000.0,2024-03-04 14:37:00,Apartman/Mesken,9.0,2024.0,,14566.929133858268
KAYSERİ,KOCASİNAN,ERKİLET OSMANGAZİ MAHALLESİ,38.7909,35.4622,160.0,,,,2200000.0,2024-03-01 09:32:00,Apartman/Mesken,2.0,2024.0,,13750.0
KAYSERİ,MELİKGAZİ,TONTAR MAHALLESİ,38.710915,35.493945,93.0,,,,1250000.0,2024-03-04 14:11:00,Apartman/Mesken,2.0,2024.0,,13440.860215053763
KAYSERİ,MELİKGAZİ,GESİ MAHALLESİ,38.7783,35.6038,193.0,,,,6530000.0,2024-03-05 14:28:00,Villa,1.0,2024.0,,33834.19689119171
KAYSERİ,KOCASİNAN,PERVANE MAHALLESİ,38.7352,35.4858,78.0,,,,800000.0,2024-03-06 10:53:00,Apartman/Mesken,0.0,2024.0,,10256.410256410256
KAYSERİ,KOCASİNAN,SÜMER  MAHALLESİ,38.7397,35.4688,160.0,,,,3360000.0,2024-03-11 16:46:00,Apartman/Mesken,,2024.0,,21000.0
KAYSERİ,MELİKGAZİ,MELİKGAZİ MAHALLESİ,38.7259,35.5232,247.0,,,,4120000.0,2024-03-06 12:18:00,Apartman/Mesken,14.0,2024.0,,16680.16194331984
KAYSERİ,TOMARZA,CUMHURİYET Mah. MAHALLESİ,38.447915,35.804289,120.0,,,,950000.0,2024-03-07 11:56:00,Apartman/Mesken,,2024.0,,7916.666666666667
KAYSERİ,MELİKGAZİ,GESİ MAHALLESİ,38.788775,35.60684,165.0,,,,3300000.0,2024-03-05 15:49:00,Apartman/Mesken,1.0,2024.0,,20000.0
KAYSERİ,PINARBAŞI,HÜRRİYET MAHALLESİ,38.72457,36.37447,75.0,,,,900000.0,2024-03-06 14:55:00,Apartman/Mesken,0.0,2024.0,,12000.0
KAYSERİ,KOCASİNAN,YEMLİHA MAHALLESİ,38.8767,35.2494,171.0,,,,1370000.0,2024-03-07 17:19:00,Apartman/Mesken,1.0,2024.0,,8011.695906432748
KAYSERİ,MELİKGAZİ,GESİ MAHALLESİ,38.7782,35.614,203.0,,,,6000000.0,2024-03-10 23:22:00,Villa,1.0,2024.0,,29556.65024630542
KAYSERİ,TALAS,KİÇİKÖY MAHALLESİ,38.6933,35.5631,71.0,,,,1349000.0,2024-03-07 15:25:00,Apartman/Mesken,2.0,2024.0,,19000.0
KAYSERİ,KOCASİNAN,ZİYA GÖKALP MAHALLESİ,38.7483,35.4461,73.0,,,,700000.0,2024-03-12 10:52:00,Apartman/Mesken,1.0,2024.0,,9589.04109589041
KAYSERİ,KOCASİNAN,ERKİLET OSMANGAZİ MAHALLESİ,38.787,35.4563,129.0,,,,1950000.0,2024-03-12 11:54:00,Apartman/Mesken,6.0,2024.0,,15116.279069767443
KAYSERİ,KOCASİNAN,ERKİLET OSMANGAZİ MAHALLESİ,38.7888,35.4552,131.0,,,,1700000.0,2024-03-11 10:37:00,Apartman/Mesken,5.0,2024.0,,12977.099236641221
KAYSERİ,İNCESU,VALİ İHSAN ARAS MAHALLESİ,38.627201,35.186801,155.0,,,,1740000.0,2024-03-11 14:14:00,Apartman/Mesken,,2024.0,,11225.806451612903
KAYSERİ,TALAS,TALAS MAHALLESİ,38.70905,35.55175,125.0,,,,1550000.0,2024-03-11 14:44:00,Apartman/Mesken,12.0,2024.0,,12400.0
KAYSERİ,TALAS,TALAS MAHALLESİ,38.70271,35.568595,120.0,,,,1650000.0,2024-03-11 11:01:00,Apartman/Mesken,3.0,2024.0,,13750.0
KAYSERİ,MELİKGAZİ,KÜÇÜKALİ MAHALLESİ,38.7125,35.4721,139.0,,,,2750000.0,2024-03-13 09:09:00,Apartman/Mesken,2.0,2024.0,,19784.172661870503
KAYSERİ,MELİKGAZİ,1.ESKİŞEHİR MAHALLESİ,38.71498,35.4772,151.0,,,,2250000.0,2024-03-13 10:07:00,Apartman/Mesken,8.0,2024.0,,14900.662251655629
KAYSERİ,MELİKGAZİ,SELÇUKLU Mah. MAHALLESİ,38.6998,35.4689,384.0,,,,3050000.0,2024-03-13 13:25:00,Apartman/Mesken,,2024.0,,7942.708333333333
KAYSERİ,MELİKGAZİ,AĞIRNAS Mah. MAHALLESİ,38.8248,35.7241,249.0,,,,3000000.0,2024-03-18 10:39:00,Apartman/Mesken,,2024.0,,12048.192771084337
KAYSERİ,TALAS,HARMAN MAHALLESİ,38.6881,35.5434,84.0,,,,2850000.0,2024-03-17 14:19:00,Apartman/Mesken,4.0,2024.0,,33928.57142857143
KAYSERİ,MELİKGAZİ,ÇAY MAHALLESİ,38.6908,35.5184,442.0,,,,23530000.0,2024-03-17 02:27:00,Apartman/Mesken,0.0,2024.0,,53235.294117647056
KAYSERİ,MELİKGAZİ,ŞİRİNTEPE MAHALLESİ,38.73554,35.576955,110.0,,,,1100000.0,2024-03-14 15:44:00,Apartman/Mesken,13.0,2024.0,,10000.0
KAYSERİ,TALAS,TALAS MAHALLESİ,38.7087,35.5668,170.0,,,,2600000.0,2024-03-19 11:57:00,Apartman/Mesken,9.0,2024.0,,15294.117647058823
KAYSERİ,KOCASİNAN,UĞUREVLER MAHALLESİ,38.7381,35.5261,131.0,,,,2800000.0,2024-03-20 09:11:00,Apartman/Mesken,5.0,2024.0,,21374.045801526718
KAYSERİ,TALAS,TALAS MAHALLESİ,38.70196,35.55314,154.0,,,,3300000.0,2024-03-21 10:42:00,Apartman/Mesken,10.0,2024.0,,21428.571428571428
KAYSERİ,KOCASİNAN,SÜMER MAHALLESİ,38.7399,35.4539,102.0,,,,1250000.0,2024-03-25 09:12:00,Apartman/Mesken,3.0,2024.0,,12254.901960784313
KAYSERİ,KOCASİNAN,KAVAKYAZISI 2.MINTIKA MAHALLESİ,38.7383,35.5164,190.0,,,,6250000.0,2024-03-21 16:48:00,Apartman/Mesken,7.0,2024.0,,32894.73684210526
KAYSERİ,MELİKGAZİ,KAZIMKARABEKİR MAHALLESİ,38.7199,35.4509,127.0,,,,2160000.0,2024-03-28 16:27:00,Apartman/Mesken,10.0,2024.0,,17007.87401574803
KAYSERİ,KOCASİNAN,PERVANE MAHALLESİ,38.7443,35.4911,164.0,,,,5250000.0,2024-03-26 08:55:00,Apartman/Mesken,13.0,2024.0,,32012.19512195122
KAYSERİ,TALAS,TALAS MAHALLESİ,38.7016,35.5439,161.0,,,,4300000.0,2024-03-27 09:36:00,Apartman/Mesken,8.0,2024.0,,26708.07453416149
KAYSERİ,KOCASİNAN,ŞEKER MAHALLESİ,38.7694,35.4159,49.0,,,,1280000.0,2024-03-28 09:22:00,Apartman/Mesken,4.0,2024.0,,26122.448979591838
KAYSERİ,KOCASİNAN,PERVANE MAHALLESİ,38.7427,35.4891,121.0,,,,1400000.0,2024-03-27 09:12:00,Apartman/Mesken,4.0,2024.0,,11570.247933884297
KAYSERİ,MELİKGAZİ,KAZIM KARABEKİR MAHALLESİ,38.7215,35.4506,108.0,,,,2250000.0,2024-03-27 09:39:00,Apartman/Mesken,1.0,2024.0,,20833.333333333332
KAYSERİ,MELİKGAZİ,GÜLTEPE MAHALLESİ,38.71805,35.50704,237.0,,,,7490000.0,2024-03-27 11:03:00,Apartman/Mesken,7.0,2024.0,,31603.37552742616
KAYSERİ,TALAS,KİÇİKÖY MAHALLESİ,38.6953,35.5537,151.0,,,,4500000.0,2024-04-01 09:42:00,Apartman/Mesken,3.0,2024.0,,29801.324503311258
KAYSERİ,TALAS,TALAS MAHALLESİ,38.7073,35.564,115.0,,,,1550000.0,2024-04-03 08:54:00,Apartman/Mesken,5.0,2024.0,,13478.260869565218
KAYSERİ,TALAS,KİÇİKÖY MAHALLESİ,38.6976,35.5393,77.0,,,,5500000.0,2024-04-04 09:32:00,Apartman/Mesken,4.0,2024.0,,71428.57142857143
KAYSERİ,TALAS,HAN MAHALLESİ,38.6876,35.5611,107.0,,,,1285000.0,2024-04-02 14:09:00,Apartman/Mesken,0.0,2024.0,,12009.345794392524
KAYSERİ,TALAS,TALAS MAHALLESİ,38.7183,35.5557,138.0,,,,1500000.0,2024-04-05 10:44:00,Apartman/Mesken,0.0,2024.0,,10869.565217391304
KAYSERİ,TALAS,TALAS MAHALLESİ,38.7016,35.5439,161.0,,,,4500000.0,2024-04-04 08:58:00,Apartman/Mesken,4.0,2024.0,,27950.31055900621
KAYSERİ,KOCASİNAN,YILDIZEVLER MAHALLESİ,38.7387,35.536,204.0,,,,6500000.0,2024-04-05 15:43:00,Apartman/Mesken,5.0,2024.0,,31862.745098039217
KAYSERİ,MELİKGAZİ,ALTINOLUK MAHALLESİ,38.6861,35.4372,299.0,,,,12850000.0,2024-04-06 10:57:00,Apartman/Mesken,0.0,2024.0,,42976.58862876254
KAYSERİ,MELİKGAZİ,1.ESKİŞEHİR MAHALLESİ,38.6943,35.4883,130.0,,,,1600000.0,2024-04-09 12:38:00,Apartman/Mesken,1.0,2024.0,,12307.692307692309
KAYSERİ,KOCASİNAN,ERKİLET Mah. MAHALLESİ,38.817975,35.457535,360.0,,,,7715000.0,2024-04-16 16:37:00,Apartman/Mesken,,2024.0,,21430.555555555555
KAYSERİ,KOCASİNAN,ERKİLET OSMANGAZİ MAHALLESİ,38.7983,35.4566,107.0,,,,1500000.0,2024-04-16 11:32:00,Apartman/Mesken,3.0,2024.0,,14018.691588785046
KAYSERİ,DEVELİ,HARMAN MAHALLESİ,38.4031,35.4928,119.0,,,,1250000.0,2024-04-17 12:31:00,Apartman/Mesken,1.0,2024.0,,10504.20168067227
KAYSERİ,KOCASİNAN,KÖTÜGÖLLER MAHALLESİ,38.7616,35.4929,124.0,,,,2250000.0,2024-04-19 16:11:00,Apartman/Mesken,9.0,2024.0,,18145.16129032258
KAYSERİ,MELİKGAZİ,GESİ MAHALLESİ,38.785065,35.600725,130.0,,,,2100000.0,2024-04-19 12:26:00,Apartman/Mesken,11.0,2024.0,,16153.846153846154
KAYSERİ,MELİKGAZİ,YEŞİLYURT MAHALLESİ,38.7951,35.5931,128.0,,,,2000000.0,2024-04-24 09:51:00,Apartman/Mesken,8.0,2024.0,,15625.0
KAYSERİ,KOCASİNAN,ERKİLET OSMANGAZİ MAHALLESİ,38.7878,35.4573,128.0,,,,2000000.0,2024-04-22 17:41:00,Apartman/Mesken,1.0,2024.0,,15625.0
KAYSERİ,KOCASİNAN,KAVAKYAZISI MAHALLESİ,38.7373,35.5089,120.0,,,,1500000.0,2024-04-25 08:51:00,Apartman/Mesken,7.0,2024.0,,12500.0
KAYSERİ,KOCASİNAN,YILDIZEVLER MAHALLESİ,38.7457,35.5332,117.0,,,,1800000.0,2024-04-26 09:38:00,Apartman/Mesken,8.0,2024.0,,15384.615384615385
KAYSERİ,MELİKGAZİ,GESİ MAHALLESİ,38.7849,35.6007,130.0,,,,2100000.0,2024-04-22 15:02:00,Apartman/Mesken,10.0,2024.0,,16153.846153846154
KAYSERİ,TALAS,HARMAN MAHALLESİ,38.687,35.5434,131.0,,,,3500000.0,2024-04-25 10:15:00,Apartman/Mesken,12.0,2024.0,,26717.557251908398
KAYSERİ,MELİKGAZİ,GÜLÜK MAHALLESİ,38.7208,35.4735,115.0,,,,1050000.0,2024-04-24 09:32:00,Apartman/Mesken,7.0,2024.0,,9130.434782608696
KAYSERİ,MELİKGAZİ,DEMİRCİYAZISI MAHALLESİ,38.699465,35.44802,157.0,,,,2750000.0,2024-04-25 08:50:00,Apartman/Mesken,2.0,2024.0,,17515.92356687898
KAYSERİ,MELİKGAZİ,KEYKUBAT MAHALLESİ,38.741,35.4078,95.0,,,,1650000.0,2024-04-28 22:42:00,Apartman/Mesken,5.0,2024.0,,17368.42105263158
KAYSERİ,KOCASİNAN,BEYAZŞEHİR MAHALLESİ,38.7848,35.5821,121.0,,,,1800000.0,2024-04-28 22:42:00,Apartman/Mesken,10.0,2024.0,,14876.03305785124
KAYSERİ,KOCASİNAN,ERTUĞRUL GAZİ MAHALLESİ,38.785195,35.452295,128.0,,,,1920000.0,2024-04-25 14:59:00,Apartman/Mesken,9.0,2024.0,,15000.0
KAYSERİ,MELİKGAZİ,GÜLTEPE MAHALLESİ,38.7191,35.5109,133.0,,,,3200000.0,2024-04-30 11:59:00,Apartman/Mesken,6.0,2024.0,,24060.15037593985
KAYSERİ,HACILAR,YADİAĞAÇ MAHALLESİ,38.62572,35.440535,345.0,,,,6635000.0,2024-05-07 11:20:00,Apartman/Mesken,,2024.0,,19231.884057971016
KAYSERİ,KOCASİNAN,YENİDOĞAN MAHALLESİ,38.7439,35.4337,133.0,,,,2200000.0,2024-05-07 09:09:00,Apartman/Mesken,5.0,2024.0,,16541.353383458645
KAYSERİ,KOCASİNAN,SÜMER MAHALLESİ,38.7433,35.4846,104.0,,,,1300000.0,2024-05-05 10:40:00,Apartman/Mesken,0.0,2024.0,,12500.0
KAYSERİ,TALAS,KİÇİKÖY MAHALLESİ,38.69742,35.541995,141.0,,,,1975000.0,2024-05-06 11:26:00,Apartman/Mesken,4.0,2024.0,,14007.09219858156
KAYSERİ,KOCASİNAN,BEYAZŞEHİR MAHALLESİ,38.783235,35.59408,115.0,,,,1550000.0,2024-05-03 16:30:00,Apartman/Mesken,2.0,2024.0,,13478.260869565218
KAYSERİ,MELİKGAZİ,EĞRİBUCAK MAHALLESİ,38.6817,35.4446,160.0,,,,8000000.0,2024-05-08 13:47:00,Apartman/Mesken,1.0,2024.0,,50000.0
KAYSERİ,İNCESU,ÖRENŞEHİR Mah. MAHALLESİ,38.7003,35.2211,340.0,,,,4730000.0,2024-05-09 09:34:00,Apartman/Mesken,,2024.0,,13911.764705882353
KAYSERİ,KOCASİNAN,PERVANE MAHALLESİ,38.7467,35.4965,150.0,,,,3150000.0,2024-05-10 09:12:00,Apartman/Mesken,9.0,2024.0,,21000.0
KAYSERİ,MELİKGAZİ,MİMARSİNAN MAHALLESİ,38.729415,35.579939,125.0,,,,1700000.0,2024-05-07 15:57:00,Apartman/Mesken,4.0,2024.0,,13600.0
KAYSERİ,KOCASİNAN,SÜMER MAHALLESİ,38.7421,35.4647,103.0,,,,1000000.0,2024-05-12 14:02:00,Apartman/Mesken,0.0,2024.0,,9708.73786407767
KAYSERİ,KOCASİNAN,PERVANE MAHALLESİ,38.741405,35.503925,159.0,,,,3340000.0,2024-05-09 17:45:00,Apartman/Mesken,13.0,2024.0,,21006.2893081761
KAYSERİ,MELİKGAZİ,KEYKUBAT MAHALLESİ,38.7446,35.3938,100.0,,,,1300000.0,2024-05-14 10:06:00,Apartman/Mesken,3.0,2024.0,,13000.0
KAYSERİ,MELİKGAZİ,GESİ MAHALLESİ,38.7854,35.6187,130.0,,,,2350000.0,2024-05-13 15:10:00,Apartman/Mesken,2.0,2024.0,,18076.923076923078
KAYSERİ,MELİKGAZİ,ALPASLAN MAHALLESİ,38.7274,35.5167,208.0,,,,5150000.0,2024-05-15 09:15:00,Apartman/Mesken,1.0,2024.0,,24759.615384615383
KAYSERİ,MELİKGAZİ,YEŞİLYURT Mah. MAHALLESİ,38.79889,35.631345,510.0,,,,1500000.0,2024-05-14 10:32:00,Apartman/Mesken,,2024.0,,2941.176470588235
KAYSERİ,KOCASİNAN,ERTUĞRUL GAZİ MAHALLESİ,38.7856,35.4503,122.0,,,,2100000.0,2024-05-16 11:46:00,Apartman/Mesken,7.0,2024.0,,17213.114754098362
KAYSERİ,TALAS,TALAS MAHALLESİ,38.7135,35.5602,92.0,,,,26300000.0,2024-05-17 09:29:00,Apartman/Mesken,9.0,2024.0,,285869.5652173913
KAYSERİ,TALAS,TALAS MAHALLESİ,38.7132,35.5607,145.0,,,,14200000.0,2024-05-17 09:29:00,Apartman/Mesken,2.0,2024.0,,97931.03448275862
KAYSERİ,KOCASİNAN,HACI KILINÇ MAHALLESİ,38.728265,35.491485,70.0,,,,1600000.0,2024-05-16 09:52:00,Apartman/Mesken,2.0,2024.0,,22857.14285714286
KAYSERİ,MELİKGAZİ,FATİH MAHALLESİ,38.7435,35.5834,125.0,,,,2250000.0,2024-05-21 12:02:00,Apartman/Mesken,5.0,2024.0,,18000.0
KAYSERİ,MELİKGAZİ,GESİ MAHALLESİ,38.7805,35.6056,206.0,,,,6800000.0,2024-05-21 09:31:00,Villa,1.0,2024.0,,33009.70873786408
KAYSERİ,KOCASİNAN,ERKİLET OSMANGAZİ MAHALLESİ,38.799105,35.456105,125.0,,,,1750000.0,2024-05-17 14:39:00,Apartman/Mesken,2.0,2024.0,,14000.0
KAYSERİ,KOCASİNAN,ERTUĞRUL GAZİ MAHALLESİ,38.801,35.4433,242.0,,,,12500000.0,2024-05-22 11:11:00,Villa,-1.0,2024.0,,51652.89256198347
KAYSERİ,KOCASİNAN,PERVANE MAHALLESİ,38.7472,35.4992,155.0,,,,3300000.0,2024-05-21 17:39:00,Apartman/Mesken,9.0,2024.0,,21290.322580645163
KAYSERİ,KOCASİNAN,SÜMER MAHALLESİ,38.74,35.4513,100.0,,,,1000000.0,2024-05-24 11:11:00,Apartman/Mesken,1.0,2024.0,,10000.0
KAYSERİ,KOCASİNAN,ERKİLET MEHMET AKİF ERSOY MAHALLESİ,38.7982,35.450865,100.0,,,,1250000.0,2024-05-21 17:17:00,Apartman/Mesken,0.0,2024.0,,12500.0
KAYSERİ,KOCASİNAN,ŞEKER MAHALLESİ,38.7675,35.4171,101.0,,,,1600000.0,2024-05-28 08:58:00,Apartman/Mesken,1.0,2024.0,,15841.584158415842
KAYSERİ,DEVELİ,YENİMAHALLE MAHALLESİ,38.3973,35.4732,92.0,,,,1400000.0,2024-05-29 08:45:00,Apartman/Mesken,0.0,2024.0,,15217.391304347826
KAYSERİ,MELİKGAZİ,BATTALGAZİ MAHALLESİ,38.700295,35.473935,77.0,,,,1250000.0,2024-05-27 16:36:00,Apartman/Mesken,4.0,2024.0,,16233.766233766233
KAYSERİ,KOCASİNAN,ERKİLET OSMANGAZİ MAHALLESİ,38.7909,35.4616,111.0,,,,1700000.0,2024-05-28 14:18:00,Apartman/Mesken,3.0,2024.0,,15315.315315315316
KAYSERİ,MELİKGAZİ,AKKAYA MAHALLESİ,38.6971,35.432,270.0,,,,9900000.0,2024-05-31 08:50:00,Apartman/Mesken,,2024.0,,36666.666666666664
KAYSERİ,HACILAR,HACILAR MAHALLESİ,38.6456,35.4582,145.0,,,,2070000.0,2024-06-03 10:35:00,Apartman/Mesken,2.0,2024.0,,14275.862068965518
KAYSERİ,TALAS,TALAS MAHALLESİ,38.6986,35.5507,144.0,,,,1750000.0,2024-06-03 15:58:00,Apartman/Mesken,9.0,2024.0,,12152.777777777777
KAYSERİ,KOCASİNAN,ZİYA GÖKALP MAHALLESİ,38.7428,35.4361,98.0,,,,1050000.0,2024-06-04 09:37:00,Apartman/Mesken,0.0,2024.0,,10714.285714285714
KAYSERİ,TALAS,HARMAN MAHALLESİ,38.6936,35.5448,122.0,,,,3355000.0,2024-05-31 16:49:00,Apartman/Mesken,5.0,2024.0,,27500.0
KAYSERİ,TALAS,KİÇİKÖY MAHALLESİ,38.693085,35.55084,122.0,,,,2200000.0,2024-05-31 12:35:00,Apartman/Mesken,6.0,2024.0,,18032.786885245903
KAYSERİ,MELİKGAZİ,KAZIM KARABEKİR MAHALLESİ,38.72019,35.450885,127.0,,,,2200000.0,2024-06-04 14:02:00,Apartman/Mesken,,2024.0,,17322.834645669293
KAYSERİ,MELİKGAZİ,KONAKLAR MAHALLESİ,38.749245,35.556935,129.0,,,,1600000.0,2024-06-04 09:39:00,Apartman/Mesken,1.0,2024.0,,12403.100775193798
KAYSERİ,MELİKGAZİ,ERENKÖY MAHALLESİ,38.6797,35.5276,334.0,,,,16450000.0,2024-06-07 08:57:00,Apartman/Mesken,1.0,2024.0,,49251.49700598802
KAYSERİ,İNCESU,VALİ İHSAN ARAS MAHALLESİ,38.621655,35.18241,143.0,,,,1600000.0,2024-06-06 15:06:00,Apartman/Mesken,1.0,2024.0,,11188.811188811189
KAYSERİ,KOCASİNAN,KARPUZATAN DÜZ MAHALLESİ,38.7612,35.4609,121.0,,,,1600000.0,2024-06-07 16:30:00,Apartman/Mesken,1.0,2024.0,,13223.140495867769
KAYSERİ,MELİKGAZİ,AYDINLAR MAHALLESİ,38.7192,35.4723,90.0,,,,910000.0,2024-06-27 10:58:00,Apartman/Mesken,,2024.0,,10111.111111111111
KAYSERİ,MELİKGAZİ,AYDINLAR MAHALLESİ,38.7188,35.4726,340.0,,,,4400000.0,2024-06-27 11:00:00,Apartman/Mesken,,2024.0,,12941.176470588236
KAYSERİ,KOCASİNAN,KÖTÜGÖLLER MAHALLESİ,38.7541,35.49,123.0,,,,2100000.0,2024-06-13 09:37:00,Apartman/Mesken,2.0,2024.0,,17073.170731707316
KAYSERİ,MELİKGAZİ,YUKARI MERKEP MEYDANI M MAHALLESİ,38.6688,35.4813,510.0,,,,11375000.0,2024-06-12 15:29:00,Apartman/Mesken,,2024.0,,22303.92156862745
KAYSERİ,MELİKGAZİ,KONAKLAR MAHALLESİ,38.7385,35.5387,135.0,,,,2500000.0,2024-06-14 08:51:00,Apartman/Mesken,3.0,2024.0,,18518.51851851852
KAYSERİ,TALAS,TALAS MAHALLESİ,38.71850999999999,35.562375,140.0,,,,1500000.0,2024-06-13 16:57:00,Apartman/Mesken,11.0,2024.0,,10714.285714285714
KAYSERİ,KOCASİNAN,YENİDOĞAN MAHALLESİ,38.7441,35.4337,133.0,,,,2100000.0,2024-06-25 16:43:00,Apartman/Mesken,4.0,2024.0,,15789.473684210527
KAYSERİ,KOCASİNAN,KAVAKYAZISI MAHALLESİ,38.733625,35.52056,107.0,,,,1650000.0,2024-06-28 12:13:00,Apartman/Mesken,1.0,2024.0,,15420.56074766355
KAYSERİ,MELİKGAZİ,YENİ MAHALLE MAHALLESİ,38.7203,35.5393,238.0,,,,6200000.0,2024-07-01 12:27:00,Apartman/Mesken,12.0,2024.0,,26050.420168067227
KAYSERİ,YAHYALI,SEYDİLİ MAHALLESİ,38.1036,35.3571,136.0,,,,2900000.0,2024-07-02 14:38:00,Apartman/Mesken,1.0,2024.0,,21323.529411764706
KAYSERİ,MELİKGAZİ,KANLIYURT MAHALLESİ,38.7349,35.4284,149.0,,,,1650000.0,2024-07-02 16:07:00,Apartman/Mesken,2.0,2024.0,,11073.825503355705
KAYSERİ,KOCASİNAN,SÜMER MAHALLESİ,38.7473,35.458,92.0,,,,1100000.0,2024-07-03 15:08:00,Apartman/Mesken,0.0,2024.0,,11956.521739130434
KAYSERİ,MELİKGAZİ,KONAKLAR MAHALLESİ,38.73247,35.556625,120.0,,,,3300000.0,2024-07-04 11:21:00,Apartman/Mesken,11.0,2024.0,,27500.0
KAYSERİ,MELİKGAZİ,GESİ MAHALLESİ,38.785315,35.61862,115.0,,,,2200000.0,2024-07-05 16:54:00,Apartman/Mesken,11.0,2024.0,,19130.434782608696
KAYSERİ,KOCASİNAN,CUMHURİYET MAHALLESİ,38.7429,35.5112,96.0,,,,1200000.0,2024-07-09 16:03:00,Apartman/Mesken,3.0,2024.0,,12500.0
KAYSERİ,MELİKGAZİ,MİMARSİNAN  MAHALLESİ,38.758175,35.59078,122.0,,,,4125000.0,2024-07-08 14:11:00,Apartman/Mesken,,2024.0,,33811.475409836065
KAYSERİ,MELİKGAZİ,GÜLTEPE MAHALLESİ,38.7213,35.5168,136.0,,,,3400000.0,2024-07-11 16:16:00,Apartman/Mesken,4.0,2024.0,,25000.0
KAYSERİ,TALAS,TALAS MAHALLESİ,38.7056,35.5479,135.0,,,,2600000.0,2024-07-12 17:56:00,Apartman/Mesken,7.0,2024.0,,19259.25925925926
KAYSERİ,MELİKGAZİ,MİMARSİNAN MAHALLESİ,38.7682,35.6089,55.0,,,,970000.0,2024-07-12 10:31:00,Apartman/Mesken,0.0,2024.0,,17636.363636363636
KAYSERİ,MELİKGAZİ,ÇAY MAHALLESİ,38.6969,35.5252,442.0,,,,21800000.0,2024-07-17 15:30:00,Apartman/Mesken,0.0,2024.0,,49321.26696832579
KAYSERİ,TALAS,TALAS  MAHALLESİ,38.7058,35.563,110.0,,,,1400000.0,2024-07-18 09:48:00,Apartman/Mesken,,2024.0,,12727.272727272728
KAYSERİ,MELİKGAZİ,KONAKLAR MAHALLESİ,38.7231,35.5593,161.0,,,,4300000.0,2024-07-23 16:13:00,Apartman/Mesken,,2024.0,,26708.07453416149
KAYSERİ,MELİKGAZİ,ALPASLAN MAHALLESİ,38.7268,35.5164,148.0,,,,3400000.0,2024-07-19 12:12:00,Apartman/Mesken,6.0,2024.0,,22972.972972972973
KAYSERİ,MELİKGAZİ,BAHÇELİEVLER MAHALLESİ,38.7731,35.5784,110.0,,,,1550000.0,2024-07-22 09:38:00,Apartman/Mesken,11.0,2024.0,,14090.90909090909
KAYSERİ,MELİKGAZİ,ERENKÖY MAHALLESİ,38.6921,35.5267,457.0,,,,25700000.0,2024-07-22 12:02:00,Apartman/Mesken,0.0,2024.0,,56236.3238512035
KAYSERİ,TOMARZA,YENİ Mah. MAHALLESİ,38.4487,35.7879,244.0,,,,5600000.0,2024-07-23 15:44:00,Apartman/Mesken,,2024.0,,22950.819672131147
KAYSERİ,KOCASİNAN,BEYAZŞEHİR MAHALLESİ,38.7795,35.5822,119.0,,,,1700000.0,2024-07-25 09:58:00,Apartman/Mesken,7.0,2024.0,,14285.714285714286
KAYSERİ,MELİKGAZİ,YILDIRIM BEYAZIT MAHALLESİ,38.733575,35.53341,122.0,,,,3050000.0,2024-07-26 10:34:00,Apartman/Mesken,12.0,2024.0,,25000.0
KAYSERİ,MELİKGAZİ,KEYKUBAT MAHALLESİ,38.7416,35.3888,103.0,,,,1300000.0,2024-07-26 17:39:00,Apartman/Mesken,2.0,2024.0,,12621.359223300971
KAYSERİ,TALAS,TALAS MAHALLESİ,38.7144,35.5612,150.0,,,,1850000.0,2024-07-30 17:33:00,Apartman/Mesken,9.0,2024.0,,12333.333333333334
KAYSERİ,TALAS,TALAS MAHALLESİ,38.7062,35.5637,112.0,,,,1500000.0,2024-07-31 17:46:00,Apartman/Mesken,12.0,2024.0,,13392.857142857143
KAYSERİ,KOCASİNAN,ERKİLET OSMANGAZİ MAHALLESİ,38.791315,35.45996,133.0,,,,2065000.0,2024-07-30 10:31:00,Apartman/Mesken,7.0,2024.0,,15526.315789473685
KAYSERİ,TALAS,TALAS MAHALLESİ,38.7059,35.5705,113.0,,,,1500000.0,2024-07-30 16:19:00,Apartman/Mesken,2.0,2024.0,,13274.336283185841
KAYSERİ,KOCASİNAN,KAVAKYAZISI MAHALLESİ,38.7359,35.5041,123.0,,,,1500000.0,2024-08-02 15:45:00,Apartman/Mesken,4.0,2024.0,,12195.121951219513
KAYSERİ,MELİKGAZİ,ERENKÖY MAHALLESİ,38.687795,35.53462,369.0,,,,26000000.0,2024-08-08 13:13:00,Villa,-1.0,2024.0,,70460.70460704606
KAYSERİ,KOCASİNAN,ERKİLET MEHMET AKİF ERSOY MAHALLESİ,38.79489,35.452535,93.0,,,,1280000.0,2024-08-06 14:28:00,Apartman/Mesken,2.0,2024.0,,13763.440860215054
KAYSERİ,MELİKGAZİ,YILDIRIM BEYAZIT MAHALLESİ,38.7252,35.5244,144.0,,,,2750000.0,2024-08-09 12:04:00,Apartman/Mesken,13.0,2024.0,,19097.222222222223
KAYSERİ,KOCASİNAN,SÜMER MAHALLESİ,38.73445,35.47901,78.0,,,,2000000.0,2024-08-12 15:56:00,Apartman/Mesken,3.0,2024.0,,25641.02564102564
KAYSERİ,TOMARZA,KURTULUŞ Mah. MAHALLESİ,38.45881,35.799025,430.0,,,,3680000.0,2024-08-14 10:01:00,Apartman/Mesken,,2024.0,,8558.139534883721
KAYSERİ,KOCASİNAN,ZEKAİBEY MAHALLESİ,38.72617,35.4945,175.0,,,,1620000.0,2024-08-13 11:50:00,Apartman/Mesken,1.0,2024.0,,9257.142857142857
KAYSERİ,MELİKGAZİ,YILDIRIM BEYAZIT MAHALLESİ,38.7224,35.5349,138.0,,,,2320000.0,2024-08-15 11:50:00,Apartman/Mesken,6.0,2024.0,,16811.594202898552
KAYSERİ,KOCASİNAN,ERTUĞRUL GAZİ M MAHALLESİ,38.790755,35.4488,130.0,,,,2015000.0,2024-08-16 16:03:00,Apartman/Mesken,,2024.0,,15500.0
KAYSERİ,KOCASİNAN,SÜMER  MAHALLESİ,38.73128,35.46035,105.0,,,,1400000.0,2024-08-16 16:05:00,Apartman/Mesken,,2024.0,,13333.333333333334
KAYSERİ,MELİKGAZİ,SARIMSAKLI Mah. MAHALLESİ,38.8831,35.7179,189.0,,,,4150000.0,2024-08-14 14:44:00,Apartman/Mesken,,2024.0,,21957.67195767196
KAYSERİ,TALAS,TALAS MAHALLESİ,38.708,35.56551,120.0,,,,1920000.0,2024-08-14 15:05:00,Apartman/Mesken,8.0,2024.0,,16000.0
KAYSERİ,DEVELİ,AŞAĞIEVEREK MAHALLESİ,38.37744,35.481875,160.0,,,,8050000.0,2024-08-16 10:11:00,Apartman/Mesken,2.0,2024.0,,50312.5
KAYSERİ,MELİKGAZİ,ŞİRİNTEPE MAHALLESİ,38.73465,35.57625,141.0,,,,2000000.0,2024-08-16 17:50:00,Apartman/Mesken,10.0,2024.0,,14184.397163120568
KAYSERİ,KOCASİNAN,YAVUZSELİM MAHALLESİ,38.757415,35.563795,117.0,,,,1690000.0,2024-08-15 17:14:00,Apartman/Mesken,5.0,2024.0,,14444.444444444445
KAYSERİ,MELİKGAZİ,GESİ  MAHALLESİ,38.787605,35.62631,134.0,,,,2000000.0,2024-08-16 17:40:00,Apartman/Mesken,,2024.0,,14925.373134328358
KAYSERİ,KOCASİNAN,KÖTÜGÖLLER MAHALLESİ,38.7759,35.4605,117.0,,,,1200000.0,2024-08-19 16:06:00,Apartman/Mesken,2.0,2024.0,,10256.410256410256
KAYSERİ,KOCASİNAN,BEYAZŞEHİR MAHALLESİ,38.785695,35.591565,118.0,,,,1650000.0,2024-08-16 17:02:00,Apartman/Mesken,11.0,2024.0,,13983.050847457627
KAYSERİ,MELİKGAZİ,ALTINOLUK MAHALLESİ,38.7016,35.4341,213.0,,,,8750000.0,2024-08-16 16:49:00,Apartman/Mesken,1.0,2024.0,,41079.81220657277
KAYSERİ,KOCASİNAN,ERKİLET OSMANGAZİ MAHALLESİ,38.794875,35.45611,125.0,,,,1900000.0,2024-08-22 10:47:00,Apartman/Mesken,,2024.0,,15200.0
KAYSERİ,KOCASİNAN,ERTUĞRUL GAZİ M MAHALLESİ,38.79145,35.45005,142.0,,,,2200000.0,2024-08-22 10:47:00,Apartman/Mesken,,2024.0,,15492.957746478873
KAYSERİ,MELİKGAZİ,GÜLTEPE MAHALLESİ,38.7198,35.5188,141.0,,,,3100000.0,2024-08-22 12:57:00,Apartman/Mesken,5.0,2024.0,,21985.81560283688
KAYSERİ,MELİKGAZİ,ANBAR MAHALLESİ,38.7356,35.3804,108.0,,,,1600000.0,2024-08-21 16:15:00,Apartman/Mesken,1.0,2024.0,,14814.814814814816
KAYSERİ,MELİKGAZİ,ANBAR MAHALLESİ,38.7361,35.384,115.0,,,,1350000.0,2024-08-23 15:30:00,Apartman/Mesken,0.0,2024.0,,11739.130434782608
KAYSERİ,İNCESU,AKSUBAĞLARI MAHALLESİ,38.612255,35.171415,78.0,,,,1250000.0,2024-08-22 11:10:00,Apartman/Mesken,6.0,2024.0,,16025.641025641025
KAYSERİ,TALAS,TALAS MAHALLESİ,38.700035,35.548145,132.0,,,,2300000.0,2024-08-22 17:05:00,Apartman/Mesken,7.0,2024.0,,17424.242424242424
KAYSERİ,KOCASİNAN,YILDIZEVLER MAHALLESİ,38.7432,35.5387,152.0,,,,2550000.0,2024-09-02 11:32:00,Apartman/Mesken,1.0,2024.0,,16776.315789473683
KAYSERİ,TALAS,TALAS MAHALLESİ,38.6998,35.5679,80.0,,,,1500000.0,2024-09-04 10:52:00,Apartman/Mesken,13.0,2024.0,,18750.0
KAYSERİ,TALAS,TALAS MAHALLESİ,38.7056,35.5617,110.0,,,,1350000.0,2024-08-27 13:36:00,Apartman/Mesken,14.0,2024.0,,12272.727272727272
KAYSERİ,KOCASİNAN,ERKİLET GENERALEMİR MAHALLESİ,38.8106,35.4562,160.0,,,,1700000.0,2024-08-28 10:56:00,Apartman/Mesken,2.0,2024.0,,10625.0
KAYSERİ,KOCASİNAN,YEŞİLMAHALLE MAHALLESİ,38.7597,35.4667,108.0,,,,1900000.0,2024-08-28 11:03:00,Apartman/Mesken,1.0,2024.0,,17592.59259259259
KAYSERİ,TALAS,HARMAN MAHALLESİ,38.6907,35.5433,147.0,,,,3000000.0,2024-08-28 11:49:00,Apartman/Mesken,11.0,2024.0,,20408.163265306124
KAYSERİ,MELİKGAZİ,YILDIRIM BEYAZIT MAHALLESİ,38.7241,35.5299,183.0,,,,4300000.0,2024-08-28 18:31:00,Apartman/Mesken,7.0,2024.0,,23497.26775956284
KAYSERİ,TALAS,TALAS MAHALLESİ,38.7112,35.5534,136.0,,,,2400000.0,2024-09-04 09:35:00,Apartman/Mesken,9.0,2024.0,,17647.058823529413
KAYSERİ,MELİKGAZİ,GÜLTEPE MAHALLESİ,38.7206,35.5101,175.0,,,,3850000.0,2024-09-04 11:21:00,Apartman/Mesken,7.0,2024.0,,22000.0
KAYSERİ,MELİKGAZİ,DEMİRCİYAZISI MAHALLESİ,38.7095,35.4548,123.0,,,,2500000.0,2024-09-04 11:48:00,Apartman/Mesken,7.0,2024.0,,20325.20325203252
KAYSERİ,MELİKGAZİ,BATTALGAZİ MAHALLESİ,38.7063,35.4868,155.0,,,,2500000.0,2024-09-04 15:27:00,Apartman/Mesken,8.0,2024.0,,16129.032258064517
KAYSERİ,KOCASİNAN,KARPUZATAN DÜZ MAHALLESİ,38.75142,35.46135,134.0,,,,1950000.0,2024-09-04 13:56:00,Apartman/Mesken,0.0,2024.0,,14552.23880597015
KAYSERİ,MELİKGAZİ,ALPASLAN MAHALLESİ,38.7249,35.5134,185.0,,,,4200000.0,2024-09-05 11:56:00,Apartman/Mesken,4.0,2024.0,,22702.702702702703
KAYSERİ,MELİKGAZİ,AYDINLIKEVLER MAHALLESİ,38.71985,35.471505,93.0,,,,930000.0,2024-09-16 09:35:00,Apartman/Mesken,2.0,2024.0,,10000.0
KAYSERİ,KOCASİNAN,ERKİLET CAMİKEBİR MAHALLESİ,38.78205,35.448615,136.0,,,,2000000.0,2024-09-10 15:43:00,Apartman/Mesken,3.0,2024.0,,14705.882352941177
KAYSERİ,MELİKGAZİ,DEMİRCİYAZISI MAHALLESİ,38.70479,35.447195,150.0,,,,3000000.0,2024-09-13 11:34:00,Apartman/Mesken,12.0,2024.0,,20000.0
KAYSERİ,MELİKGAZİ,AKKAYA MAHALLESİ,38.70273,35.43704,120.0,,,,2400000.0,2024-09-13 11:03:00,Apartman/Mesken,8.0,2024.0,,20000.0
KAYSERİ,MELİKGAZİ,KEYKUBAT MAHALLESİ,38.7388,35.4182,114.0,,,,1475000.0,2024-09-16 16:37:00,Apartman/Mesken,2.0,2024.0,,12938.59649122807
KAYSERİ,TALAS,TALAS MAHALLESİ,38.70673,35.572869,114.0,,,,1800000.0,2024-09-13 17:43:00,Apartman/Mesken,14.0,2024.0,,15789.473684210527
KAYSERİ,KOCASİNAN,YILDIZEVLER MAHALLESİ,38.7452,35.5344,125.0,,,,2400000.0,2024-09-17 16:15:00,Apartman/Mesken,5.0,2024.0,,19200.0
KAYSERİ,MELİKGAZİ,DEMİRCİYAZISI MAHALLESİ,38.7094,35.4483,106.0,,,,1850000.0,2024-09-18 11:04:00,Apartman/Mesken,4.0,2024.0,,17452.830188679247
KAYSERİ,KOCASİNAN,ERKİLET GENERALEMİR MAHALLESİ,38.80363,35.456445,156.0,,,,2500000.0,2024-09-17 14:30:00,Apartman/Mesken,4.0,2024.0,,16025.641025641025
KAYSERİ,KOCASİNAN,HACI KILINÇ MAHALLESİ,38.7277,35.4927,193.0,,,,8750000.0,2024-09-19 11:11:00,Apartman/Mesken,5.0,2024.0,,45336.78756476684
KAYSERİ,MELİKGAZİ,ERENKÖY MAHALLESİ,38.6718,35.5269,291.0,,,,15500000.0,2024-09-20 10:00:00,Apartman/Mesken,1.0,2024.0,,53264.60481099656
KAYSERİ,KOCASİNAN,OYMAAĞAÇ MAHALLESİ,38.7773,35.3911,55.0,,,,1150000.0,2024-09-20 15:47:00,Apartman/Mesken,0.0,2024.0,,20909.090909090908
KAYSERİ,TALAS,YUKARI TALAS  MAHALLESİ,38.6699,35.5751,316.0,,,,5200000.0,2024-09-25 14:59:00,Apartman/Mesken,,2024.0,,16455.696202531646
KAYSERİ,YEŞİLHİSAR,KÖŞK Mah. MAHALLESİ,38.35329,35.085404,157.0,,,,1750000.0,2024-09-23 11:44:00,Apartman/Mesken,,2024.0,,11146.496815286624
KAYSERİ,KOCASİNAN,BARSAMA Mah. MAHALLESİ,38.8803,35.7156,293.0,,,,4750000.0,2024-09-23 22:55:00,Apartman/Mesken,,2024.0,,16211.60409556314
KAYSERİ,KOCASİNAN,ÖRNEKEVLER  MAHALLESİ,38.72877,35.48339,155.0,,,,4650000.0,2024-09-23 14:10:00,Apartman/Mesken,,2024.0,,30000.0
KAYSERİ,MELİKGAZİ,AŞAĞI MERKEP MEYDANI MAHALLESİ,38.669,35.4876,132.0,,,,8300000.0,2024-09-26 11:10:00,Apartman/Mesken,1.0,2024.0,,62878.78787878788
KAYSERİ,MELİKGAZİ,AKKAYA MAHALLESİ,38.6985,35.439705,140.0,,,,2170000.0,2024-09-24 15:21:00,Apartman/Mesken,7.0,2024.0,,15500.0
KAYSERİ,MELİKGAZİ,YAZIBAĞLARI MAHALLESİ,38.73721,35.39964,110.0,,,,1800000.0,2024-09-23 17:49:00,Apartman/Mesken,8.0,2024.0,,16363.636363636364
KAYSERİ,TALAS,TALAS MAHALLESİ,38.70625,35.57247,80.0,,,,1440000.0,2024-09-26 10:23:00,Apartman/Mesken,1.0,2024.0,,18000.0
KAYSERİ,TALAS,KİÇİKÖY MAHALLESİ,38.6959,35.5406,192.0,,,,6100000.0,2024-09-27 11:47:00,Apartman/Mesken,10.0,2024.0,,31770.833333333332
KAYSERİ,TALAS,TALAS MAHALLESİ,38.7135,35.5602,95.0,,,,2400000.0,2024-09-25 17:01:00,Apartman/Mesken,6.0,2024.0,,25263.157894736843
KAYSERİ,KOCASİNAN,ERTUĞRUL GAZİ MAHALLESİ,38.7845,35.4481,128.0,,,,2325000.0,2024-09-30 13:14:00,Apartman/Mesken,7.0,2024.0,,18164.0625
KAYSERİ,MELİKGAZİ,ALTINOLUK MAHALLESİ,38.70278,35.437835,116.0,,,,2900000.0,2024-09-26 18:01:00,Apartman/Mesken,1.0,2024.0,,25000.0
KAYSERİ,MELİKGAZİ,FATİH MAHALLESİ,38.748905,35.58523,123.0,,,,1760000.0,2024-09-27 11:26:00,Apartman/Mesken,1.0,2024.0,,14308.943089430893
KAYSERİ,MELİKGAZİ,ALPASLAN MAH. MAHALLESİ,38.726045,35.516885,220.0,,,,5170000.0,2024-10-10 17:41:00,Apartman/Mesken,,2024.0,,23500.0
KAYSERİ,MELİKGAZİ,ALPASLAN MAH. MAHALLESİ,38.72779,35.5194,210.0,,,,5670000.0,2024-10-14 10:17:00,Apartman/Mesken,,2024.0,,27000.0
KAYSERİ,MELİKGAZİ,GÜLÜK  MAHALLESİ,38.716925,35.483999,145.0,,,,1920000.0,2024-10-14 10:17:00,Apartman/Mesken,,2024.0,,13241.379310344828
KAYSERİ,MELİKGAZİ,DEMİRCİYAZISI  MAHALLESİ,38.714535,35.46156,130.0,,,,2275000.0,2024-10-14 10:17:00,Apartman/Mesken,,2024.0,,17500.0
KAYSERİ,MELİKGAZİ,HÜRRİYET MAHALLESİ,38.71904,35.46724,110.0,,,,1925000.0,2024-10-14 10:17:00,Apartman/Mesken,,2024.0,,17500.0
KAYSERİ,MELİKGAZİ,DEMİRCİYAZISI  MAHALLESİ,38.714305,35.459235,122.0,,,,1950000.0,2024-10-14 13:07:00,Apartman/Mesken,,2024.0,,15983.606557377048
KAYSERİ,MELİKGAZİ,KÖŞKDAĞI MAHALLESİ,38.71909,35.51934,166.0,,,,3650000.0,2024-12-31 16:11:00,Apartman/Mesken,,2024.0,,21987.951807228917
KAYSERİ,MELİKGAZİ,ÇAY  MAHALLESİ,38.692865,35.51918,205.0,,,,16300000.0,2024-12-31 16:13:00,Villa,,2024.0,,79512.19512195123
KAYSERİ,KOCASİNAN,KAVAKYAZISI  MAHALLESİ,38.730715,35.515765,195.0,,,,4680000.0,2024-12-31 16:14:00,Apartman/Mesken,,2024.0,,24000.0
KAYSERİ,KOCASİNAN,KAVAKYAZISI  MAHALLESİ,38.731375,35.515225,170.0,,,,26040000.0,2024-12-31 16:19:00,Apartman/Mesken,,2024.0,,153176.4705882353
KAYSERİ,KOCASİNAN,KAVAKYAZISI 2. MINTIKA  MAHALLESİ,38.73904,35.520265,173.0,,,,22170000.0,2024-12-31 16:22:00,Apartman/Mesken,,2024.0,,128150.28901734104
KAYSERİ,KOCASİNAN,KAVAKYAZISI 2. MINTIKA  MAHALLESİ,38.739375,35.520115,132.0,,,,2800000.0,2024-12-31 16:25:00,Apartman/Mesken,,2024.0,,21212.121212121212
KAYSERİ,KOCASİNAN,KAVAKYAZISI 2. MINTIKA  MAHALLESİ,38.73912,35.5194,140.0,,,,2800000.0,2024-12-31 16:27:00,Apartman/Mesken,,2024.0,,20000.0
KAYSERİ,KOCASİNAN,KAVAKYAZISI 2. MINTIKA  MAHALLESİ,38.73388,35.518355,147.0,,,,8630000.0,2024-12-31 16:27:00,Apartman/Mesken,,2024.0,,58707.48299319728
KAYSERİ,KOCASİNAN,KAVAKYAZISI 2. MINTIKA  MAHALLESİ,38.734145,35.518235,145.0,,,,3480000.0,2024-10-11 17:05:00,Apartman/Mesken,,2024.0,,24000.0
KAYSERİ,KOCASİNAN,KAVAKYAZISI 2. MINTIKA  MAHALLESİ,38.7341,35.519105,160.0,,,,3840000.0,2024-12-31 16:30:00,Apartman/Mesken,,2024.0,,24000.0
KAYSERİ,KOCASİNAN,KAVAKYAZISI 2. MINTIKA  MAHALLESİ,38.733639,35.517545,180.0,,,,16720000.0,2024-12-31 16:32:00,Apartman/Mesken,,2024.0,,92888.88888888889
KAYSERİ,KOCASİNAN,KAVAKYAZISI 2. MINTIKA  MAHALLESİ,38.73424,35.512425,160.0,,,,2960000.0,2024-12-31 16:34:00,Apartman/Mesken,,2024.0,,18500.0
KAYSERİ,KOCASİNAN,KAVAKYAZISI  MAHALLESİ,38.733855,35.511255,128.0,,,,2350000.0,2024-12-31 16:40:00,Apartman/Mesken,,2024.0,,18359.375
KAYSERİ,KOCASİNAN,KAVAKYAZISI  MAHALLESİ,38.73532,35.51016,128.0,,,,2200000.0,2024-12-31 16:42:00,Apartman/Mesken,,2024.0,,17187.5
KAYSERİ,KOCASİNAN,SÜMER  MAHALLESİ,38.737,35.4679,100.0,,,,2000000.0,2024-12-31 16:59:00,Apartman/Mesken,,2024.0,,20000.0
KAYSERİ,KOCASİNAN,KAVAKYAZISI  MAHALLESİ,38.732935,35.5056,130.0,,,,1560000.0,2024-12-31 17:00:00,Apartman/Mesken,,2024.0,,12000.0
KAYSERİ,TALAS,TALAS  MAHALLESİ,38.705155,35.56437,120.0,,,,1920000.0,2024-12-31 17:01:00,Apartman/Mesken,,2024.0,,16000.0
KAYSERİ,TALAS,TALAS  MAHALLESİ,38.70665,35.5723,118.0,,,,1850000.0,2024-12-31 17:03:00,Apartman/Mesken,,2024.0,,15677.966101694916
KAYSERİ,KOCASİNAN,CUMHURİYET MAHALLESİ,38.741515,35.516605,120.0,,,,4850000.0,2024-12-31 17:04:00,Apartman/Mesken,,2024.0,,40416.666666666664
KAYSERİ,MELİKGAZİ,GÜLÜK  MAHALLESİ,38.720055,35.481775,150.0,,,,2950000.0,2024-12-31 17:15:00,Apartman/Mesken,,2024.0,,19666.666666666668
KAYSERİ,KOCASİNAN,SÜMER MAHALLESİ,38.7439,35.4579,130.0,,,,1700000.0,2024-10-01 15:25:00,Apartman/Mesken,1.0,2024.0,,13076.923076923076
KAYSERİ,MELİKGAZİ,EĞRİBUCAK  MAHALLESİ,38.6957,35.4484,125.0,,,,9880000.0,2024-12-31 17:30:00,Apartman/Mesken,,2024.0,,79040.0
KAYSERİ,MELİKGAZİ,BECEN  MAHALLESİ,38.6694,35.4845,520.0,,,,11200000.0,2024-10-02 15:22:00,Apartman/Mesken,,2024.0,,21538.46153846154
KAYSERİ,MELİKGAZİ,GÜZELKÖY MAHALLESİ,38.766994,35.67435,206.0,,,,3440000.0,2024-10-03 10:02:00,Apartman/Mesken,,2024.0,,16699.02912621359
KAYSERİ,MELİKGAZİ,ŞİRİNTEPE MAHALLESİ,38.73705,35.57864,82.0,,,,1800000.0,2024-10-02 13:57:00,Apartman/Mesken,0.0,2024.0,,21951.219512195123
KAYSERİ,MELİKGAZİ,GESİ MAHALLESİ,38.7892,35.6218,100.0,,,,1650000.0,2024-10-03 14:58:00,Apartman/Mesken,9.0,2024.0,,16500.0
KAYSERİ,MELİKGAZİ,FATİH MAHALLESİ,38.740025,35.58507,130.0,,,,2250000.0,2024-10-03 14:04:00,Apartman/Mesken,7.0,2024.0,,17307.69230769231
KAYSERİ,MELİKGAZİ,ANBAR MAHALLESİ,38.7536,35.3736,90.0,,,,1750000.0,2024-10-04 16:09:00,Apartman/Mesken,4.0,2024.0,,19444.444444444445
KAYSERİ,MELİKGAZİ,YENİ MAHALLE MAHALLESİ,38.7203,35.5393,233.0,,,,6500000.0,2024-10-07 13:45:00,Apartman/Mesken,7.0,2024.0,,27896.995708154507
KAYSERİ,KOCASİNAN,PERVANE MAHALLESİ,38.7471,35.504,122.0,,,,2750000.0,2024-10-07 11:26:00,Apartman/Mesken,11.0,2024.0,,22540.983606557376
KAYSERİ,KOCASİNAN,SARAYBOSNA MAHALLESİ,38.7564,35.5105,136.0,,,,3100000.0,2024-10-10 11:31:00,Apartman/Mesken,4.0,2024.0,,22794.117647058825
KAYSERİ,MELİKGAZİ,ESENTEPE MAHALLESİ,38.730925,35.41752,135.0,,,,3300000.0,2024-10-08 17:02:00,Apartman/Mesken,5.0,2024.0,,24444.444444444445
KAYSERİ,PINARBAŞI,YENİ CAMİ MAHALLESİ,38.71889,36.388595,97.0,,,,1100000.0,2024-10-09 18:01:00,Apartman/Mesken,1.0,2024.0,,11340.20618556701
KAYSERİ,MELİKGAZİ,YILDIRIM BEYAZIT MAHALLESİ,38.724165,35.53151,135.0,,,,2700000.0,2024-10-08 14:18:00,Apartman/Mesken,1.0,2024.0,,20000.0
KAYSERİ,MELİKGAZİ,GESİ MAHALLESİ,38.7857,35.5973,127.0,,,,1900000.0,2024-10-10 11:13:00,Apartman/Mesken,6.0,2024.0,,14960.629921259842
KAYSERİ,MELİKGAZİ,FATİH MAHALLESİ,38.725505,35.59069,121.0,,,,2000000.0,2024-10-10 10:19:00,Apartman/Mesken,2.0,2024.0,,16528.92561983471
KAYSERİ,KOCASİNAN,MİTHATPAŞA MAHALLESİ,38.7561,35.4598,126.0,,,,2600000.0,2024-10-09 18:04:00,Apartman/Mesken,3.0,2024.0,,20634.920634920636
KAYSERİ,MELİKGAZİ,ŞİRİNTEPE MAHALLESİ,38.74009,35.57519,100.0,,,,1200000.0,2024-10-08 09:38:00,Apartman/Mesken,14.0,2024.0,,12000.0
KAYSERİ,TALAS,HARMAN MAHALLESİ,38.692465,35.541955,110.0,,,,1870000.0,2024-10-09 18:05:00,Apartman/Mesken,3.0,2024.0,,17000.0
KAYSERİ,MELİKGAZİ,BECEN MAHALLESİ,38.6621,35.4879,252.0,,,,12650000.0,2024-10-10 15:07:00,Apartman/Mesken,1.0,2024.0,,50198.4126984127
KAYSERİ,MELİKGAZİ,ŞİRİNTEPE MAHALLESİ,38.74198,35.57849,125.0,,,,2250000.0,2024-10-10 11:50:00,Apartman/Mesken,1.0,2024.0,,18000.0
KAYSERİ,MELİKGAZİ,KEYKUBAT  MAHALLESİ,38.74093,35.4172,162.0,,,,2025000.0,2024-10-14 16:48:00,Apartman/Mesken,,2024.0,,12500.0
KAYSERİ,KOCASİNAN,ERTUĞRUL GAZİ MAHALLESİ,38.7955,35.4455,138.0,,,,2000000.0,2024-10-14 12:18:00,Apartman/Mesken,8.0,2024.0,,14492.753623188406
KAYSERİ,KOCASİNAN,ERTUĞRUL GAZİ MAHALLESİ,38.7955,35.4454,138.0,,,,2100000.0,2024-10-14 12:19:00,Apartman/Mesken,8.0,2024.0,,15217.391304347826
KAYSERİ,MELİKGAZİ,GESİ MAHALLESİ,38.78972,35.619455,100.0,,,,1550000.0,2024-10-14 14:27:00,Apartman/Mesken,0.0,2024.0,,15500.0
KAYSERİ,KOCASİNAN,PERVANE MAHALLESİ,38.7415,35.4983,173.0,,,,3850000.0,2024-10-15 13:48:00,Apartman/Mesken,7.0,2024.0,,22254.335260115608
KAYSERİ,MELİKGAZİ,GESİ MAHALLESİ,38.7849,35.6034,130.0,,,,2350000.0,2024-10-14 15:47:00,Apartman/Mesken,5.0,2024.0,,18076.923076923078
KAYSERİ,MELİKGAZİ,FATİH MAHALLESİ,38.7399,35.5851,130.0,,,,2250000.0,2024-10-15 09:30:00,Apartman/Mesken,4.0,2024.0,,17307.69230769231
KAYSERİ,MELİKGAZİ,DEMİRCİYAZISI MAHALLESİ,38.709075,35.448075,121.0,,,,2070000.0,2024-10-15 11:45:00,Apartman/Mesken,8.0,2024.0,,17107.438016528926
KAYSERİ,KOCASİNAN,UĞUREVLER MAHALLESİ,38.7386,35.5258,120.0,,,,1950000.0,2024-10-15 16:31:00,Apartman/Mesken,1.0,2024.0,,16250.0
KAYSERİ,KOCASİNAN,CUMHURİYET MAHALLESİ,38.741985,35.51805,122.0,,,,1900000.0,2024-10-16 12:02:00,Apartman/Mesken,7.0,2024.0,,15573.77049180328
KAYSERİ,İNCESU,BAHÇESARAY MAHALLESİ,38.6314,35.1883,121.0,,,,2400000.0,2024-10-17 16:30:00,Apartman/Mesken,6.0,2024.0,,19834.710743801654
KAYSERİ,MELİKGAZİ,ESENYURT MAHALLESİ,38.6912,35.4896,152.0,,,,3500000.0,2024-10-21 11:03:00,Apartman/Mesken,2.0,2024.0,,23026.315789473683
KAYSERİ,PINARBAŞI,YENİ OCAK M MAHALLESİ,38.72075,36.387015,140.0,,,,1710000.0,2024-10-22 16:45:00,Apartman/Mesken,,2024.0,,12214.285714285714
KAYSERİ,KOCASİNAN,SÜMER MAHALLESİ,38.7367,35.4716,174.0,,,,3615000.0,2024-10-21 16:00:00,Apartman/Mesken,12.0,2024.0,,20775.862068965518
KAYSERİ,MELİKGAZİ,KÜÇÜKALİ MAHALLESİ,38.71153,35.474335,78.0,,,,1600000.0,2024-10-18 11:36:00,Apartman/Mesken,7.0,2024.0,,20512.82051282051
KAYSERİ,MELİKGAZİ,MİMARSİNAN MAHALLESİ,38.765245,35.61128,55.0,,,,850000.0,2024-10-18 16:48:00,Apartman/Mesken,2.0,2024.0,,15454.545454545454
KAYSERİ,TALAS,ÇÖMLEKÇİ Mah. MAHALLESİ,38.5208,35.6496,350.0,,,,3140000.0,2024-10-22 14:48:00,Apartman/Mesken,,2024.0,,8971.42857142857
KAYSERİ,MELİKGAZİ,ŞİRİNTEPE MAHALLESİ,38.747255,35.580095,135.0,,,,2200000.0,2024-10-22 10:24:00,Apartman/Mesken,6.0,2024.0,,16296.296296296296
KAYSERİ,TALAS,TALAS MAHALLESİ,38.6993,35.5506,131.0,,,,2200000.0,2024-10-24 16:15:00,Apartman/Mesken,4.0,2024.0,,16793.893129770993
KAYSERİ,KOCASİNAN,KAVAKYAZISI MAHALLESİ,38.733625,35.52056,107.0,,,,1980000.0,2024-10-23 14:14:00,Apartman/Mesken,1.0,2024.0,,18504.672897196262
KAYSERİ,MELİKGAZİ,ESENYURT MAHALLESİ,38.6949,35.4887,125.0,,,,2300000.0,2024-10-28 10:50:00,Apartman/Mesken,8.0,2024.0,,18400.0
KAYSERİ,İNCESU,KIZILÖREN/TABAKLI Mah. MAHALLESİ,38.610665,35.325025,280.0,,,,2125000.0,2024-10-25 11:52:00,Apartman/Mesken,,2024.0,,7589.285714285715
KAYSERİ,MELİKGAZİ,FATİH MAHALLESİ,38.725505,35.59069,120.0,,,,2100000.0,2024-10-24 14:46:00,Apartman/Mesken,7.0,2024.0,,17500.0
KAYSERİ,MELİKGAZİ,YEŞİLYURT Mah. MAHALLESİ,38.8124,35.60468,200.0,,,,8500000.0,2024-10-25 10:47:00,Apartman/Mesken,,2024.0,,42500.0
KAYSERİ,İNCESU,VALİ İHSAN ARAS M MAHALLESİ,38.63073,35.191805,440.0,,,,5970000.0,2024-10-30 14:54:00,Apartman/Mesken,,2024.0,,13568.181818181818
KAYSERİ,DEVELİ,HARMAN MAHALLESİ,38.3983,35.4939,76.0,,,,1450000.0,2024-10-31 11:03:00,Apartman/Mesken,0.0,2024.0,,19078.947368421053
KAYSERİ,KOCASİNAN,ERTUĞRUL GAZİ MAHALLESİ,38.78668,35.447965,136.0,,,,2750000.0,2024-10-31 16:47:00,Apartman/Mesken,8.0,2024.0,,20220.58823529412
KAYSERİ,KOCASİNAN,ERKİLET GENERALEMİR MAHALLESİ,38.8066,35.4585,119.0,,,,2000000.0,2024-10-30 18:20:00,Apartman/Mesken,2.0,2024.0,,16806.722689075632
KAYSERİ,TALAS,TALAS MAHALLESİ,38.710701,35.568401,83.0,,,,1850000.0,2024-10-31 10:42:00,Apartman/Mesken,0.0,2024.0,,22289.156626506025
KAYSERİ,KOCASİNAN,BEYAZŞEHİR MAHALLESİ,38.781085,35.58861,135.0,,,,2250000.0,2024-11-01 17:05:00,Apartman/Mesken,13.0,2024.0,,16666.666666666668
KAYSERİ,MELİKGAZİ,KEYKUBAT MAHALLESİ,38.743525,35.389825,99.0,,,,1400000.0,2024-11-04 11:28:00,Apartman/Mesken,0.0,2024.0,,14141.414141414141
KAYSERİ,KOCASİNAN,ERTUĞRUL GAZİ MAHALLESİ,38.7867,35.4479,134.0,,,,2650000.0,2024-11-04 11:20:00,Apartman/Mesken,3.0,2024.0,,19776.119402985074
KAYSERİ,MELİKGAZİ,GESİ MAHALLESİ,38.788,35.5906,86.0,,,,1600000.0,2024-11-05 10:14:00,Apartman/Mesken,6.0,2024.0,,18604.6511627907
KAYSERİ,MELİKGAZİ,GÜLTEPE MAHALLESİ,38.72139,35.51601,153.0,,,,3235000.0,2024-11-06 16:37:00,Apartman/Mesken,2.0,2024.0,,21143.7908496732
KAYSERİ,TALAS,TALAS MAHALLESİ,38.7175,35.5592,131.0,,,,3250000.0,2024-11-07 14:29:00,Apartman/Mesken,7.0,2024.0,,24809.16030534351
KAYSERİ,MELİKGAZİ,ANBAR MAHALLESİ,38.7449,35.3864,108.0,,,,1700000.0,2024-11-07 15:20:00,Apartman/Mesken,6.0,2024.0,,15740.74074074074
KAYSERİ,KOCASİNAN,ŞEKER MAHALLESİ,38.772965,35.41585,69.0,,,,1700000.0,2024-11-07 16:44:00,Apartman/Mesken,6.0,2024.0,,24637.681159420288
KAYSERİ,TALAS,TALAS MAHALLESİ,38.70607,35.56161,110.0,,,,1650000.0,2024-11-08 11:50:00,Apartman/Mesken,3.0,2024.0,,15000.0
KAYSERİ,KOCASİNAN,KÖTÜGÖLLER MAHALLESİ,38.7604,35.4886,118.0,,,,2400000.0,2024-11-12 12:28:00,Apartman/Mesken,4.0,2024.0,,20338.98305084746
KAYSERİ,KOCASİNAN,KÖTÜGÖLLER MAHALLESİ,38.7603,35.4943,133.0,,,,2250000.0,2024-11-13 15:15:00,Apartman/Mesken,5.0,2024.0,,16917.293233082706
KAYSERİ,KOCASİNAN,ERKİLET OSMANGAZİ MAHALLESİ,38.79302,35.45612,139.0,,,,4000000.0,2024-11-12 12:08:00,Apartman/Mesken,6.0,2024.0,,28776.978417266186
KAYSERİ,HACILAR,BEĞENDİK Mah. MAHALLESİ,38.6176,35.4273,260.0,,,,7100000.0,2024-11-13 11:17:00,Apartman/Mesken,,2024.0,,27307.69230769231
KAYSERİ,MELİKGAZİ,GESİ MAHALLESİ,38.790795,35.618265,133.0,,,,2500000.0,2024-11-13 08:25:00,Apartman/Mesken,12.0,2024.0,,18796.992481203008
KAYSERİ,MELİKGAZİ,DEMİRCİYAZISI MAHALLESİ,38.7171,35.4561,88.0,,,,1250000.0,2024-11-13 17:23:00,Apartman/Mesken,0.0,2024.0,,14204.545454545454
KAYSERİ,KOCASİNAN,ERKİLET 100.YIL MAHALLESİ,38.8106,35.4514,75.0,,,,1600000.0,2024-11-15 11:56:00,Apartman/Mesken,0.0,2024.0,,21333.333333333332
KAYSERİ,KOCASİNAN,KÖTÜGÖLLER MAHALLESİ,38.7558,35.4864,121.0,,,,2700000.0,2024-11-14 16:21:00,Apartman/Mesken,8.0,2024.0,,22314.04958677686
KAYSERİ,KOCASİNAN,SÜMER MAHALLESİ,38.7416,35.4542,115.0,,,,2250000.0,2024-11-15 11:58:00,Apartman/Mesken,9.0,2024.0,,19565.217391304348
KAYSERİ,MELİKGAZİ,ŞİRİNTEPE MAHALLESİ,38.7383,35.5782,120.0,,,,2000000.0,2024-11-18 13:30:00,Apartman/Mesken,5.0,2024.0,,16666.666666666668
KAYSERİ,TALAS,HARMAN MAHALLESİ,38.6941,35.5426,110.0,,,,3150000.0,2024-11-19 16:05:00,Apartman/Mesken,11.0,2024.0,,28636.363636363636
KAYSERİ,TALAS,TALAS MAHALLESİ,38.714495,35.557465,147.0,,,,4300000.0,2024-11-19 14:31:00,Apartman/Mesken,9.0,2024.0,,29251.700680272108
KAYSERİ,KOCASİNAN,MİTHATPAŞA MAHALLESİ,38.7521,35.4683,119.0,,,,2030000.0,2024-11-21 14:34:00,Apartman/Mesken,3.0,2024.0,,17058.823529411766
KAYSERİ,KOCASİNAN,SÜMER MAHALLESİ,38.734,35.477,123.0,,,,2600000.0,2024-11-22 16:10:00,Apartman/Mesken,2.0,2024.0,,21138.211382113823
KAYSERİ,KOCASİNAN,ERKİLET OSMANGAZİ MAHALLESİ,38.7887,35.4635,152.0,,,,2700000.0,2024-11-25 10:15:00,Apartman/Mesken,8.0,2024.0,,17763.157894736843
KAYSERİ,MELİKGAZİ,TONTAR MAHALLESİ,38.69518,35.491105,90.0,,,,1600000.0,2024-11-22 14:20:00,Apartman/Mesken,0.0,2024.0,,17777.777777777777
KAYSERİ,MELİKGAZİ,KEYKUBAT MAHALLESİ,38.7468,35.393365,120.0,,,,1800000.0,2024-11-22 16:48:00,Apartman/Mesken,9.0,2024.0,,15000.0
KAYSERİ,MELİKGAZİ,KANLIYURT MAHALLESİ,38.7295,35.4372,100.0,,,,1600000.0,2024-11-22 11:46:00,Apartman/Mesken,1.0,2024.0,,16000.0
KAYSERİ,MELİKGAZİ,ESENTEPE MAHALLESİ,38.728275,35.44075,128.0,,,,2000000.0,2024-11-25 16:57:00,Apartman/Mesken,4.0,2024.0,,15625.0
KAYSERİ,MELİKGAZİ,KAZIM KARABEKİR MAHALLESİ,38.7257,35.4458,127.0,,,,2750000.0,2024-11-26 12:34:00,Apartman/Mesken,5.0,2024.0,,21653.543307086613
KAYSERİ,MELİKGAZİ,GÜLTEPE MAHALLESİ,38.7208,35.5163,175.0,,,,4000000.0,2024-11-27 14:53:00,Apartman/Mesken,1.0,2024.0,,22857.14285714286
KAYSERİ,KOCASİNAN,HACI KILINÇ MAHALLESİ,38.727635,35.49274,192.0,,,,7500000.0,2024-11-27 12:18:00,Apartman/Mesken,4.0,2024.0,,39062.5
KAYSERİ,MELİKGAZİ,ÇAY MAHALLESİ,38.692765,35.52057,395.0,,,,29000000.0,2024-12-02 11:18:00,Apartman/Mesken,1.0,2024.0,,73417.72151898734
KAYSERİ,KOCASİNAN,SÜMER MAHALLESİ,38.742385,35.47224,155.0,,,,3600000.0,2024-12-02 09:30:00,Apartman/Mesken,1.0,2024.0,,23225.8064516129
KAYSERİ,KOCASİNAN,BEYAZŞEHİR MAHALLESİ,38.783845,35.590335,140.0,,,,1925000.0,2024-11-28 16:51:00,Apartman/Mesken,2.0,2024.0,,13750.0
KAYSERİ,MELİKGAZİ,KÖŞKDAĞI MAHALLESİ,38.707275,35.511785,216.0,,,,11000000.0,2024-11-28 15:43:00,Apartman/Mesken,1.0,2024.0,,50925.92592592593
KAYSERİ,TALAS,TALAS MAHALLESİ,38.69935,35.56716,119.0,,,,2000000.0,2024-11-28 15:54:00,Apartman/Mesken,8.0,2024.0,,16806.722689075632
KAYSERİ,MELİKGAZİ,BAHÇELİEVLER MAHALLESİ,38.7748,35.5812,132.0,,,,3250000.0,2024-11-29 11:56:00,Apartman/Mesken,4.0,2024.0,,24621.21212121212
KAYSERİ,KOCASİNAN,YENİDOĞAN MAHALLESİ,38.7476,35.4369,94.0,,,,2000000.0,2024-12-02 16:15:00,Apartman/Mesken,9.0,2024.0,,21276.59574468085
KAYSERİ,MELİKGAZİ,BATTALGAZİ MAHALLESİ,38.695635,35.486965,72.0,,,,1500000.0,2024-11-29 17:08:00,Apartman/Mesken,3.0,2024.0,,20833.333333333332
KAYSERİ,KOCASİNAN,MOLU Mah. MAHALLESİ,38.79433,35.372855,200.0,,,,5000000.0,2024-12-03 09:40:00,Apartman/Mesken,,2024.0,,25000.0
KAYSERİ,İNCESU,BAHÇESARAY MAHALLESİ,38.62833,35.17876,76.0,,,,1370000.0,2024-12-04 11:30:00,Apartman/Mesken,0.0,2024.0,,18026.315789473683
KAYSERİ,KOCASİNAN,BEYAZŞEHİR MAHALLESİ,38.785085,35.591565,79.0,,,,1900000.0,2024-12-04 11:50:00,Apartman/Mesken,12.0,2024.0,,24050.632911392404
KAYSERİ,KOCASİNAN,KÖTÜGÖLLER MAHALLESİ,38.7533,35.4896,134.0,,,,2700000.0,2024-12-04 12:20:00,Apartman/Mesken,5.0,2024.0,,20149.253731343284
KAYSERİ,MELİKGAZİ,GÜLTEPE MAHALLESİ,38.719,35.5122,138.0,,,,3500000.0,2024-12-05 09:17:00,Apartman/Mesken,4.0,2024.0,,25362.318840579712
KAYSERİ,KOCASİNAN,SEYRANİ MAHALLESİ,38.7502,35.4839,150.0,,,,2600000.0,2024-12-05 16:42:00,Apartman/Mesken,6.0,2024.0,,17333.333333333332
KAYSERİ,TALAS,TALAS MAHALLESİ,38.709779,35.552385,120.0,,,,2100000.0,2024-12-04 15:34:00,Apartman/Mesken,2.0,2024.0,,17500.0
KAYSERİ,KOCASİNAN,YILDIZEVLER MAHALLESİ,38.7453,35.5352,154.0,,,,2650000.0,2024-12-04 11:09:00,Apartman/Mesken,3.0,2024.0,,17207.79220779221
KAYSERİ,TALAS,YUKARI TALAS M MAHALLESİ,38.6639,35.5694,268.0,,,,12000000.0,2024-12-11 12:11:00,Apartman/Mesken,,2024.0,,44776.119402985074
KAYSERİ,KOCASİNAN,YENİDOĞAN MAHALLESİ,38.7516,35.4379,124.0,,,,2600000.0,2024-12-10 15:51:00,Apartman/Mesken,5.0,2024.0,,20967.74193548387
KAYSERİ,KOCASİNAN,ERKİLET ZADE MAHALLESİ,38.8161,35.4555,175.0,,,,7000000.0,2024-12-12 13:30:00,Villa,1.0,2024.0,,40000.0
KAYSERİ,PINARBAŞI,HÜRRİYET MAHALLESİ,38.72295,36.37468,100.0,,,,1700000.0,2024-12-11 14:14:00,Apartman/Mesken,2.0,2024.0,,17000.0
KAYSERİ,TALAS,TALAS MAHALLESİ,38.7063,35.5725,80.0,,,,1900000.0,2024-12-12 11:33:00,Apartman/Mesken,3.0,2024.0,,23750.0
KAYSERİ,MELİKGAZİ,GÜLTEPE MAHALLESİ,38.7205,35.519,142.0,,,,3500000.0,2025-01-07 15:29:00,Apartman/Mesken,6.0,2025.0,,24647.88732394366
KAYSERİ,MELİKGAZİ,19 MAYIS MAHALLESİ,38.742245,35.38132,120.0,,,,2700000.0,2024-12-11 17:37:00,Apartman/Mesken,3.0,2024.0,,22500.0
KAYSERİ,BÜNYAN,CUMHURİYET MAHALLESİ,38.8644,35.8438,105.0,,,,1400000.0,2024-12-12 14:47:00,Apartman/Mesken,6.0,2024.0,,13333.333333333334
KAYSERİ,MELİKGAZİ,HÜRRİYET MAHALLESİ,38.719475,35.464385,140.0,,,,2850000.0,2024-12-16 10:26:00,Apartman/Mesken,10.0,2024.0,,20357.14285714286
KAYSERİ,KOCASİNAN,PERVANE MAHALLESİ,38.7396,35.490669,109.0,,,,1450000.0,2024-12-12 13:25:00,Apartman/Mesken,2.0,2024.0,,13302.752293577982
KAYSERİ,KOCASİNAN,KAVAKYAZISI MAHALLESİ,38.7327,35.5231,132.0,,,,2500000.0,2024-12-16 17:13:00,Apartman/Mesken,,2024.0,,18939.39393939394
KAYSERİ,MELİKGAZİ,BAHÇELİEVLER MAHALLESİ,38.76967,35.585595,115.0,,,,1800000.0,2024-12-17 11:04:00,Apartman/Mesken,13.0,2024.0,,15652.173913043478
KAYSERİ,MELİKGAZİ,YILDIRIM BEYAZIT MAHALLESİ,38.72317,35.53124,155.0,,,,6500000.0,2024-12-19 09:10:00,Apartman/Mesken,8.0,2024.0,,41935.48387096774
KAYSERİ,MELİKGAZİ,DEMOKRASİ MAHALLESİ,38.7714,35.5969,115.0,,,,2100000.0,2024-12-20 10:25:00,Apartman/Mesken,1.0,2024.0,,18260.869565217392
KAYSERİ,MELİKGAZİ,ESENTEPE MAHALLESİ,38.72784,35.424065,105.0,,,,2100000.0,2024-12-20 14:29:00,Apartman/Mesken,1.0,2024.0,,20000.0
KAYSERİ,MELİKGAZİ,19 MAYIS MAHALLESİ,38.744345,35.379085,125.0,,,,2500000.0,2024-12-19 13:06:00,Apartman/Mesken,4.0,2024.0,,20000.0
KAYSERİ,TALAS,TALAS MAHALLESİ,38.7076,35.5581,117.0,,,,2350000.0,2024-12-19 16:07:00,Apartman/Mesken,9.0,2024.0,,20085.470085470086
KAYSERİ,KOCASİNAN,KAVAKYAZISI MAHALLESİ,38.738275,35.514535,125.0,,,,1875000.0,2024-12-20 14:24:00,Apartman/Mesken,2.0,2024.0,,15000.0
KAYSERİ,TALAS,TALAS MAHALLESİ,38.7161,35.5632,124.0,,,,2800000.0,2024-12-23 11:22:00,Apartman/Mesken,13.0,2024.0,,22580.645161290322
KAYSERİ,MELİKGAZİ,MAHRUMLAR MAHALLESİ,38.715,35.4373,181.0,,,,8000000.0,2024-12-23 14:11:00,Apartman/Mesken,1.0,2024.0,,44198.89502762431
KAYSERİ,KOCASİNAN,ERKİLET 100.YIL MAHALLESİ,38.8106,35.4515,84.0,,,,2000000.0,2024-12-23 17:06:00,Apartman/Mesken,1.0,2024.0,,23809.52380952381
KAYSERİ,PINARBAŞI,YENİ OCAK MAHALLESİ,38.72133,36.38903,109.0,,,,1500000.0,2024-12-25 17:06:00,Apartman/Mesken,4.0,2024.0,,13761.467889908257
KAYSERİ,MELİKGAZİ,GESİ MAHALLESİ,38.7855,35.6216,100.0,,,,1850000.0,2024-12-24 12:39:00,Apartman/Mesken,4.0,2024.0,,18500.0
KAYSERİ,YEŞİLHİSAR,HACIBEKTAŞ MAHALLESİ,38.360339,35.086885,204.0,,,,2700000.0,2024-12-27 14:21:00,Apartman/Mesken,5.0,2024.0,,13235.29411764706
KAYSERİ,KOCASİNAN,SÜMER MAHALLESİ,38.736729,35.460775,135.0,,,,2800000.0,2024-12-26 10:13:00,Apartman/Mesken,5.0,2024.0,,20740.74074074074
KAYSERİ,MELİKGAZİ,YILDIRIM BEYAZIT MAHALLESİ,38.7219,35.5431,120.0,,,,3500000.0,2024-12-26 12:11:00,Apartman/Mesken,11.0,2024.0,,29166.666666666668
KAYSERİ,MELİKGAZİ,KÖŞKDAĞI MAHALLESİ,38.7179,35.515,146.0,,,,3600000.0,2024-12-27 11:02:00,Apartman/Mesken,4.0,2024.0,,24657.534246575342
KAYSERİ,MELİKGAZİ,YEŞİLYURT MAHALLESİ,38.79729,35.615515,95.0,,,,2250000.0,2024-12-30 16:36:00,Apartman/Mesken,3.0,2024.0,,23684.21052631579
KAYSERİ,KOCASİNAN,PERVANE MAHALLESİ,38.7449,35.4982,155.0,,,,6250000.0,2024-12-30 09:17:00,Apartman/Mesken,10.0,2024.0,,40322.58064516129
KAYSERİ,MELİKGAZİ,KEYKUBAT MAHALLESİ,38.7432,35.406,123.0,,,,2400000.0,2024-12-31 10:29:00,Apartman/Mesken,13.0,2024.0,,19512.19512195122
KAYSERİ,MELİKGAZİ,GÜLÜK MAHALLESİ,38.7168,35.4814,138.0,,,,2500000.0,2024-12-27 14:56:00,Apartman/Mesken,1.0,2024.0,,18115.942028985508
KAYSERİ,KOCASİNAN,ÖRNEKEVLER MAHALLESİ,38.7297,35.4807,123.0,,,,1700000.0,2024-12-30 13:04:00,Apartman/Mesken,7.0,2024.0,,13821.138211382115
KAYSERİ,KOCASİNAN,ESENTEPE MAHALLESİ,38.7551,35.5277,122.0,,,,2100000.0,2024-12-31 13:49:00,Apartman/Mesken,3.0,2024.0,,17213.114754098362
KAYSERİ,TALAS,TALAS MAHALLESİ,38.6988,35.557689,132.0,,,,2700000.0,2025-01-02 13:34:00,Apartman/Mesken,10.0,2025.0,,20454.545454545456
KAYSERİ,MELİKGAZİ,OSMANLI Mah. MAHALLESİ,38.697025,35.484235,196.0,,,,2350000.0,2025-01-03 15:22:00,Apartman/Mesken,,2025.0,,11989.795918367347
KAYSERİ,KOCASİNAN,KÖTÜGÖLLER MAHALLESİ,38.759995,35.491015,128.0,,,,2000000.0,2025-01-03 10:19:00,Apartman/Mesken,0.0,2025.0,,15625.0
KAYSERİ,KOCASİNAN,SÜMER MAHALLESİ,38.7438,35.4684,110.0,,,,1850000.0,2025-01-03 09:57:00,Apartman/Mesken,8.0,2025.0,,16818.18181818182
KAYSERİ,DEVELİ,ÇATALOLUK Mah. MAHALLESİ,38.18411,35.834625,182.0,,,,950000.0,2025-01-06 09:47:00,Apartman/Mesken,,2025.0,,5219.780219780219
KAYSERİ,MELİKGAZİ,ALTINOLUK MAHALLESİ,38.689,35.4284,206.0,,,,9000000.0,2025-01-06 16:41:00,Apartman/Mesken,1.0,2025.0,,43689.320388349515
KAYSERİ,MELİKGAZİ,HÜRRİYET MAHALLESİ,38.7181,35.4658,128.0,,,,3100000.0,2025-01-06 09:53:00,Apartman/Mesken,6.0,2025.0,,24218.75
KAYSERİ,KOCASİNAN,PERVANE MAHALLESİ,38.7482,35.5027,158.0,,,,5600000.0,2025-01-06 12:46:00,Apartman/Mesken,13.0,2025.0,,35443.037974683546
KAYSERİ,TALAS,TALAS MAHALLESİ,38.70443,35.564325,110.0,,,,1750000.0,2025-01-07 08:56:00,Apartman/Mesken,6.0,2025.0,,15909.09090909091
KAYSERİ,KOCASİNAN,MAHZEMİN Mah. MAHALLESİ,38.85436,35.324605,100.0,,,,1820000.0,2025-01-07 10:31:00,Apartman/Mesken,,2025.0,,18200.0
KAYSERİ,KOCASİNAN,YENİDOĞAN MAHALLESİ,38.7474,35.4356,126.0,,,,1730000.0,2025-01-09 15:52:00,Apartman/Mesken,5.0,2025.0,,13730.15873015873
KAYSERİ,TALAS,KİÇİKÖY MAHALLESİ,38.69528,35.542475,108.0,,,,3000000.0,2025-01-10 17:39:00,Apartman/Mesken,2.0,2025.0,,27777.777777777777
KAYSERİ,KOCASİNAN,MİTHATPAŞA MAHALLESİ,38.7538,35.4548,110.0,,,,1900000.0,2025-01-14 15:04:00,Apartman/Mesken,0.0,2025.0,,17272.727272727272
KAYSERİ,KOCASİNAN,SÜMER MAHALLESİ,38.7475,35.488,124.0,,,,2750000.0,2025-01-14 14:48:00,Apartman/Mesken,1.0,2025.0,,22177.41935483871
KAYSERİ,TALAS,TALAS MAHALLESİ,38.7038,35.5704,115.0,,,,2500000.0,2025-01-13 13:38:00,Apartman/Mesken,2.0,2025.0,,21739.130434782608
KAYSERİ,KOCASİNAN,KÖTÜGÖLLER MAHALLESİ,38.7554,35.4891,127.0,,,,3000000.0,2025-01-15 15:30:00,Apartman/Mesken,4.0,2025.0,,23622.047244094487
KAYSERİ,KOCASİNAN,PERVANE MAHALLESİ,38.7482,35.5034,141.0,,,,3700000.0,2025-01-16 16:27:00,Apartman/Mesken,2.0,2025.0,,26241.13475177305
KAYSERİ,KOCASİNAN,KÖTÜGÖLLER MAHALLESİ,38.7688,35.4635,157.0,,,,4100000.0,2025-01-17 11:15:00,Apartman/Mesken,5.0,2025.0,,26114.649681528663
KAYSERİ,KOCASİNAN,PERVANE MAHALLESİ,38.73788,35.493055,140.0,,,,3300000.0,2025-01-20 13:56:00,Apartman/Mesken,5.0,2025.0,,23571.428571428572
KAYSERİ,TALAS,HARMAN MAHALLESİ,38.683975,35.55478,86.0,,,,2450000.0,2025-01-20 10:06:00,Apartman/Mesken,11.0,2025.0,,28488.372093023256
KAYSERİ,KOCASİNAN,ERKİLET OSMANGAZİ MAHALLESİ,38.7904,35.4616,171.0,,,,3100000.0,2025-01-20 09:46:00,Apartman/Mesken,5.0,2025.0,,18128.654970760235
KAYSERİ,KOCASİNAN,ŞEKER MAHALLESİ,38.771964,35.41587,70.0,,,,2100000.0,2025-01-21 12:18:00,Apartman/Mesken,5.0,2025.0,,30000.0
KAYSERİ,KOCASİNAN,KAVAKYAZISI 2.MINTIKA MAHALLESİ,38.7348,35.5244,190.0,,,,7750000.0,2025-01-20 15:45:00,Apartman/Mesken,9.0,2025.0,,40789.47368421053
KAYSERİ,MELİKGAZİ,YEŞİLYURT MAHALLESİ,38.7978,35.6229,188.0,,,,3850000.0,2025-01-21 09:56:00,Apartman/Mesken,2.0,2025.0,,20478.72340425532
KAYSERİ,MELİKGAZİ,KANLIYURT MAHALLESİ,38.7332,35.4269,99.0,,,,1450000.0,2025-01-23 09:31:00,Apartman/Mesken,2.0,2025.0,,14646.464646464647
KAYSERİ,KOCASİNAN,SÜMER MAHALLESİ,38.7348,35.4489,125.0,,,,2000000.0,2025-01-23 12:49:00,Apartman/Mesken,1.0,2025.0,,16000.0
KAYSERİ,MELİKGAZİ,BAHÇELİEVLER MAHALLESİ,38.76967,35.585595,115.0,,,,2150000.0,2025-02-05 17:14:00,Apartman/Mesken,12.0,2025.0,,18695.652173913044
KAYSERİ,İNCESU,BAHÇESARAY MAHALLESİ,38.6332,35.1911,84.0,,,,1500000.0,2025-02-03 16:20:00,Apartman/Mesken,1.0,2025.0,,17857.14285714286
KAYSERİ,MELİKGAZİ,HUNAT MAHALLESİ,38.7212,35.4926,72.0,,,,1350000.0,2025-02-04 12:47:00,Apartman/Mesken,2.0,2025.0,,18750.0
KAYSERİ,KOCASİNAN,MİTHATPAŞA MAHALLESİ,38.7594,35.4616,123.0,,,,2900000.0,2025-02-05 14:24:00,Apartman/Mesken,9.0,2025.0,,23577.235772357722
KAYSERİ,MELİKGAZİ,EĞRİBUCAK MAHALLESİ,38.6738,35.4281,264.0,,,,11600000.0,2025-02-05 12:56:00,Apartman/Mesken,,2025.0,,43939.393939393936
KAYSERİ,TALAS,KİÇİKÖY MAHALLESİ,38.6951,35.5427,105.0,,,,5850000.0,2025-02-06 19:06:00,Apartman/Mesken,4.0,2025.0,,55714.28571428572
KAYSERİ,MELİKGAZİ,KIRANARDI MAHALLESİ,38.63145,35.539275,102.0,,,,1700000.0,2025-02-06 14:38:00,Apartman/Mesken,6.0,2025.0,,16666.666666666668
KAYSERİ,KOCASİNAN,BEYAZŞEHİR MAHALLESİ,38.783024,35.581554,110.0,,,,1900000.0,2025-02-07 09:57:00,Apartman/Mesken,8.0,2025.0,,17272.727272727272
KAYSERİ,KOCASİNAN,ERKİLET MEHMET AKİF ERSOY MAHALLESİ,38.7972,35.4517,104.0,,,,1400000.0,2025-02-12 15:34:00,Apartman/Mesken,2.0,2025.0,,13461.538461538461
KAYSERİ,TALAS,KİÇİKÖY MAHALLESİ,38.69668,35.54104,96.0,,,,3100000.0,2025-02-12 09:28:00,Apartman/Mesken,4.0,2025.0,,32291.666666666668
KAYSERİ,MELİKGAZİ,DEMOKRASİ MAHALLESİ,38.765755,35.59853,110.0,,,,1750000.0,2025-02-12 13:14:00,Apartman/Mesken,2.0,2025.0,,15909.09090909091
KAYSERİ,TALAS,TALAS MAHALLESİ,38.69678,35.56167,86.0,,,,2925000.0,2025-02-12 14:45:00,Apartman/Mesken,2.0,2025.0,,34011.62790697674
KAYSERİ,MELİKGAZİ,ÇAY MAHALLESİ,38.6868,35.5407,395.0,,,,24575000.0,2025-02-14 12:45:00,Apartman/Mesken,0.0,2025.0,,62215.18987341772
KAYSERİ,MELİKGAZİ,ERENKÖY MAHALLESİ,38.6814,35.5347,430.0,,,,26800000.0,2025-02-16 17:06:00,Villa,-1.0,2025.0,,62325.58139534884
KAYSERİ,MELİKGAZİ,MELİKGAZİ MAHALLESİ,38.7264,35.5252,146.0,,,,3350000.0,2025-02-14 11:27:00,Apartman/Mesken,11.0,2025.0,,22945.205479452055
KAYSERİ,MELİKGAZİ,ESENTEPE MAHALLESİ,38.7285,35.4251,103.0,,,,2500000.0,2025-02-13 16:50:00,Apartman/Mesken,11.0,2025.0,,24271.844660194176
KAYSERİ,YAHYALI,SEYDİLİ MAHALLESİ,38.0989,35.3567,60.0,,,,2000000.0,2025-02-18 16:40:00,Apartman/Mesken,3.0,2025.0,,33333.333333333336
KAYSERİ,MELİKGAZİ,ANBAR MAHALLESİ,38.743435,35.37267,165.0,,,,2800000.0,2025-02-19 17:15:00,Apartman/Mesken,2.0,2025.0,,16969.696969696968
KAYSERİ,KOCASİNAN,UĞUREVLER MAHALLESİ,38.7397,35.5261,125.0,,,,2950000.0,2025-02-19 12:38:00,Apartman/Mesken,11.0,2025.0,,23600.0
KAYSERİ,TALAS,TALAS MAHALLESİ,38.70465,35.55542,148.0,,,,2800000.0,2025-02-21 23:15:00,Apartman/Mesken,1.0,2025.0,,18918.91891891892
KAYSERİ,MELİKGAZİ,TALAS MAHALLESİ,38.71413,35.528845,372.0,,,,21600000.0,2025-02-24 10:33:00,Apartman/Mesken,7.0,2025.0,,58064.51612903226
KAYSERİ,KOCASİNAN,PERVANE MAHALLESİ,38.7455,35.5057,118.0,,,,2500000.0,2025-02-24 15:08:00,Apartman/Mesken,2.0,2025.0,,21186.4406779661
KAYSERİ,KOCASİNAN,SÜMER MAHALLESİ,38.7397,35.463,120.0,,,,2100000.0,2025-02-25 09:16:00,Apartman/Mesken,10.0,2025.0,,17500.0
KAYSERİ,HACILAR,ZİNCİRLİ MAHALLESİ,38.6596,35.4701,237.0,,,,9750000.0,2025-02-25 17:47:00,Apartman/Mesken,-1.0,2025.0,,41139.240506329115
KAYSERİ,KOCASİNAN,BEYAZŞEHİR MAHALLESİ,38.783,35.5884,115.0,,,,2100000.0,2025-02-26 10:50:00,Apartman/Mesken,9.0,2025.0,,18260.869565217392
KAYSERİ,TALAS,TALAS MAHALLESİ,38.703165,35.552665,142.0,,,,3040000.0,2025-02-26 12:11:00,Apartman/Mesken,11.0,2025.0,,21408.450704225354
KAYSERİ,SARIOĞLAN,KIZILPINAR Mah. MAHALLESİ,39.14614,35.83991,272.0,,,,1810000.0,2025-03-01 11:41:00,Apartman/Mesken,,2025.0,,6654.411764705882
KAYSERİ,YEŞİLHİSAR,KILCAN MAHALLESİ,38.33204,35.08826,104.0,,,,1900000.0,2025-03-03 09:11:00,Apartman/Mesken,2.0,2025.0,,18269.23076923077
KAYSERİ,MELİKGAZİ,BAHÇELİEVLER MAHALLESİ,38.765429,35.58553,90.0,,,,2000000.0,2025-03-03 11:30:00,Apartman/Mesken,12.0,2025.0,,22222.222222222223
KAYSERİ,KOCASİNAN,ERKİLET GENERALEMİR MAHALLESİ,38.8101,35.4549,102.0,,,,1530000.0,2025-03-03 15:10:00,Apartman/Mesken,1.0,2025.0,,15000.0
KAYSERİ,KOCASİNAN,CUMHURİYET MAHALLESİ,38.7415,35.5166,125.0,,,,2400000.0,2025-03-05 14:11:00,Apartman/Mesken,10.0,2025.0,,19200.0
KAYSERİ,MELİKGAZİ,YILDIRIM BEYAZIT MAHALLESİ,38.7283,35.5377,144.0,,,,2800000.0,2025-03-05 11:54:00,Apartman/Mesken,2.0,2025.0,,19444.444444444445
KAYSERİ,KOCASİNAN,KÖTÜGÖLLER MAHALLESİ,38.76906,35.463055,127.0,,,,3100000.0,2025-03-05 15:58:00,Apartman/Mesken,1.0,2025.0,,24409.44881889764
KAYSERİ,KOCASİNAN,BEYAZŞEHİR MAHALLESİ,38.7877,35.5866,102.0,,,,2300000.0,2025-03-06 15:47:00,Apartman/Mesken,12.0,2025.0,,22549.019607843136
KAYSERİ,TALAS,HARMAN MAHALLESİ,38.6854,35.5559,271.0,,,,5450000.0,2025-03-06 15:08:00,Apartman/Mesken,10.0,2025.0,,20110.70110701107
KAYSERİ,TALAS,HARMAN MAHALLESİ,38.691545,35.545865,97.0,,,,1750000.0,2025-03-06 17:14:00,Apartman/Mesken,2.0,2025.0,,18041.23711340206
KAYSERİ,KOCASİNAN,ERTUĞRUL GAZİ M MAHALLESİ,38.8036,35.4433,234.0,,,,9850000.0,2025-03-10 15:41:00,Apartman/Mesken,,2025.0,,42094.017094017094
KAYSERİ,KOCASİNAN,ŞEKER MAHALLESİ,38.7682,35.4148,59.0,,,,2000000.0,2025-03-11 12:50:00,Apartman/Mesken,8.0,2025.0,,33898.30508474576
KAYSERİ,MELİKGAZİ,KÖŞKDAĞI MAHALLESİ,38.719506,35.515625,209.0,,,,5350000.0,2025-03-12 14:14:00,Apartman/Mesken,13.0,2025.0,,25598.086124401914
KAYSERİ,KOCASİNAN,SEYRANİ MAHALLESİ,38.749285,35.480195,153.0,,,,4250000.0,2025-03-15 10:34:00,Apartman/Mesken,10.0,2025.0,,27777.777777777777
KAYSERİ,MELİKGAZİ,KONAKLAR MAHALLESİ,38.7252,35.5583,136.0,,,,4000000.0,2025-03-15 12:57:00,Apartman/Mesken,9.0,2025.0,,29411.764705882353
KAYSERİ,TALAS,TALAS MAHALLESİ,38.7042,35.5725,86.0,,,,2400000.0,2025-03-14 12:39:00,Apartman/Mesken,6.0,2025.0,,27906.976744186046
KAYSERİ,TALAS,TALAS MAHALLESİ,38.7002,35.572,73.0,,,,2000000.0,2025-03-19 14:11:00,Apartman/Mesken,9.0,2025.0,,27397.260273972603
KAYSERİ,MELİKGAZİ,AYDINLIKEVLER MAHALLESİ,38.7224,35.4633,129.0,,,,1500000.0,2025-03-21 10:05:00,Apartman/Mesken,1.0,2025.0,,11627.906976744185
KAYSERİ,MELİKGAZİ,ÇAY  MAHALLESİ,38.692865,35.51918,243.0,,,,15600000.0,2025-03-24 11:46:00,Apartman/Mesken,,2025.0,,64197.53086419753
KAYSERİ,KOCASİNAN,PERVANE MAHALLESİ,38.7531,35.5063,135.0,,,,3250000.0,2025-03-26 13:11:00,Apartman/Mesken,1.0,2025.0,,24074.074074074073
KAYSERİ,KOCASİNAN,KÖTÜGÖLLER MAHALLESİ,38.7558,35.4857,132.0,,,,2400000.0,2025-03-24 16:06:00,Apartman/Mesken,3.0,2025.0,,18181.81818181818
KAYSERİ,KOCASİNAN,BEYAZŞEHİR MAHALLESİ,38.783845,35.590335,140.0,,,,2600000.0,2025-03-27 09:53:00,Apartman/Mesken,2.0,2025.0,,18571.428571428572
KAYSERİ,KOCASİNAN,KAVAKYAZISI MAHALLESİ,38.7373,35.5089,120.0,,,,1800000.0,2025-03-27 13:03:00,Apartman/Mesken,7.0,2025.0,,15000.0
KAYSERİ,MELİKGAZİ,MİMARSİNAN MAHALLESİ,38.7276,35.5819,106.0,,,,2400000.0,2025-03-28 10:54:00,Apartman/Mesken,2.0,2025.0,,22641.509433962263
KAYSERİ,TALAS,TALAS MAHALLESİ,38.71592,35.56155,135.0,,,,3400000.0,2025-03-28 13:49:00,Apartman/Mesken,14.0,2025.0,,25185.185185185186
KAYSERİ,TALAS,AKÇAKAYA MAHALLESİ,38.649025,35.57832,179.0,,,,7600000.0,2025-03-28 16:13:00,Apartman/Mesken,1.0,2025.0,,42458.100558659215
KAYSERİ,KOCASİNAN,KAVAKYAZISI 2.MINTIKA MAHALLESİ,38.7349,35.5247,190.0,,,,7000000.0,2025-04-03 11:25:00,Apartman/Mesken,13.0,2025.0,,36842.10526315789
KAYSERİ,TALAS,HARMAN MAHALLESİ,38.684575,35.54766,120.0,,,,2400000.0,2025-04-02 15:48:00,Apartman/Mesken,7.0,2025.0,,20000.0
KAYSERİ,MELİKGAZİ,MİMARSİNAN MAHALLESİ,38.76415,35.61251,75.0,,,,1500000.0,2025-04-08 10:26:00,Apartman/Mesken,1.0,2025.0,,20000.0
KAYSERİ,MELİKGAZİ,KEYKUBAT MAHALLESİ,38.7455,35.3887,102.0,,,,1650000.0,2025-04-04 11:24:00,Apartman/Mesken,2.0,2025.0,,16176.470588235294
KAYSERİ,KOCASİNAN,BEYAZŞEHİR MAHALLESİ,38.7878,35.5866,102.0,,,,2400000.0,2025-04-04 11:37:00,Apartman/Mesken,10.0,2025.0,,23529.41176470588
KAYSERİ,MELİKGAZİ,ŞİRİNTEPE MAHALLESİ,38.7431,35.5801,95.0,,,,2100000.0,2025-04-08 15:54:00,Apartman/Mesken,0.0,2025.0,,22105.263157894737
KAYSERİ,MELİKGAZİ,KEYKUBAT MAHALLESİ,38.7426,35.3976,105.0,,,,1600000.0,2025-04-09 13:08:00,Apartman/Mesken,7.0,2025.0,,15238.095238095239
KAYSERİ,TALAS,TALAS MAHALLESİ,38.7071,35.5707,115.0,,,,2350000.0,2025-04-11 16:26:00,Apartman/Mesken,4.0,2025.0,,20434.782608695652
KAYSERİ,KOCASİNAN,ZİYA GÖKALP MAHALLESİ,38.7471,35.4406,97.0,,,,1400000.0,2025-04-10 17:09:00,Apartman/Mesken,3.0,2025.0,,14432.98969072165
KAYSERİ,KOCASİNAN,KÖTÜGÖLLER MAHALLESİ,38.7555,35.4867,122.0,,,,2700000.0,2025-04-12 17:16:00,Apartman/Mesken,10.0,2025.0,,22131.147540983606
KAYSERİ,KOCASİNAN,ERTUĞRUL GAZİ MAHALLESİ,38.7863,35.4534,125.0,,,,2400000.0,2025-04-15 12:06:00,Apartman/Mesken,7.0,2025.0,,19200.0
KAYSERİ,MELİKGAZİ,KEYKUBAT MAHALLESİ,38.7449,35.3985,105.0,,,,1600000.0,2025-04-17 09:30:00,Apartman/Mesken,5.0,2025.0,,15238.095238095239
KAYSERİ,MELİKGAZİ,GESİ MAHALLESİ,38.787315,35.616275,100.0,,,,2000000.0,2025-04-16 15:21:00,Apartman/Mesken,9.0,2025.0,,20000.0
KAYSERİ,MELİKGAZİ,GESİ MAHALLESİ,38.784049,35.601615,124.0,,,,3230000.0,2025-04-17 10:24:00,Apartman/Mesken,11.0,2025.0,,26048.387096774193
KAYSERİ,KOCASİNAN,PERVANE MAHALLESİ,38.7407,35.4974,121.0,,,,2250000.0,2025-04-16 15:00:00,Apartman/Mesken,1.0,2025.0,,18595.04132231405
KAYSERİ,KOCASİNAN,YILDIZEVLER MAHALLESİ,38.7416,35.5383,108.0,,,,3000000.0,2025-04-18 15:41:00,Apartman/Mesken,10.0,2025.0,,27777.777777777777
KAYSERİ,MELİKGAZİ,GESİ MAHALLESİ,38.786805,35.63574,197.0,,,,4300000.0,2025-04-18 16:53:00,Apartman/Mesken,1.0,2025.0,,21827.41116751269
KAYSERİ,MELİKGAZİ,ŞİRİNTEPE MAHALLESİ,38.7337,35.5801,130.0,,,,2350000.0,2025-04-18 16:08:00,Apartman/Mesken,3.0,2025.0,,18076.923076923078
KAYSERİ,MELİKGAZİ,MELİKGAZİ MAHALLESİ,38.7298,35.5253,222.0,,,,8650000.0,2025-04-19 11:39:00,Apartman/Mesken,6.0,2025.0,,38963.963963963964
KAYSERİ,TALAS,TALAS MAHALLESİ,38.7063,35.5702,119.0,,,,2250000.0,2025-04-19 12:04:00,Apartman/Mesken,2.0,2025.0,,18907.563025210085
KAYSERİ,TOMARZA,4.MINTIKA MAHALLESİ,38.44453,35.787859,85.0,,,,2170000.0,2025-04-24 11:05:00,Apartman/Mesken,4.0,2025.0,,25529.41176470588
KAYSERİ,MELİKGAZİ,ŞİRİNTEPE MAHALLESİ,38.74517,35.57711,113.0,,,,2715000.0,2025-04-22 15:24:00,Apartman/Mesken,3.0,2025.0,,24026.548672566372
KAYSERİ,KOCASİNAN,PERVANE MAHALLESİ,38.739,35.487,104.0,,,,1300000.0,2025-04-22 11:00:00,Apartman/Mesken,2.0,2025.0,,12500.0
KAYSERİ,KOCASİNAN,ŞEKER MAHALLESİ,38.7682,35.4148,47.0,,,,1750000.0,2025-04-22 11:16:00,Apartman/Mesken,4.0,2025.0,,37234.04255319149
KAYSERİ,TALAS,TALAS MAHALLESİ,38.70835,35.571765,110.0,,,,1900000.0,2025-04-21 22:29:00,Apartman/Mesken,6.0,2025.0,,17272.727272727272
KAYSERİ,MELİKGAZİ,MİMARSİNAN MAHALLESİ,38.760332,35.611077,75.0,,,,1500000.0,2025-04-24 14:00:00,Apartman/Mesken,3.0,2025.0,,20000.0
KAYSERİ,İNCESU,KIZILÖREN/TABAKLI Mah. MAHALLESİ,38.610665,35.325025,345.0,,,,2280000.0,2025-04-24 15:11:00,Apartman/Mesken,,2025.0,,6608.695652173913
KAYSERİ,TALAS,TALAS MAHALLESİ,38.7028,35.5722,129.0,,,,5000000.0,2025-04-24 12:51:00,Apartman/Mesken,5.0,2025.0,,38759.68992248062
KAYSERİ,MELİKGAZİ,ŞİRİNTEPE MAHALLESİ,38.737865,35.57705,95.0,,,,1500000.0,2025-04-24 12:22:00,Apartman/Mesken,10.0,2025.0,,15789.473684210527
KAYSERİ,MELİKGAZİ,TAVLUSUN Mah. MAHALLESİ,38.7219,35.5831,300.0,,,,26200000.0,2025-04-30 12:55:00,Apartman/Mesken,,2025.0,,87333.33333333333
KAYSERİ,KOCASİNAN,ERKİLET OSMANGAZİ MAHALLESİ,38.7904,35.4613,165.0,,,,3400000.0,2025-04-28 10:24:00,Apartman/Mesken,4.0,2025.0,,20606.060606060608
KAYSERİ,TALAS,TALAS MAHALLESİ,38.703185,35.56328,115.0,,,,1950000.0,2025-04-28 15:31:00,Apartman/Mesken,3.0,2025.0,,16956.521739130436
KAYSERİ,KOCASİNAN,KÖTÜGÖLLER MAHALLESİ,38.7709,35.462,95.0,,,,2700000.0,2025-04-29 16:31:00,Apartman/Mesken,2.0,2025.0,,28421.052631578947
KAYSERİ,MELİKGAZİ,MİMARSİNAN MAHALLESİ,38.7276,35.5827,107.0,,,,2500000.0,2025-04-29 13:15:00,Apartman/Mesken,1.0,2025.0,,23364.48598130841
KAYSERİ,MELİKGAZİ,GÜLTEPE MAHALLESİ,38.72243,35.516575,142.0,,,,3850000.0,2025-04-30 12:16:00,Apartman/Mesken,9.0,2025.0,,27112.676056338027
KAYSERİ,KOCASİNAN,ERKİLET CAMİKEBİR MAHALLESİ,38.7797,35.4459,77.0,,,,2200000.0,2025-04-30 15:24:00,Apartman/Mesken,8.0,2025.0,,28571.428571428572
KAYSERİ,KOCASİNAN,BEYAZŞEHİR MAHALLESİ,38.7885,35.5873,140.0,,,,3300000.0,2025-05-02 11:14:00,Apartman/Mesken,3.0,2025.0,,23571.428571428572
KAYSERİ,MELİKGAZİ,ANBAR MAHALLESİ,38.7369,35.3937,106.0,,,,1650000.0,2025-05-02 17:53:00,Apartman/Mesken,3.0,2025.0,,15566.037735849057
KAYSERİ,MELİKGAZİ,GÜLTEPE MAHALLESİ,38.7218,35.5134,141.0,,,,3500000.0,2025-05-05 11:52:00,Apartman/Mesken,12.0,2025.0,,24822.695035460994
KAYSERİ,MELİKGAZİ,AYDINLAR MAHALLESİ,38.701145,35.593535,255.0,,,,6120000.0,2025-05-06 17:03:00,Apartman/Mesken,1.0,2025.0,,24000.0
KAYSERİ,KOCASİNAN,PERVANE MAHALLESİ,38.7303,35.495,111.0,,,,1500000.0,2025-05-08 10:56:00,Apartman/Mesken,4.0,2025.0,,13513.513513513513
KAYSERİ,KOCASİNAN,ERTUĞRUL GAZİ MAHALLESİ,38.787,35.4481,98.0,,,,2250000.0,2025-05-07 11:32:00,Apartman/Mesken,1.0,2025.0,,22959.183673469386
KAYSERİ,TALAS,TALAS MAHALLESİ,38.70085,35.561695,134.0,,,,2290000.0,2025-05-07 10:27:00,Apartman/Mesken,12.0,2025.0,,17089.55223880597
KAYSERİ,TALAS,HARMAN MAHALLESİ,38.6818,35.5543,70.0,,,,2600000.0,2025-05-08 14:43:00,Apartman/Mesken,1.0,2025.0,,37142.857142857145
KAYSERİ,MELİKGAZİ,KANLIYURT MAHALLESİ,38.73374,35.417235,133.0,,,,2500000.0,2025-05-08 11:33:00,Apartman/Mesken,5.0,2025.0,,18796.992481203008
KAYSERİ,KOCASİNAN,SÜMER MAHALLESİ,38.7477,35.4599,106.0,,,,2400000.0,2025-05-12 12:21:00,Apartman/Mesken,6.0,2025.0,,22641.509433962263
KAYSERİ,MELİKGAZİ,BECEN Mah. MAHALLESİ,38.65231,35.481255,100.0,,,,10300000.0,2025-05-13 14:00:00,Apartman/Mesken,,2025.0,,103000.0
KAYSERİ,KOCASİNAN,ERKİLET GENERALEMİR MAHALLESİ,38.8094,35.4541,105.0,,,,1700000.0,2025-05-12 16:35:00,Apartman/Mesken,0.0,2025.0,,16190.47619047619
KAYSERİ,KOCASİNAN,BEYAZŞEHİR MAHALLESİ,38.7878,35.5866,95.0,,,,2150000.0,2025-05-13 12:05:00,Apartman/Mesken,0.0,2025.0,,22631.57894736842
KAYSERİ,TALAS,KİÇİKÖY MAHALLESİ,38.69933,35.5471,140.0,,,,2800000.0,2025-05-12 16:55:00,Apartman/Mesken,6.0,2025.0,,20000.0
KAYSERİ,KOCASİNAN,SÜMER MAHALLESİ,38.7353,35.4662,110.0,,,,2000000.0,2025-05-14 09:21:00,Apartman/Mesken,8.0,2025.0,,18181.81818181818
KAYSERİ,MELİKGAZİ,YILDIRIM BEYAZIT MAHALLESİ,38.73894,35.541265,153.0,,,,6750000.0,2025-05-14 12:44:00,Apartman/Mesken,5.0,2025.0,,44117.64705882353
KAYSERİ,MELİKGAZİ,MELİKGAZİ MAHALLESİ,38.7283,35.5209,207.0,,,,7500000.0,2025-05-14 13:21:00,Apartman/Mesken,7.0,2025.0,,36231.884057971016
KAYSERİ,TOMARZA,4. MINTIKA  MAHALLESİ,38.442675,35.786525,130.0,,,,5400000.0,2025-05-14 14:03:00,Apartman/Mesken,2.0,2025.0,,41538.46153846154
KAYSERİ,KOCASİNAN,UĞUREVLER MAHALLESİ,38.7359,35.5291,120.0,,,,3250000.0,2025-05-15 15:25:00,Apartman/Mesken,13.0,2025.0,,27083.333333333332
KAYSERİ,MELİKGAZİ,KEYKUBAT MAHALLESİ,38.74093,35.4172,162.0,,,,2300000.0,2025-05-15 09:56:00,Apartman/Mesken,,2025.0,,14197.530864197532
KAYSERİ,MELİKGAZİ,30 AĞUSTOS MAHALLESİ,38.75089,35.390995,158.0,,,,3800000.0,2025-05-16 15:43:00,Apartman/Mesken,14.0,2025.0,,24050.632911392404
KAYSERİ,PINARBAŞI,HÜRRİYET MAHALLESİ,38.72457,36.37447,75.0,,,,1315000.0,2025-05-16 16:24:00,Apartman/Mesken,0.0,2025.0,,17533.333333333332
KAYSERİ,TALAS,TALAS MAHALLESİ,38.705815,35.558635,110.0,,,,2200000.0,2025-05-16 16:33:00,Apartman/Mesken,5.0,2025.0,,20000.0
KAYSERİ,KOCASİNAN,SÜMER MAHALLESİ,38.7469,35.472,142.0,,,,3800000.0,2025-05-20 15:56:00,Apartman/Mesken,2.0,2025.0,,26760.563380281692
KAYSERİ,MELİKGAZİ,MİMARSİNAN MAHALLESİ,38.72154,35.59763,143.0,,,,2875000.0,2025-05-22 11:04:00,Apartman/Mesken,1.0,2025.0,,20104.895104895106
KAYSERİ,MELİKGAZİ,KANLIYURT MAHALLESİ,38.73447,35.427865,110.0,,,,1485000.0,2025-05-22 11:25:00,Apartman/Mesken,0.0,2025.0,,13500.0
KAYSERİ,KOCASİNAN,KAVAKYAZISI MAHALLESİ,38.729755,35.50246,100.0,,,,2675000.0,2025-05-22 12:00:00,Apartman/Mesken,5.0,2025.0,,26750.0
KAYSERİ,KOCASİNAN,ZİYA GÖKALP MAHALLESİ,38.742535,35.43788,75.0,,,,1100000.0,2025-05-22 11:27:00,Apartman/Mesken,0.0,2025.0,,14666.666666666666
KAYSERİ,MELİKGAZİ,AKKAYA MAHALLESİ,38.7048,35.4396,135.0,,,,2250000.0,2025-05-23 05:52:00,Apartman/Mesken,1.0,2025.0,,16666.666666666668
KAYSERİ,MELİKGAZİ,DEMİRCİYAZISI MAHALLESİ,38.7193,35.4607,147.0,,,,2900000.0,2025-05-23 15:44:00,Apartman/Mesken,6.0,2025.0,,19727.891156462585
KAYSERİ,MELİKGAZİ,GÜLTEPE MAHALLESİ,38.72166,35.51063,136.0,,,,3500000.0,2025-05-26 09:14:00,Apartman/Mesken,7.0,2025.0,,25735.29411764706
KAYSERİ,MELİKGAZİ,HÜRRİYET MAHALLESİ,38.7182,35.4659,128.0,,,,3200000.0,2025-05-26 12:16:00,Apartman/Mesken,6.0,2025.0,,25000.0
KAYSERİ,TALAS,TALAS MAHALLESİ,38.70464,35.55721,125.0,,,,2175000.0,2025-05-26 17:39:00,Apartman/Mesken,7.0,2025.0,,17400.0
KAYSERİ,İNCESU,SUBAŞI Mah. MAHALLESİ,38.5534,35.2113,350.0,,,,3700000.0,2025-05-27 15:26:00,Apartman/Mesken,,2025.0,,10571.42857142857
KAYSERİ,TALAS,TALAS MAHALLESİ,38.7071,35.5514,102.0,,,,2600000.0,2025-05-28 15:51:00,Apartman/Mesken,5.0,2025.0,,25490.196078431374
KAYSERİ,MELİKGAZİ,ANBAR MAHALLESİ,38.73696,35.394245,100.0,,,,1550000.0,2025-05-28 11:09:00,Apartman/Mesken,2.0,2025.0,,15500.0
KAYSERİ,MELİKGAZİ,ŞİRİNTEPE MAHALLESİ,38.74009,35.57519,95.0,,,,1500000.0,2025-05-28 14:49:00,Apartman/Mesken,12.0,2025.0,,15789.473684210527
KAYSERİ,TALAS,TALAS MAHALLESİ,38.701675,35.562225,158.0,,,,3600000.0,2025-05-30 15:25:00,Apartman/Mesken,2.0,2025.0,,22784.810126582277
KAYSERİ,MELİKGAZİ,BATTALGAZİ MAHALLESİ,38.7063,35.488,72.0,,,,1250000.0,2025-06-02 09:55:00,Apartman/Mesken,0.0,2025.0,,17361.11111111111
KAYSERİ,TALAS,TALAS MAHALLESİ,38.7109,35.5626,135.0,,,,3000000.0,2025-06-02 11:28:00,Apartman/Mesken,8.0,2025.0,,22222.222222222223
KAYSERİ,TALAS,HARMAN MAHALLESİ,38.69256,35.54379,130.0,,,,2150000.0,2025-06-02 16:11:00,Apartman/Mesken,1.0,2025.0,,16538.46153846154
KAYSERİ,KOCASİNAN,BEYAZŞEHİR MAHALLESİ,38.7877,35.5866,94.0,,,,2350000.0,2025-06-04 14:57:00,Apartman/Mesken,8.0,2025.0,,25000.0
KAYSERİ,İNCESU,AKSUBAĞLARI MAHALLESİ,38.612925,35.164285,77.0,,,,1450000.0,2025-06-03 16:47:00,Apartman/Mesken,0.0,2025.0,,18831.16883116883
KAYSERİ,MELİKGAZİ,SAKARYA MAHALLESİ,38.72485,35.41119,115.0,,,,2000000.0,2025-06-05 23:32:00,Apartman/Mesken,6.0,2025.0,,17391.304347826088
KAYSERİ,MELİKGAZİ,GÜLTEPE MAHALLESİ,38.71864,35.51165,143.0,,,,7300000.0,2025-06-05 10:21:00,Apartman/Mesken,,2025.0,,51048.95104895105
KAYSERİ,TALAS,KİÇİKÖY MAHALLESİ,38.6981,35.5484,133.0,,,,3100000.0,2025-06-13 11:09:00,Apartman/Mesken,6.0,2025.0,,23308.27067669173
KAYSERİ,KOCASİNAN,CENGİZTOPEL MAHALLESİ,38.7472,35.5227,107.0,,,,1600000.0,2025-06-12 10:48:00,Apartman/Mesken,1.0,2025.0,,14953.271028037383
KAYSERİ,KOCASİNAN,PERVANE MAHALLESİ,38.7348,35.4868,83.0,,,,1100000.0,2025-06-16 12:07:00,Apartman/Mesken,5.0,2025.0,,13253.012048192772
KAYSERİ,MELİKGAZİ,19 MAYIS MAHALLESİ,38.744427,35.3828,107.0,,,,2600000.0,2025-06-14 17:16:00,Apartman/Mesken,1.0,2025.0,,24299.065420560746
KAYSERİ,MELİKGAZİ,DEMİRCİYAZISI MAHALLESİ,38.726,35.4472,135.0,,,,2000000.0,2025-06-17 16:29:00,Apartman/Mesken,3.0,2025.0,,14814.814814814816
KAYSERİ,PINARBAŞI,YENİ OCAK MAHALLESİ,38.72133,36.38903,95.0,,,,1625000.0,2025-06-18 14:51:00,Apartman/Mesken,4.0,2025.0,,17105.263157894737
KAYSERİ,MELİKGAZİ,YILDIRIM BEYAZIT MAHALLESİ,38.7327,35.5337,175.0,,,,4375000.0,2025-06-19 10:29:00,Apartman/Mesken,6.0,2025.0,,25000.0
KAYSERİ,MELİKGAZİ,BAĞPINAR Mah. MAHALLESİ,38.812985,35.63966,126.0,,,,2250000.0,2025-06-20 12:42:00,Apartman/Mesken,,2025.0,,17857.14285714286
KAYSERİ,KOCASİNAN,ERKİLET SANCAKTEPE MAHALLESİ,38.7834,35.4599,119.0,,,,2300000.0,2025-06-23 09:43:00,Apartman/Mesken,8.0,2025.0,,19327.731092436974
KAYSERİ,KOCASİNAN,ERKİLET OSMANGAZİ MAHALLESİ,38.7906,35.4612,167.0,,,,3800000.0,2025-06-23 10:02:00,Apartman/Mesken,3.0,2025.0,,22754.491017964072
KAYSERİ,MELİKGAZİ,19 MAYIS MAHALLESİ,38.742915,35.381055,70.0,,,,28200000.0,2025-06-27 10:27:00,Apartman/Mesken,0.0,2025.0,,402857.14285714284
KAYSERİ,MELİKGAZİ,TONTAR MAHALLESİ,38.699545,35.48881,123.0,,,,1700000.0,2025-06-23 16:06:00,Apartman/Mesken,1.0,2025.0,,13821.138211382115
KAYSERİ,MELİKGAZİ,MİMARSİNAN MAHALLESİ,38.7644,35.5978,90.0,,,,2300000.0,2025-06-26 09:04:00,Apartman/Mesken,1.0,2025.0,,25555.555555555555
KAYSERİ,KOCASİNAN,PERVANE MAHALLESİ,38.7644,35.5978,135.0,,,,4000000.0,2025-06-25 12:30:00,Apartman/Mesken,11.0,2025.0,,29629.62962962963
KAYSERİ,MELİKGAZİ,ALPASLAN MAHALLESİ,38.72424,35.513091,185.0,,,,4300000.0,2025-06-25 16:16:00,Apartman/Mesken,6.0,2025.0,,23243.243243243243
KAYSERİ,KOCASİNAN,ERKİLET OSMANGAZİ MAHALLESİ,38.793325,35.45614,192.0,,,,4350000.0,2025-06-25 15:26:00,Apartman/Mesken,0.0,2025.0,,22656.25
KAYSERİ,MELİKGAZİ,DANİŞMENTGAZİ Mah. MAHALLESİ,38.6742,35.4746,223.0,,,,2250000.0,2025-06-26 15:57:00,Apartman/Mesken,,2025.0,,10089.686098654709
KAYSERİ,MELİKGAZİ,KEYKUBAT MAHALLESİ,38.739455,35.387495,80.0,,,,1500000.0,2025-06-26 09:34:00,Apartman/Mesken,2.0,2025.0,,18750.0
KAYSERİ,KOCASİNAN,ZİYA GÖKALP MAHALLESİ,38.744,35.4426,62.0,,,,1000000.0,2025-06-30 15:50:00,Apartman/Mesken,0.0,2025.0,,16129.032258064517
KAYSERİ,MELİKGAZİ,BAHÇELİEVLER MAHALLESİ,38.75536,35.56946,112.0,,,,2500000.0,2025-06-30 17:19:00,Apartman/Mesken,2.0,2025.0,,22321.428571428572
KAYSERİ,SARIZ,YENİ MAHALLE M MAHALLESİ,38.4809,36.50032,122.0,2000.0,,3.0,1830000.0,2025-07-03 10:15:00,Apartman/Mesken,,2025.0,25.0,15000.0
KAYSERİ,TALAS,TALAS MAHALLESİ,38.70505,35.572135,83.0,2023.0,,2.0,2500000.0,2025-07-02 17:13:00,Apartman/Mesken,6.0,2025.0,2.0,30120.481927710844
KAYSERİ,KOCASİNAN,PERVANE MAHALLESİ,38.7443,35.4912,164.0,2024.0,,2.0,6500000.0,2025-07-04 14:55:00,Apartman/Mesken,5.0,2025.0,1.0,39634.14634146341
KAYSERİ,KOCASİNAN,PERVANE MAHALLESİ,38.7476,35.4956,164.0,2022.0,,2.0,6000000.0,2025-07-08 10:46:00,Apartman/Mesken,13.0,2025.0,3.0,36585.365853658535
KAYSERİ,KOCASİNAN,BEYAZŞEHİR MAHALLESİ,38.78779,35.58658,95.0,2025.0,,2.0,2400000.0,2025-07-07 11:20:00,Apartman/Mesken,11.0,2025.0,0.0,25263.157894736843
KAYSERİ,MELİKGAZİ,ANBAR MAHALLESİ,38.7468,35.3841,130.0,2015.0,,3.0,2500000.0,2025-07-09 09:53:00,Apartman/Mesken,7.0,2025.0,10.0,19230.76923076923
KAYSERİ,HACILAR,ERCİYES Mah. MAHALLESİ,38.6562,35.4733,532.0,1990.0,,3.0,7540000.0,2025-07-09 13:02:00,Apartman/Mesken,,2025.0,35.0,14172.932330827067
KAYSERİ,TALAS,TALAS MAHALLESİ,38.7042,35.5547,145.0,2015.0,,3.0,4000000.0,2025-07-11 10:30:00,Apartman/Mesken,1.0,2025.0,10.0,27586.206896551725
KAYSERİ,MELİKGAZİ,ALPASLAN MAHALLESİ,38.7245,35.5193,169.0,2003.0,,3.0,4400000.0,2025-07-11 11:25:00,Apartman/Mesken,11.0,2025.0,22.0,26035.50295857988
KAYSERİ,MELİKGAZİ,BATTALGAZİ MAHALLESİ,38.7074,35.4888,183.0,2001.0,,3.0,2500000.0,2025-07-14 16:22:00,Apartman/Mesken,2.0,2025.0,24.0,13661.20218579235
KAYSERİ,MELİKGAZİ,ERENKÖY MAHALLESİ,38.6965,35.5174,406.0,2019.0,,2.0,31000000.0,2025-07-30 10:15:00,Apartman/Mesken,0.0,2025.0,6.0,76354.67980295567
KAYSERİ,TALAS,TALAS  MAHALLESİ,38.705794,35.558085,118.0,2014.0,,3.0,2500000.0,2025-07-14 14:50:00,Apartman/Mesken,3.0,2025.0,11.0,21186.4406779661
KAYSERİ,MELİKGAZİ,ŞİRİNTEPE MAHALLESİ,38.73554,35.576955,100.0,2000.0,,3.0,1600000.0,2025-07-14 17:25:00,Apartman/Mesken,14.0,2025.0,25.0,16000.0
KAYSERİ,MELİKGAZİ,HUNAT MAHALLESİ,38.722695,35.49717,175.0,2017.0,,1.0,9800000.0,2025-07-16 10:45:00,Apartman/Mesken,9.0,2025.0,8.0,56000.0
KAYSERİ,MELİKGAZİ,ÇAY MAHALLESİ,38.6839,35.5376,428.0,2015.0,,3.0,27750000.0,2025-07-17 16:47:00,Apartman/Mesken,1.0,2025.0,10.0,64836.44859813084
KAYSERİ,TALAS,TALAS MAHALLESİ,38.7189,35.557,132.0,2025.0,,2.0,6750000.0,2025-07-18 10:23:00,Apartman/Mesken,9.0,2025.0,0.0,51136.36363636364
KAYSERİ,KOCASİNAN,SÜMER MAHALLESİ,38.7369,35.4622,135.0,2024.0,,2.0,3200000.0,2025-07-22 10:55:00,Apartman/Mesken,8.0,2025.0,1.0,23703.703703703704
KAYSERİ,MELİKGAZİ,YAZIBAĞLARI MAHALLESİ,38.7358,35.4006,110.0,2003.0,,3.0,1950000.0,2025-07-18 18:27:00,Apartman/Mesken,9.0,2025.0,22.0,17727.272727272728
KAYSERİ,MELİKGAZİ,ERENKÖY MAHALLESİ,38.6735,35.5039,285.0,2023.0,,1.0,22105000.0,2025-07-22 22:14:00,Apartman/Mesken,0.0,2025.0,2.0,77561.40350877192
KAYSERİ,KOCASİNAN,YILDIZEVLER MAHALLESİ,38.74165,35.538124,136.0,2021.0,,2.0,3650000.0,2025-07-23 09:42:00,Apartman/Mesken,10.0,2025.0,4.0,26838.235294117647
KAYSERİ,MELİKGAZİ,ALTINOLUK MAHALLESİ,38.6985,35.4485,126.0,2018.0,,3.0,2000000.0,2025-07-23 17:37:00,Apartman/Mesken,3.0,2025.0,7.0,15873.015873015873
KAYSERİ,KOCASİNAN,KAVAKYAZISI MAHALLESİ,38.7271,35.4964,207.0,1987.0,,3.0,4150000.0,2025-07-24 13:52:00,Apartman/Mesken,4.0,2025.0,38.0,20048.309178743963
KAYSERİ,YEŞİLHİSAR,HACIBEKTAŞ MAHALLESİ,38.358515,35.08809,66.0,2024.0,,2.0,1201200.0,2025-07-24 10:13:00,Apartman/Mesken,0.0,2025.0,1.0,18200.0
KAYSERİ,KOCASİNAN,BARSAMA MAHALLESİ,38.8833,35.7141,160.0,2010.0,,2.0,4000000.0,2025-07-28 11:12:00,Apartman/Mesken,,2025.0,15.0,25000.0
KAYSERİ,MELİKGAZİ,ŞİRİNTEPE MAHALLESİ,38.7471,35.5777,120.0,2025.0,,2.0,2600000.0,2025-07-28 15:53:00,Apartman/Mesken,6.0,2025.0,0.0,21666.666666666668
KAYSERİ,MELİKGAZİ,AĞIRNAS Mah. MAHALLESİ,38.8165,35.7216,411.0,1980.0,,3.0,5080000.0,2025-07-25 15:30:00,Apartman/Mesken,,2025.0,45.0,12360.097323600974
KAYSERİ,TALAS,TALAS MAHALLESİ,38.701285,35.555625,119.0,2015.0,,2.0,3600000.0,2025-07-26 17:03:00,Apartman/Mesken,12.0,2025.0,10.0,30252.100840336134
KAYSERİ,MELİKGAZİ,GESİ MAHALLESİ,38.7837,35.6075,103.0,2019.0,,3.0,2250000.0,2025-07-29 12:16:00,Apartman/Mesken,1.0,2025.0,6.0,21844.660194174758
KAYSERİ,MELİKGAZİ,GESİ MAHALLESİ,38.7828,35.6108,119.0,2014.0,,3.0,2625000.0,2025-07-29 12:49:00,Apartman/Mesken,3.0,2025.0,11.0,22058.823529411766
KAYSERİ,MELİKGAZİ,GESİ MAHALLESİ,38.7835,35.6081,128.0,2011.0,,3.0,2500000.0,2025-07-29 14:49:00,Apartman/Mesken,4.0,2025.0,14.0,19531.25
KAYSERİ,TALAS,YUKARI TALAS M MAHALLESİ,38.6682,35.5706,225.0,2006.0,,3.0,9900000.0,2025-07-30 11:27:00,Apartman/Mesken,,2025.0,19.0,44000.0
KAYSERİ,KOCASİNAN,ERTUĞRUL GAZİ MAHALLESİ,38.7858,35.4529,126.0,2019.0,,3.0,3150000.0,2025-07-30 16:07:00,Apartman/Mesken,9.0,2025.0,6.0,25000.0
KAYSERİ,KOCASİNAN,BEYAZŞEHİR MAHALLESİ,38.7887,35.5866,98.0,2025.0,,2.0,2500000.0,2025-07-30 14:28:00,Apartman/Mesken,3.0,2025.0,0.0,25510.20408163265
KAYSERİ,PINARBAŞI,HÜRRİYET MAHALLESİ,38.7249,36.3731,100.0,2010.0,,2.0,1600000.0,2025-07-30 14:12:00,Apartman/Mesken,2.0,2025.0,15.0,16000.0
KAYSERİ,TALAS,KİÇİKÖY MAHALLESİ,38.6967,35.5415,67.0,2025.0,,2.0,2000000.0,2025-07-31 16:00:00,Apartman/Mesken,6.0,2025.0,0.0,29850.746268656716
KAYSERİ,YEŞİLHİSAR,KILCAN MAHALLESİ,38.3368,35.0872,148.0,2023.0,,3.0,3340000.0,2025-07-31 15:47:00,Apartman/Mesken,2.0,2025.0,2.0,22567.567567567567
KAYSERİ,KOCASİNAN,CUMHURİYET MAHALLESİ,38.7431,35.5195,124.0,2021.0,,3.0,3200000.0,2025-08-01 15:14:00,Apartman/Mesken,3.0,2025.0,4.0,25806.451612903227
KAYSERİ,PINARBAŞI,HÜRRİYET MAHALLESİ,38.720685,36.373825,120.0,2005.0,,3.0,2000000.0,2025-08-04 15:22:00,Apartman/Mesken,2.0,2025.0,20.0,16666.666666666668
KAYSERİ,MELİKGAZİ,YILDIRIM BEYAZIT MAHALLESİ,38.721501,35.542501,184.0,2025.0,,2.0,8000000.0,2025-08-05 13:44:00,Apartman/Mesken,13.0,2025.0,0.0,43478.260869565216
KAYSERİ,KOCASİNAN,AHİEVRAN MAHALLESİ,38.7659,35.5702,89.0,2014.0,,3.0,1850000.0,2025-08-06 10:05:00,Apartman/Mesken,7.0,2025.0,11.0,20786.516853932586
KAYSERİ,TALAS,TALAS MAHALLESİ,38.7074,35.5651,118.0,2015.0,,2.0,2500000.0,2025-08-06 10:01:00,Apartman/Mesken,14.0,2025.0,10.0,21186.4406779661
KAYSERİ,TALAS,TALAS MAHALLESİ,38.7029,35.57227,132.0,2025.0,,1.0,5500000.0,2025-08-06 18:11:00,Apartman/Mesken,8.0,2025.0,0.0,41666.666666666664
KAYSERİ,MELİKGAZİ,19 MAYIS MAHALLESİ,38.7402,35.3811,127.0,2018.0,,3.0,3000000.0,2025-08-07 10:32:00,Apartman/Mesken,13.0,2025.0,7.0,23622.047244094487
KAYSERİ,MELİKGAZİ,ŞİRİNTEPE MAHALLESİ,38.7354,35.5785,106.0,2016.0,,3.0,2250000.0,2025-08-07 17:44:00,Apartman/Mesken,3.0,2025.0,9.0,21226.415094339623
KAYSERİ,MELİKGAZİ,ESENYURT MAHALLESİ,38.6919,35.4877,116.0,2018.0,,3.0,2150000.0,2025-08-07 17:54:00,Apartman/Mesken,2.0,2025.0,7.0,18534.48275862069
KAYSERİ,MELİKGAZİ,ŞİRİNTEPE MAHALLESİ,38.7396,35.5761,95.0,2008.0,,3.0,1550000.0,2025-08-08 11:37:00,Apartman/Mesken,1.0,2025.0,17.0,16315.78947368421
KAYSERİ,MELİKGAZİ,ERENKÖY MAHALLESİ,38.6767,35.5221,278.0,2025.0,,2.0,17825000.0,2025-08-08 10:03:00,Villa,-1.0,2025.0,0.0,64118.70503597122
KAYSERİ,HACILAR,YUKARI MAHALLESİ,38.62877,35.454565,122.0,2025.0,,1.0,6065000.0,2025-08-15 10:11:00,Apartman/Mesken,1.0,2025.0,0.0,49713.11475409836
KAYSERİ,TALAS,TALAS MAHALLESİ,38.7004,35.5714,39.0,2010.0,,3.0,1250000.0,2025-08-11 12:39:00,Apartman/Mesken,3.0,2025.0,15.0,32051.28205128205
KAYSERİ,TALAS,TALAS MAHALLESİ,38.7061,35.5616,110.0,2000.0,,3.0,2200000.0,2025-08-15 12:35:00,Apartman/Mesken,2.0,2025.0,25.0,20000.0
KAYSERİ,MELİKGAZİ,ESENTEPE MAHALLESİ,38.7309,35.4283,98.0,2006.0,,3.0,1900000.0,2025-08-18 14:51:00,Apartman/Mesken,3.0,2025.0,19.0,19387.755102040817
KAYSERİ,MELİKGAZİ,ALTINOLUK MAHALLESİ,38.701155,35.44838,121.0,2021.0,,2.0,3700000.0,2025-08-19 15:42:00,Apartman/Mesken,2.0,2025.0,4.0,30578.512396694216
KAYSERİ,TALAS,TALAS MAHALLESİ,38.7087,35.5669,160.0,2012.0,,2.0,3500000.0,2025-08-20 16:53:00,Apartman/Mesken,10.0,2025.0,13.0,21875.0
KAYSERİ,MELİKGAZİ,KEYKUBAT MAHALLESİ,38.7492,35.3927,105.0,1995.0,,4.0,1700000.0,2025-08-20 16:13:00,Apartman/Mesken,7.0,2025.0,30.0,16190.47619047619
KAYSERİ,KOCASİNAN,ERKİLET 100.YIL MAHALLESİ,38.8106,35.4515,84.0,2024.0,,2.0,2400000.0,2025-08-21 15:52:00,Apartman/Mesken,2.0,2025.0,1.0,28571.428571428572
KAYSERİ,KOCASİNAN,YENİDOĞAN MAHALLESİ,38.744205,35.43221,134.0,2019.0,,2.0,3000000.0,2025-08-21 12:35:00,Apartman/Mesken,3.0,2025.0,6.0,22388.059701492537
KAYSERİ,KOCASİNAN,KAVAKYAZISI 2. MINTIKA  MAHALLESİ,38.73388,35.518355,248.0,2012.0,,3.0,8120000.0,2025-08-22 17:30:00,Apartman/Mesken,3.0,2025.0,13.0,32741.935483870966
KAYSERİ,MELİKGAZİ,YILDIRIM BEYAZIT MAHALLESİ,38.7248,35.5494,155.0,2025.0,,3.0,5650000.0,2025-08-21 15:49:00,Apartman/Mesken,10.0,2025.0,0.0,36451.6129032258
KAYSERİ,MELİKGAZİ,BAHÇELİEVLER MAHALLESİ,38.771965,35.582465,127.0,2025.0,,2.0,3700000.0,2025-08-22 17:13:00,Apartman/Mesken,9.0,2025.0,0.0,29133.858267716536
KAYSERİ,MELİKGAZİ,ALPASLAN MAHALLESİ,38.7268,35.5107,148.0,1994.0,,3.0,3650000.0,2025-08-25 14:00:00,Apartman/Mesken,12.0,2025.0,31.0,24662.162162162163
KAYSERİ,MELİKGAZİ,ANBAR MAHALLESİ,38.7358,35.3784,108.0,2002.0,,3.0,2250000.0,2025-08-26 13:27:00,Apartman/Mesken,6.0,2025.0,23.0,20833.333333333332
KAYSERİ,KOCASİNAN,ERKİLET  MAHALLESİ,38.786195,35.4562,120.0,2018.0,,3.0,3200000.0,2025-08-25 12:33:00,Apartman/Mesken,10.0,2025.0,7.0,26666.666666666668
KAYSERİ,TALAS,REŞADİYE  MAHALLESİ,38.6502,35.5817,130.0,2023.0,,3.0,5750000.0,2025-08-26 15:27:00,Apartman/Mesken,,2025.0,2.0,44230.769230769234
KAYSERİ,MELİKGAZİ,ALPASLAN MAHALLESİ,38.7253,35.5143,168.0,2005.0,,3.0,4100000.0,2025-08-26 14:09:00,Apartman/Mesken,9.0,2025.0,20.0,24404.761904761905
KAYSERİ,DEVELİ,İBRAHİMAĞA MAHALLESİ,38.3905,35.487,127.0,2017.0,,2.0,2400000.0,2025-08-28 10:45:00,Apartman/Mesken,0.0,2025.0,8.0,18897.63779527559
KAYSERİ,TALAS,TALAS MAHALLESİ,38.7001,35.5569,127.0,2015.0,,3.0,3000000.0,2025-08-28 13:04:00,Apartman/Mesken,7.0,2025.0,10.0,23622.047244094487
KAYSERİ,KOCASİNAN,ERKİLET CAMİKEBİR MAHALLESİ,38.7797,35.4459,73.0,2025.0,,2.0,2250000.0,2025-09-01 11:25:00,Apartman/Mesken,3.0,2025.0,0.0,30821.91780821918
KAYSERİ,MELİKGAZİ,KANLIYURT MAHALLESİ,38.736035,35.410265,120.0,2015.0,,3.0,2835000.0,2025-09-01 11:00:00,Apartman/Mesken,3.0,2025.0,10.0,23625.0
KAYSERİ,TALAS,HARMAN MAHALLESİ,38.6888,35.5502,99.0,2025.0,,2.0,3250000.0,2025-08-31 11:09:00,Apartman/Mesken,5.0,2025.0,0.0,32828.28282828283
KAYSERİ,TALAS,HARMAN  MAHALLESİ,38.68144,35.539559,385.0,2019.0,,2.0,27815000.0,2025-09-09 13:57:00,Apartman/Mesken,,2025.0,6.0,72246.75324675324
KAYSERİ,MELİKGAZİ,GESİ  MAHALLESİ,38.79132,35.62193,136.0,2018.0,,3.0,3150000.0,2025-09-02 13:33:00,Apartman/Mesken,11.0,2025.0,7.0,23161.764705882353
KAYSERİ,MELİKGAZİ,GESİ  MAHALLESİ,38.790385,35.621275,100.0,2006.0,,3.0,2100000.0,2025-09-02 15:38:00,Apartman/Mesken,8.0,2025.0,19.0,21000.0
KAYSERİ,MELİKGAZİ,KÜÇÜKALİ MAHALLESİ,38.7093,35.4723,95.0,2019.0,,2.0,2400000.0,2025-09-02 11:20:00,Apartman/Mesken,10.0,2025.0,6.0,25263.157894736843
KAYSERİ,HACILAR,YEDİAĞAÇ MAHALLESİ,38.6604,35.4219,151.0,2025.0,,3.0,8000000.0,2025-09-03 17:11:00,Apartman/Mesken,1.0,2025.0,0.0,52980.132450331126
KAYSERİ,PINARBAŞI,YENİOCAK MAHALLESİ,38.722785,36.394,130.0,2008.0,,3.0,2340000.0,2025-09-05 11:29:00,Apartman/Mesken,4.0,2025.0,17.0,18000.0
KAYSERİ,TALAS,TALAS MAHALLESİ,38.698,35.5556,140.0,2003.0,,3.0,2400000.0,2025-09-08 14:12:00,Apartman/Mesken,1.0,2025.0,22.0,17142.85714285714
KAYSERİ,MELİKGAZİ,SAKARYA MAHALLESİ,38.7397,35.3989,115.0,2022.0,,2.0,11450000.0,2025-09-08 13:58:00,Apartman/Mesken,6.0,2025.0,3.0,99565.21739130435
KAYSERİ,KOCASİNAN,BEYAZŞEHİR MAHALLESİ,38.782725,35.59082,102.0,2025.0,,2.0,2300000.0,2025-09-08 16:08:00,Apartman/Mesken,9.0,2025.0,0.0,22549.019607843136
KAYSERİ,İNCESU,KIZILÖREN/ÖTEBATAN MAH. MAHALLESİ,38.595465,35.26011,276.0,1975.0,,4.0,1385000.0,2025-09-09 12:18:00,Apartman/Mesken,,2025.0,50.0,5018.115942028986
KAYSERİ,MELİKGAZİ,ŞİRİNTEPE MAHALLESİ,38.7426,35.5736,124.0,2022.0,,3.0,2650000.0,2025-09-09 10:01:00,Apartman/Mesken,0.0,2025.0,3.0,21370.967741935485
KAYSERİ,TALAS,TALAS  MAHALLESİ,38.700194,35.57198,74.0,2025.0,,2.0,2200000.0,2025-09-09 12:26:00,Apartman/Mesken,7.0,2025.0,0.0,29729.72972972973
KAYSERİ,BÜNYAN,KÖPRÜBAŞI MAHALLESİ,38.669435,36.03599,185.0,1950.0,,4.0,1110000.0,2025-09-12 00:56:00,Apartman/Mesken,,2025.0,75.0,6000.0
KAYSERİ,MELİKGAZİ,KEYKUBAT MAHALLESİ,38.7418,35.3949,100.0,1995.0,,4.0,1600000.0,2025-09-09 15:24:00,Apartman/Mesken,0.0,2025.0,30.0,16000.0
KAYSERİ,TOMARZA,2. MINTIKA MAHALLESİ,38.458614,35.80662,72.0,2009.0,,3.0,1750000.0,2025-09-11 13:06:00,Apartman/Mesken,1.0,2025.0,16.0,24305.555555555555
KAYSERİ,TALAS,TALAS MAHALLESİ,38.6962,35.5543,140.0,2015.0,,3.0,3400000.0,2025-09-11 13:15:00,Apartman/Mesken,3.0,2025.0,10.0,24285.714285714286
KAYSERİ,KOCASİNAN,BEYAZŞEHİR MAHALLESİ,38.78205,35.5964,114.0,2002.0,,3.0,2200000.0,2025-09-11 16:59:00,Apartman/Mesken,0.0,2025.0,23.0,19298.245614035088
KAYSERİ,KOCASİNAN,PERVANE MAHALLESİ,38.7498,35.5043,150.0,2023.0,,2.0,5250000.0,2025-09-12 13:20:00,Apartman/Mesken,4.0,2025.0,2.0,35000.0
KAYSERİ,TALAS,KİÇİKÖY MAHALLESİ,38.6905,35.5541,108.0,2024.0,,2.0,3000000.0,2025-09-13 16:11:00,Apartman/Mesken,0.0,2025.0,1.0,27777.777777777777
KAYSERİ,DEVELİ,YENİMAHALLE MAHALLESİ,38.40309,35.48531,122.0,2025.0,,2.0,3500000.0,2025-09-11 17:13:00,Apartman/Mesken,1.0,2025.0,0.0,28688.524590163935
KAYSERİ,MELİKGAZİ,KEYKUBAT MAHALLESİ,38.7391,35.3916,80.0,1995.0,,3.0,1600000.0,2025-09-16 16:26:00,Apartman/Mesken,5.0,2025.0,30.0,20000.0
KAYSERİ,KOCASİNAN,KAVAKYAZISI MAHALLESİ,38.735001,35.5045,134.0,1978.0,,3.0,1950000.0,2025-09-17 11:33:00,Apartman/Mesken,5.0,2025.0,47.0,14552.23880597015
KAYSERİ,MELİKGAZİ,GESİ MAHALLESİ,38.785515,35.62128,100.0,2006.0,,3.0,2250000.0,2025-09-16 15:47:00,Apartman/Mesken,9.0,2025.0,19.0,22500.0
KAYSERİ,DEVELİ,YENİMAHALLE MAHALLESİ,38.39416,35.488645,87.0,2024.0,,2.0,2250000.0,2025-09-19 10:47:00,Apartman/Mesken,0.0,2025.0,1.0,25862.068965517243
KAYSERİ,MELİKGAZİ,ALPASLAN MAHALLESİ,38.723865,35.509995,153.0,2022.0,,2.0,9900000.0,2025-09-18 17:09:00,Apartman/Mesken,2.0,2025.0,3.0,64705.882352941175
KAYSERİ,KOCASİNAN,PERVANE MAHALLESİ,38.7471,35.4991,156.0,2018.0,,2.0,5000000.0,2025-09-20 22:25:00,Apartman/Mesken,8.0,2025.0,7.0,32051.28205128205
KAYSERİ,KOCASİNAN,MEVLANA MAHALLESİ,38.738555,35.486325,93.0,1981.0,,4.0,1330000.0,2025-09-19 16:01:00,Apartman/Mesken,1.0,2025.0,44.0,14301.075268817205
KAYSERİ,MELİKGAZİ,EĞRİBUCAK  MAHALLESİ,38.6864,35.4268,100.0,,,,2500000.0,2025-09-30 16:12:00,Apartman/Mesken,,2025.0,,25000.0
KAYSERİ,KOCASİNAN,MİTHATPAŞA MAH. MAHALLESİ,38.756165,35.461955,120.0,2023.0,,2.0,3050000.0,2025-09-20 11:31:00,Apartman/Mesken,1.0,2025.0,2.0,25416.666666666668
KAYSERİ,MELİKGAZİ,BECEN MAHALLESİ,38.66652,35.50069,362.0,2024.0,,1.0,23000000.0,2025-09-23 00:10:00,Apartman/Mesken,1.0,2025.0,1.0,63535.91160220995
KAYSERİ,MELİKGAZİ,19 MAYIS MAHALLESİ,38.744435,35.37981,122.0,2023.0,,2.0,3750000.0,2025-09-23 11:29:00,Apartman/Mesken,1.0,2025.0,2.0,30737.70491803279
KAYSERİ,MELİKGAZİ,MELİKGAZİ  MAHALLESİ,38.72929,35.52443,179.0,2007.0,,3.0,6000000.0,2025-09-24 13:01:00,Apartman/Mesken,1.0,2025.0,18.0,33519.5530726257
KAYSERİ,TALAS,TALAS MAHALLESİ,38.7041,35.5632,110.0,2000.0,,3.0,2200000.0,2025-09-25 10:00:00,Apartman/Mesken,8.0,2025.0,25.0,20000.0
KAYSERİ,KOCASİNAN,BEYAZŞEHİR MAHALLESİ,38.782725,35.59082,86.0,2025.0,,2.0,2400000.0,2025-09-24 10:59:00,Apartman/Mesken,7.0,2025.0,0.0,27906.976744186046
KAYSERİ,KOCASİNAN,SEYRANİ MAHALLESİ,38.750305,35.477455,146.0,2025.0,,2.0,8300000.0,2025-09-26 10:46:00,Apartman/Mesken,1.0,2025.0,0.0,56849.31506849315
KAYSERİ,KOCASİNAN,SÜMER MAHALLESİ,38.7471,35.4575,130.0,1997.0,,3.0,2150000.0,2025-09-24 17:47:00,Apartman/Mesken,1.0,2025.0,28.0,16538.46153846154
KAYSERİ,KOCASİNAN,SÜMER MAHALLESİ,38.7378,35.4596,128.0,2025.0,,3.0,3500000.0,2025-09-25 09:49:00,Apartman/Mesken,1.0,2025.0,0.0,27343.75
KAYSERİ,MELİKGAZİ,YEŞİLYURT MAHALLESİ,38.799433,35.611109,97.0,2022.0,,2.0,2700000.0,2025-09-24 17:31:00,Apartman/Mesken,10.0,2025.0,3.0,27835.05154639175
KAYSERİ,MELİKGAZİ,HÜRRİYET MAHALLESİ,38.715695,35.46797,100.0,2014.0,,3.0,2700000.0,2025-09-26 12:01:00,Apartman/Mesken,4.0,2025.0,11.0,27000.0
KAYSERİ,KOCASİNAN,CUMHURİYET MAHALLESİ,38.7432,35.5185,125.0,2024.0,,2.0,4000000.0,2025-09-28 23:49:00,Apartman/Mesken,6.0,2025.0,1.0,32000.0
KAYSERİ,TALAS,TALAS MAHALLESİ,38.6998,35.5685,77.0,2012.0,,3.0,2100000.0,2025-09-26 00:16:00,Apartman/Mesken,9.0,2025.0,13.0,27272.727272727272
KAYSERİ,MELİKGAZİ,KEYKUBAT MAHALLESİ,38.74,35.3929,100.0,1995.0,,3.0,1850000.0,2025-09-30 12:47:00,Apartman/Mesken,2.0,2025.0,30.0,18500.0
KAYSERİ,MELİKGAZİ,ŞİRİNTEPE MAHALLESİ,38.7388,35.5769,95.0,1998.0,,3.0,1700000.0,2025-09-30 09:49:00,Apartman/Mesken,5.0,2025.0,27.0,17894.736842105263
KAYSERİ,MELİKGAZİ,KEYKUBAT MAHALLESİ,38.7425,35.4086,112.0,1980.0,,3.0,2000000.0,2025-09-29 14:54:00,Apartman/Mesken,1.0,2025.0,45.0,17857.14285714286
KAYSERİ,KOCASİNAN,KAVAKYAZISI 2. MINTIKA  MAHALLESİ,38.73388,35.518355,234.0,2012.0,,3.0,7575000.0,2025-10-02 13:54:00,Apartman/Mesken,3.0,2025.0,13.0,32371.79487179487
KAYSERİ,MELİKGAZİ,KAZIM KARABEKİR MAHALLESİ,38.721014,35.448723,85.0,2021.0,,2.0,2600000.0,2025-10-01 09:25:00,Apartman/Mesken,4.0,2025.0,4.0,30588.235294117647
KAYSERİ,MELİKGAZİ,EĞRİBUCAK MAHALLESİ,38.6799,35.4608,161.0,2024.0,,3.0,9560000.0,2025-10-01 15:10:00,Apartman/Mesken,1.0,2025.0,1.0,59378.88198757764
KAYSERİ,TALAS,KİÇİKÖY MAHALLESİ,38.699675,35.54692,135.0,2008.0,,3.0,3250000.0,2025-10-03 11:53:00,Apartman/Mesken,12.0,2025.0,17.0,24074.074074074073
KAYSERİ,KOCASİNAN,ERKİLET CAMİKEBİR MAHALLESİ,38.7786,35.4405,120.0,2025.0,,2.0,3100000.0,2025-10-02 10:01:00,Apartman/Mesken,2.0,2025.0,0.0,25833.333333333332
KAYSERİ,MELİKGAZİ,GESİ MAHALLESİ,38.789633,35.615884,110.0,2010.0,,3.0,2250000.0,2025-10-06 11:07:00,Apartman/Mesken,5.0,2025.0,15.0,20454.545454545456
KAYSERİ,MELİKGAZİ,KANLIYURT MAHALLESİ,38.7316,35.4395,92.0,1990.0,,3.0,1500000.0,2025-10-02 10:02:00,Apartman/Mesken,2.0,2025.0,35.0,16304.347826086956
KAYSERİ,TALAS,TALAS MAHALLESİ,38.7178,35.5577,138.0,2021.0,,3.0,4000000.0,2025-10-06 09:58:00,Apartman/Mesken,1.0,2025.0,4.0,28985.507246376812
KAYSERİ,KOCASİNAN,ZİYA GÖKALP MAHALLESİ,38.7443,35.4455,132.0,2021.0,,2.0,3750000.0,2025-10-04 18:38:00,Apartman/Mesken,1.0,2025.0,4.0,28409.090909090908
KAYSERİ,MELİKGAZİ,KONAKLAR MAHALLESİ,38.738862,35.570833,120.0,2013.0,,2.0,2500000.0,2025-10-07 13:11:00,Apartman/Mesken,1.0,2025.0,12.0,20833.333333333332
KAYSERİ,HACILAR,YUKARI MAHALLESİ,38.628689,35.454382,112.0,2025.0,,1.0,6750000.0,2025-10-07 16:46:00,Apartman/Mesken,1.0,2025.0,0.0,60267.857142857145
KAYSERİ,KOCASİNAN,PERVANE MAHALLESİ,38.7379,35.4904,92.0,1986.0,,3.0,1600000.0,2025-10-08 17:02:00,Apartman/Mesken,1.0,2025.0,39.0,17391.304347826088
KAYSERİ,MELİKGAZİ,KAYADİBİ MAHALLESİ,38.6809,35.4305,215.0,2023.0,,3.0,12600000.0,2025-10-07 16:02:00,Villa,-1.0,2025.0,2.0,58604.651162790695
KAYSERİ,YAHYALI,GAZİBEYLİ Mah. MAHALLESİ,38.094965,35.359505,420.0,2018.0,,2.0,6130000.0,2025-10-10 11:02:00,Apartman/Mesken,,2025.0,7.0,14595.238095238095
KAYSERİ,MELİKGAZİ,MELİKGAZİ  MAHALLESİ,38.7259,35.5203,164.0,1993.0,,3.0,4500000.0,2025-10-09 13:42:00,Apartman/Mesken,13.0,2025.0,32.0,27439.024390243903
KAYSERİ,KOCASİNAN,SARAYBOSNA MAHALLESİ,38.7561,35.5098,152.0,2025.0,,2.0,3750000.0,2025-10-09 11:31:00,Apartman/Mesken,6.0,2025.0,0.0,24671.052631578947
KAYSERİ,MELİKGAZİ,KONAKLAR MAHALLESİ,38.7449,35.5493,152.0,2015.0,,3.0,3500000.0,2025-10-10 14:30:00,Apartman/Mesken,10.0,2025.0,10.0,23026.315789473683
KAYSERİ,MELİKGAZİ,DEMOKRASİ MAHALLESİ,38.7671,35.5972,134.0,2010.0,,3.0,2700000.0,2025-10-10 16:37:00,Apartman/Mesken,12.0,2025.0,15.0,20149.253731343284
KAYSERİ,KOCASİNAN,ERKİLET GENERALEMİR MAHALLESİ,38.806,35.4526,124.0,2014.0,,3.0,2500000.0,2025-10-12 23:27:00,Apartman/Mesken,6.0,2025.0,11.0,20161.290322580644
KAYSERİ,KOCASİNAN,SERÇEÖNÜ MAHALLESİ,38.723985,35.49158,155.0,1982.0,,3.0,2870000.0,2025-10-15 11:12:00,Apartman/Mesken,5.0,2025.0,43.0,18516.129032258064
KAYSERİ,KOCASİNAN,ERKİLET  MAHALLESİ,38.7928,35.42292,185.0,2024.0,,2.0,9000000.0,2025-10-15 11:02:00,Apartman/Mesken,1.0,2025.0,1.0,48648.64864864865
KAYSERİ,KOCASİNAN,SEYRANİ MAHALLESİ,38.7484,35.4761,133.0,2011.0,,3.0,3000000.0,2025-10-15 12:03:00,Apartman/Mesken,1.0,2025.0,14.0,22556.39097744361
KAYSERİ,KOCASİNAN,PERVANE MAHALLESİ,38.7321,35.4923,114.0,1979.0,,3.0,1900000.0,2025-10-15 15:51:00,Apartman/Mesken,4.0,2025.0,46.0,16666.666666666668
KAYSERİ,TALAS,TALAS MAHALLESİ,38.714,35.5567,144.0,2019.0,,2.0,4500000.0,2025-10-17 09:09:00,Apartman/Mesken,7.0,2025.0,6.0,31250.0
KAYSERİ,MELİKGAZİ,BATTALGAZİ MAH. MAHALLESİ,38.698575,35.479505,105.0,2010.0,,3.0,2100000.0,2025-10-17 12:08:00,Apartman/Mesken,2.0,2025.0,15.0,20000.0
KAYSERİ,MELİKGAZİ,BAHÇELİEVLER  MAHALLESİ,38.771965,35.578365,105.0,2008.0,,3.0,2350000.0,2025-10-17 10:25:00,Apartman/Mesken,5.0,2025.0,17.0,22380.95238095238
KAYSERİ,KOCASİNAN,ERKİLET OSMANGAZİ  MAHALLESİ,38.789735,35.461385,120.0,2014.0,,3.0,2700000.0,2025-10-17 16:48:00,Apartman/Mesken,1.0,2025.0,11.0,22500.0
KAYSERİ,MELİKGAZİ,KONAKLAR MAHALLESİ,38.720935,35.567,170.0,2020.0,,3.0,5950000.0,2025-10-22 11:26:00,Apartman/Mesken,3.0,2025.0,5.0,35000.0
KAYSERİ,MELİKGAZİ,KONAKLAR MAHALLESİ,38.738088,35.546264,132.0,2011.0,,2.0,3040000.0,2025-10-17 16:29:00,Apartman/Mesken,12.0,2025.0,14.0,23030.303030303032
KAYSERİ,TALAS,TALAS MAHALLESİ,38.7016,35.5462,130.0,2017.0,,2.0,4400000.0,2025-10-20 15:35:00,Apartman/Mesken,10.0,2025.0,8.0,33846.153846153844
KAYSERİ,MELİKGAZİ,EĞRİBUCAK MAHALLESİ,38.6919,35.4521,186.0,2016.0,,3.0,8575000.0,2025-10-21 14:02:00,Apartman/Mesken,1.0,2025.0,9.0,46102.15053763441
KAYSERİ,MELİKGAZİ,YEŞİLYURT MAHALLESİ,38.7996,35.6112,99.0,2022.0,,3.0,13750000.0,2025-10-22 16:59:00,Apartman/Mesken,1.0,2025.0,3.0,138888.88888888888
KAYSERİ,MELİKGAZİ,ŞİRİNTEPE MAHALLESİ,38.7529,35.5793,108.0,2024.0,,2.0,2800000.0,2025-10-22 09:53:00,Apartman/Mesken,6.0,2025.0,1.0,25925.925925925927
KAYSERİ,TOMARZA,DADALOĞLU MAHALLESİ,38.49356,36.137305,171.0,1949.0,,4.0,1140000.0,2025-10-23 12:15:00,Apartman/Mesken,,2025.0,76.0,6666.666666666667
KAYSERİ,MELİKGAZİ,KÖŞKDAĞI MAHALLESİ,38.7175,35.516,293.0,2012.0,,1.0,11500000.0,2025-10-22 15:42:00,Apartman/Mesken,11.0,2025.0,13.0,39249.146757679184
KAYSERİ,MELİKGAZİ,ŞİRİNTEPE MAHALLESİ,38.7392,35.5776,95.0,1998.0,,3.0,1750000.0,2025-10-23 23:17:00,Apartman/Mesken,3.0,2025.0,27.0,18421.052631578947
KAYSERİ,TALAS,TALAS MAHALLESİ,38.7152,35.5624,138.0,2024.0,,3.0,4850000.0,2025-10-24 09:22:00,Apartman/Mesken,4.0,2025.0,1.0,35144.92753623189
KAYSERİ,MELİKGAZİ,ŞİRİNTEPE MAHALLESİ,38.746855,35.57754,121.0,2023.0,,2.0,2600000.0,2025-10-24 12:18:00,Apartman/Mesken,13.0,2025.0,2.0,21487.603305785124
KAYSERİ,TALAS,TALAS  MAHALLESİ,38.70424,35.553355,145.0,2019.0,,2.0,4300000.0,2025-10-25 11:00:00,Apartman/Mesken,1.0,2025.0,6.0,29655.172413793105
KAYSERİ,KOCASİNAN,ŞEKER MAHALLESİ,38.7694,35.4159,49.0,2022.0,,2.0,1950000.0,2025-10-24 10:50:00,Apartman/Mesken,1.0,2025.0,3.0,39795.91836734694
KAYSERİ,KOCASİNAN,KAVAKYAZISI MAHALLESİ,38.737275,35.511485,100.0,1985.0,,3.0,1750000.0,2025-10-25 11:28:00,Apartman/Mesken,3.0,2025.0,40.0,17500.0
KAYSERİ,KOCASİNAN,ŞEKER MAHALLESİ,38.7735,35.4136,71.0,2025.0,,2.0,2400000.0,2025-10-27 09:00:00,Apartman/Mesken,4.0,2025.0,0.0,33802.81690140845
KAYSERİ,MELİKGAZİ,ESENYURT MAHALLESİ,38.694515,35.48435,109.0,2015.0,,3.0,2600000.0,2025-10-24 16:24:00,Apartman/Mesken,7.0,2025.0,10.0,23853.211009174312
KAYSERİ,KOCASİNAN,UĞUREVLER MAHALLESİ,38.74267,35.52586,109.0,2018.0,,3.0,2800000.0,2025-10-27 09:20:00,Apartman/Mesken,6.0,2025.0,7.0,25688.07339449541
KAYSERİ,TALAS,TALAS  MAHALLESİ,38.70919,35.56824,115.0,2022.0,,3.0,3250000.0,2025-10-27 09:40:00,Apartman/Mesken,8.0,2025.0,3.0,28260.869565217392
KAYSERİ,KOCASİNAN,YENİDOĞAN MAHALLESİ,38.7498,35.4367,100.0,1998.0,,4.0,1700000.0,2025-10-27 09:45:00,Apartman/Mesken,2.0,2025.0,27.0,17000.0
KAYSERİ,KOCASİNAN,ERTUĞRUL GAZİ M MAHALLESİ,38.786644,35.4485,124.0,2024.0,,2.0,3100000.0,2025-10-25 12:06:00,Apartman/Mesken,3.0,2025.0,1.0,25000.0
KAYSERİ,MELİKGAZİ,ŞİRİNTEPE MAHALLESİ,38.738326,35.576713,95.0,2000.0,,3.0,1900000.0,2025-10-27 12:00:00,Apartman/Mesken,5.0,2025.0,25.0,20000.0
KAYSERİ,KOCASİNAN,KOCASİNAN MAHALLESİ,38.767983,35.575929,93.0,1994.0,,3.0,1500000.0,2025-10-27 13:15:00,Apartman/Mesken,4.0,2025.0,31.0,16129.032258064517
KAYSERİ,TALAS,TALAS  MAHALLESİ,38.6993,35.5695,115.0,2016.0,,3.0,2850000.0,2025-10-24 17:37:00,Apartman/Mesken,5.0,2025.0,9.0,24782.608695652172
KAYSERİ,KOCASİNAN,KÖTÜGÖLLER MAHALLESİ,38.771379,35.461726,95.0,2025.0,,2.0,3150000.0,2025-10-28 12:10:00,Apartman/Mesken,9.0,2025.0,0.0,33157.89473684211
KAYSERİ,KOCASİNAN,SÜMER MAHALLESİ,38.7391,35.4452,90.0,2016.0,,2.0,1750000.0,2025-10-27 23:30:00,Apartman/Mesken,0.0,2025.0,9.0,19444.444444444445
KAYSERİ,MELİKGAZİ,AYDINLIKEVLER MAHALLESİ,38.715815,35.473595,170.0,2003.0,,2.0,3500000.0,2025-10-28 10:02:00,Apartman/Mesken,9.0,2025.0,22.0,20588.235294117647
KAYSERİ,KOCASİNAN,BEYAZŞEHİR MAHALLESİ,38.778724,35.57697,118.0,2005.0,,3.0,2600000.0,2025-10-28 12:09:00,Apartman/Mesken,1.0,2025.0,20.0,22033.898305084746
KAYSERİ,KOCASİNAN,ERKİLET OSMANGAZİ  MAHALLESİ,38.787685,35.45589,135.0,2020.0,,3.0,3750000.0,2025-10-28 11:05:00,Apartman/Mesken,9.0,2025.0,5.0,27777.777777777777
KAYSERİ,KOCASİNAN,MİTHATPAŞA MAHALLESİ,38.751135,35.46343,127.0,2014.0,,3.0,2815000.0,2025-10-28 14:45:00,Apartman/Mesken,2.0,2025.0,11.0,22165.354330708662
KAYSERİ,MELİKGAZİ,ESENTEPE  MAHALLESİ,38.7311,35.4256,117.0,2013.0,,3.0,3000000.0,2025-10-30 15:01:00,Apartman/Mesken,6.0,2025.0,12.0,25641.02564102564
KAYSERİ,DEVELİ,GÜNEYAŞAĞI MAHALLESİ,38.371623,35.474209,118.0,2008.0,,3.0,1800000.0,2025-10-31 09:40:00,Apartman/Mesken,3.0,2025.0,17.0,15254.237288135593
KAYSERİ,MELİKGAZİ,SELÇUKLU MAHALLESİ,38.687304,35.47261,107.0,2005.0,,3.0,2100000.0,2025-10-30 11:12:00,Apartman/Mesken,3.0,2025.0,20.0,19626.168224299065
KAYSERİ,TALAS,TALAS MAHALLESİ,38.7038,35.5704,115.0,2016.0,,2.0,3100000.0,2025-10-31 12:24:00,Apartman/Mesken,12.0,2025.0,9.0,26956.521739130436
KAYSERİ,MELİKGAZİ,ANBAR  MAHALLESİ,38.737615,35.386995,105.0,1995.0,,4.0,1750000.0,2025-10-31 11:54:00,Apartman/Mesken,4.0,2025.0,30.0,16666.666666666668
KAYSERİ,MELİKGAZİ,ANBAR  MAHALLESİ,38.73386,35.379105,125.0,2023.0,,2.0,3700000.0,2025-10-31 15:33:00,Apartman/Mesken,8.0,2025.0,2.0,29600.0
KAYSERİ,KOCASİNAN,PERVANE MAHALLESİ,38.7365,35.4921,100.0,1976.0,,4.0,1700000.0,2025-11-04 15:24:00,Apartman/Mesken,1.0,2025.0,49.0,17000.0
KAYSERİ,KOCASİNAN,YENİDOĞAN MAHALLESİ,38.7435,35.4327,134.0,2017.0,,2.0,3300000.0,2025-11-02 22:15:00,Apartman/Mesken,13.0,2025.0,8.0,24626.86567164179
KAYSERİ,MELİKGAZİ,MELİKGAZİ MAHALLESİ,38.727235,35.520575,178.0,2016.0,,2.0,6500000.0,2025-11-03 17:18:00,Apartman/Mesken,2.0,2025.0,9.0,36516.85393258427
KAYSERİ,MELİKGAZİ,KANLIYURT MAHALLESİ,38.732761,35.432324,125.0,2001.0,,3.0,2750000.0,2025-11-04 09:59:00,Apartman/Mesken,8.0,2025.0,24.0,22000.0
KAYSERİ,TALAS,TALAS MAHALLESİ,38.700984,35.56475,130.0,2011.0,,3.0,2750000.0,2025-11-03 12:00:00,Apartman/Mesken,13.0,2025.0,14.0,21153.846153846152
KAYSERİ,MELİKGAZİ,BATTALGAZİ MAHALLESİ,38.7085,35.4759,93.0,2025.0,,2.0,2900000.0,2025-11-05 13:27:00,Apartman/Mesken,2.0,2025.0,0.0,31182.795698924732
KAYSERİ,MELİKGAZİ,BAHÇELİEVLER MAHALLESİ,38.772165,35.578195,115.0,2005.0,,3.0,2450000.0,2025-11-05 14:34:00,Apartman/Mesken,6.0,2025.0,20.0,21304.347826086956
KAYSERİ,KOCASİNAN,SÜMER MAHALLESİ,38.734159,35.468598,110.0,2008.0,,3.0,2900000.0,2025-11-05 12:38:00,Apartman/Mesken,6.0,2025.0,17.0,26363.636363636364
KAYSERİ,MELİKGAZİ,ANBAR MAHALLESİ,38.75331,35.37407,100.0,2019.0,,2.0,2350000.0,2025-11-05 21:04:00,Apartman/Mesken,11.0,2025.0,6.0,23500.0
KAYSERİ,KOCASİNAN,SÜMER MAHALLESİ,38.74511,35.4516,132.0,2015.0,,3.0,3350000.0,2025-11-06 12:15:00,Apartman/Mesken,12.0,2025.0,10.0,25378.78787878788
KAYSERİ,KOCASİNAN,BEYAZŞEHİR MAHALLESİ,38.7845,35.5942,114.0,2020.0,,2.0,2750000.0,2025-11-06 11:09:00,Apartman/Mesken,11.0,2025.0,5.0,24122.80701754386
KAYSERİ,KOCASİNAN,ERKİLET OSMANGAZİ MAHALLESİ,38.7885,35.4574,123.0,2016.0,,2.0,2750000.0,2025-11-06 16:47:00,Apartman/Mesken,3.0,2025.0,9.0,22357.72357723577
KAYSERİ,KOCASİNAN,SÜMER MAHALLESİ,38.742255,35.45227,120.0,2023.0,,2.0,3550000.0,2025-11-07 15:15:00,Apartman/Mesken,3.0,2025.0,2.0,29583.333333333332
KAYSERİ,TALAS,TALAS MAHALLESİ,38.700225,35.57252,117.0,2020.0,,3.0,3000000.0,2025-11-07 15:46:00,Apartman/Mesken,7.0,2025.0,5.0,25641.02564102564
KAYSERİ,MELİKGAZİ,ANBAR MAHALLESİ,38.7373,35.3834,115.0,2002.0,,3.0,2500000.0,2025-11-10 13:20:00,Apartman/Mesken,4.0,2025.0,23.0,21739.130434782608
KAYSERİ,TALAS,TALAS MAHALLESİ,38.7042,35.5725,86.0,2025.0,,2.0,2750000.0,2025-11-11 11:57:00,Apartman/Mesken,5.0,2025.0,0.0,31976.74418604651
KAYSERİ,KOCASİNAN,KAVAKYAZISI MAHALLESİ,38.730025,35.506775,100.0,1986.0,,4.0,1600000.0,2025-11-11 14:52:00,Apartman/Mesken,2.0,2025.0,39.0,16000.0
KAYSERİ,MELİKGAZİ,OSMANLI MAHALLESİ,38.686456,35.473083,118.0,2006.0,,3.0,1600000.0,2025-11-11 16:48:00,Apartman/Mesken,0.0,2025.0,19.0,13559.322033898305
KAYSERİ,TALAS,TALAS MAHALLESİ,38.70137,35.56896,116.0,2014.0,,3.0,2700000.0,2025-11-11 17:41:00,Apartman/Mesken,10.0,2025.0,11.0,23275.862068965518
KAYSERİ,TALAS,TALAS MAHALLESİ,38.7014,35.573395,121.0,2024.0,,2.0,3650000.0,2025-11-11 17:56:00,Apartman/Mesken,8.0,2025.0,1.0,30165.289256198346
KAYSERİ,MELİKGAZİ,YEŞİLYURT MAHALLESİ,38.794173,35.594211,84.0,2022.0,,2.0,2400000.0,2025-11-12 12:15:00,Apartman/Mesken,7.0,2025.0,3.0,28571.428571428572
KAYSERİ,KOCASİNAN,BEYAZŞEHİR MAHALLESİ,38.7878,35.5866,94.0,2025.0,,2.0,2600000.0,2025-11-13 11:46:00,Apartman/Mesken,1.0,2025.0,0.0,27659.574468085106
KAYSERİ,KOCASİNAN,BEYAZŞEHİR MAHALLESİ,38.7832,35.5852,125.0,2002.0,,3.0,2500000.0,2025-11-12 16:03:00,Apartman/Mesken,8.0,2025.0,23.0,20000.0
KAYSERİ,KOCASİNAN,SÜMER MAHALLESİ,38.7441,35.4813,104.0,1995.0,,3.0,1450000.0,2025-11-12 17:28:00,Apartman/Mesken,0.0,2025.0,30.0,13942.307692307691
KAYSERİ,TALAS,TALAS MAHALLESİ,38.71719,35.56056,95.0,2025.0,,2.0,3850000.0,2025-11-13 15:02:00,Apartman/Mesken,12.0,2025.0,0.0,40526.31578947369
KAYSERİ,KOCASİNAN,ERKİLET OSMANGAZİ MAHALLESİ,38.80124,35.45407,97.0,1986.0,,4.0,1950000.0,2025-11-13 17:51:00,Apartman/Mesken,1.0,2025.0,39.0,20103.092783505155
KAYSERİ,TALAS,TALAS MAHALLESİ,38.7049,35.5658,110.0,2000.0,,3.0,2250000.0,2025-11-17 10:07:00,Apartman/Mesken,10.0,2025.0,25.0,20454.545454545456
KAYSERİ,MELİKGAZİ,BATTALGAZİ MAHALLESİ,38.7085,35.4759,93.0,2025.0,,2.0,2900000.0,2025-11-17 15:37:00,Apartman/Mesken,2.0,2025.0,0.0,31182.795698924732
KAYSERİ,MELİKGAZİ,30 AĞUSTOS MAHALLESİ,38.7488,35.385,115.0,2025.0,,2.0,3300000.0,2025-11-17 10:49:00,Apartman/Mesken,10.0,2025.0,0.0,28695.652173913044
KAYSERİ,MELİKGAZİ,GÜLTEPE MAHALLESİ,38.7213,35.5167,136.0,2011.0,,3.0,4000000.0,2025-11-17 16:22:00,Apartman/Mesken,11.0,2025.0,14.0,29411.764705882353
KAYSERİ,KOCASİNAN,SEYRANİ MAHALLESİ,38.74927,35.4772,154.0,2025.0,,2.0,4650000.0,2025-11-18 17:26:00,Apartman/Mesken,9.0,2025.0,0.0,30194.805194805194
KAYSERİ,MELİKGAZİ,KANLIYURT MAHALLESİ,38.732167,35.432404,122.0,1996.0,,3.0,2500000.0,2025-11-19 11:16:00,Apartman/Mesken,2.0,2025.0,29.0,20491.803278688523
KAYSERİ,MELİKGAZİ,KIRANARDI Mah. MAHALLESİ,38.628727,35.537654,131.0,2018.0,,3.0,4500000.0,2025-11-21 11:03:00,Apartman/Mesken,,2025.0,7.0,34351.14503816794
KAYSERİ,MELİKGAZİ,FATİH MAHALLESİ,38.736225,35.58958,137.0,2024.0,,2.0,3400000.0,2025-11-19 12:26:00,Apartman/Mesken,3.0,2025.0,1.0,24817.518248175184
KAYSERİ,KOCASİNAN,YENİDOĞAN MAHALLESİ,38.747601,35.437001,96.0,2025.0,,2.0,2850000.0,2025-11-20 15:10:00,Apartman/Mesken,11.0,2025.0,0.0,29687.5
KAYSERİ,KOCASİNAN,ERTUĞRUL GAZİ MAHALLESİ,38.7851,35.4474,145.0,2024.0,,2.0,4100000.0,2025-11-20 17:21:00,Apartman/Mesken,5.0,2025.0,1.0,28275.862068965518
KAYSERİ,KOCASİNAN,KAVAKYAZISI MAHALLESİ,38.731188,35.51985,95.0,1978.0,,3.0,1700000.0,2025-11-21 12:09:00,Apartman/Mesken,0.0,2025.0,47.0,17894.736842105263
KAYSERİ,MELİKGAZİ,KEYKUBAT MAHALLESİ,38.748795,35.39305,105.0,1995.0,,3.0,1800000.0,2025-11-21 16:37:00,Apartman/Mesken,5.0,2025.0,30.0,17142.85714285714
KAYSERİ,MELİKGAZİ,BATTALGAZİ MAHALLESİ,38.70606,35.49166,134.0,2012.0,,3.0,3300000.0,2025-11-24 09:30:00,Apartman/Mesken,12.0,2025.0,13.0,24626.86567164179
KAYSERİ,MELİKGAZİ,ANBAR MAHALLESİ,38.7473,35.3841,103.0,2009.0,,3.0,2000000.0,2025-11-22 21:34:00,Apartman/Mesken,10.0,2025.0,16.0,19417.47572815534
KAYSERİ,MELİKGAZİ,ANBAR MAHALLESİ,38.7339,35.3841,130.0,2025.0,,2.0,3750000.0,2025-11-24 12:56:00,Apartman/Mesken,14.0,2025.0,0.0,28846.153846153848
KAYSERİ,MELİKGAZİ,KILIÇASLAN MAHALLESİ,38.724805,35.500465,108.0,1980.0,,4.0,1850000.0,2025-11-25 10:01:00,Apartman/Mesken,2.0,2025.0,45.0,17129.62962962963
KAYSERİ,KOCASİNAN,ERTUĞRUL GAZİ MAHALLESİ,38.791439,35.451496,155.0,2021.0,,2.0,4500000.0,2025-11-24 14:25:00,Apartman/Mesken,1.0,2025.0,4.0,29032.25806451613
KAYSERİ,MELİKGAZİ,GESİ MAHALLESİ,38.787,35.6098,110.0,,,3.0,2400000.0,2025-11-24 15:33:00,Apartman/Mesken,10.0,2025.0,,21818.18181818182
KAYSERİ,MELİKGAZİ,GÖKKENT MAHALLESİ,38.7509,35.5424,116.0,,,,2450000.0,2025-11-24 17:39:00,Apartman/Mesken,7.0,2025.0,,21120.689655172413
KAYSERİ,MELİKGAZİ,KÖŞKDAĞI MAHALLESİ,38.719545,35.507844,196.0,2007.0,,2.0,4500000.0,2025-11-25 11:15:00,Apartman/Mesken,8.0,2025.0,18.0,22959.183673469386
KAYSERİ,TALAS,TALAS MAHALLESİ,38.70519,35.572635,130.0,2024.0,,2.0,3650000.0,2025-11-25 15:25:00,Apartman/Mesken,4.0,2025.0,1.0,28076.923076923078
KAYSERİ,MELİKGAZİ,AYDINLIKEVLER MAHALLESİ,38.71796,35.470699,113.0,2024.0,,2.0,3400000.0,2025-11-26 11:02:00,Apartman/Mesken,9.0,2025.0,1.0,30088.495575221237
KAYSERİ,MELİKGAZİ,ŞİRİNTEPE MAHALLESİ,38.7447,35.5788,115.0,2026.0,,2.0,2500000.0,2025-11-26 15:14:00,Apartman/Mesken,1.0,2025.0,,21739.130434782608
KAYSERİ,TALAS,TALAS MAHALLESİ,38.7135,35.5601,95.0,2024.0,,2.0,3100000.0,2025-11-27 15:35:00,Apartman/Mesken,12.0,2025.0,1.0,32631.57894736842
KAYSERİ,TALAS,TALAS MAHALLESİ,38.7016,35.5716,81.0,2019.0,,2.0,2750000.0,2025-11-28 15:28:00,Apartman/Mesken,9.0,2025.0,6.0,33950.61728395062
KAYSERİ,MELİKGAZİ,GÜRLE Mah. MAHALLESİ,38.657165,35.51983,321.0,2019.0,,2.0,24000000.0,2025-12-02 11:32:00,Apartman/Mesken,,2025.0,6.0,74766.35514018692
KAYSERİ,KOCASİNAN,ŞEKER MAHALLESİ,38.7709,35.4159,85.0,2025.0,,2.0,2750000.0,2025-11-27 16:26:00,Apartman/Mesken,4.0,2025.0,0.0,32352.941176470587
KAYSERİ,KOCASİNAN,ŞEKER MAHALLESİ,38.773399,35.414825,71.0,2025.0,,2.0,2450000.0,2025-11-28 10:55:00,Apartman/Mesken,3.0,2025.0,0.0,34507.042253521126
KAYSERİ,KOCASİNAN,ŞEKER MAHALLESİ,38.7729,35.4158,69.0,2025.0,,2.0,2400000.0,2025-11-28 14:50:00,Apartman/Mesken,1.0,2025.0,0.0,34782.608695652176
KAYSERİ,KOCASİNAN,SÜMER MAHALLESİ,38.7345,35.4503,131.0,2017.0,,3.0,3100000.0,2025-11-28 13:47:00,Apartman/Mesken,5.0,2025.0,8.0,23664.12213740458
KAYSERİ,KOCASİNAN,KÖTÜGÖLLER MAHALLESİ,38.7555,35.4867,107.0,2025.0,,2.0,3500000.0,2025-12-01 14:07:00,Apartman/Mesken,7.0,2025.0,0.0,32710.280373831774
KAYSERİ,TALAS,TALAS MAHALLESİ,38.699275,35.568995,113.0,2023.0,,2.0,3500000.0,2025-11-28 11:36:00,Apartman/Mesken,4.0,2025.0,2.0,30973.451327433628
KAYSERİ,MELİKGAZİ,BİLLUR MAHALLESİ,38.6807,35.5161,239.0,2012.0,,3.0,11500000.0,2025-12-03 03:02:00,Apartman/Mesken,1.0,2025.0,13.0,48117.15481171548
KAYSERİ,İNCESU,SÜKSÜN/ZAFER MAHALLESİ,38.786185,35.226415,75.0,2016.0,,3.0,1400000.0,2025-12-01 14:28:00,Apartman/Mesken,0.0,2025.0,9.0,18666.666666666668
KAYSERİ,KOCASİNAN,ZİYA GÖKALP MAHALLESİ,38.7474,35.4457,115.0,2024.0,,2.0,3400000.0,2025-11-30 23:56:00,Apartman/Mesken,8.0,2025.0,1.0,29565.217391304348
KAYSERİ,KOCASİNAN,PERVANE MAHALLESİ,38.746915,35.509395,109.0,1990.0,,4.0,1800000.0,2025-12-03 12:55:00,Apartman/Mesken,0.0,2025.0,35.0,16513.761467889908
KAYSERİ,HACILAR,YUKARI Mah. MAHALLESİ,38.6295,35.4557,361.0,2012.0,,3.0,20250000.0,2025-12-04 14:19:00,Apartman/Mesken,,2025.0,13.0,56094.182825484764
KAYSERİ,MELİKGAZİ,YILDIRIM BEYAZIT MAHALLESİ,38.7286,35.5398,170.0,2016.0,,2.0,6000000.0,2025-12-04 11:11:00,Apartman/Mesken,11.0,2025.0,9.0,35294.117647058825
KAYSERİ,KOCASİNAN,PERVANE MAHALLESİ,38.7294,35.4915,72.0,1987.0,,4.0,650000.0,2025-12-04 10:19:00,Apartman/Mesken,-1.0,2025.0,38.0,9027.777777777777
KAYSERİ,MELİKGAZİ,AKKAYA MAHALLESİ,38.7023,35.4374,95.0,2009.0,,3.0,2200000.0,2025-12-04 13:28:00,Apartman/Mesken,2.0,2025.0,16.0,23157.894736842107
KAYSERİ,MELİKGAZİ,OSMANLI MAHALLESİ,38.6947,35.4782,107.0,2010.0,,3.0,2040000.0,2025-12-06 12:11:00,Apartman/Mesken,5.0,2025.0,15.0,19065.420560747665
KAYSERİ,MELİKGAZİ,SELÇUKLU Mah. MAHALLESİ,38.697,35.4691,341.0,2011.0,,3.0,5000000.0,2025-12-05 14:05:00,Apartman/Mesken,,2025.0,14.0,14662.756598240469
KAYSERİ,KOCASİNAN,ERKİLET OSMANGAZİ MAHALLESİ,38.7934,35.4554,120.0,2025.0,,2.0,3100000.0,2025-12-10 13:55:00,Apartman/Mesken,5.0,2025.0,0.0,25833.333333333332
KAYSERİ,MELİKGAZİ,BAHÇELİEVLER MAHALLESİ,38.7631,35.5939,130.0,2022.0,,2.0,3100000.0,2025-12-05 11:10:00,Apartman/Mesken,3.0,2025.0,3.0,23846.153846153848
KAYSERİ,TALAS,HARMAN MAHALLESİ,38.6835,35.5521,91.0,2022.0,,2.0,3000000.0,2025-12-08 09:58:00,Apartman/Mesken,1.0,2025.0,3.0,32967.03296703297
KAYSERİ,MELİKGAZİ,KAZIM KARABEKİR MAHALLESİ,38.7236,35.4501,128.0,2022.0,,2.0,3600000.0,2025-12-05 12:01:00,Apartman/Mesken,8.0,2025.0,3.0,28125.0
KAYSERİ,MELİKGAZİ,KANLIYURT MAHALLESİ,38.7308,35.4321,124.0,2019.0,,3.0,3700000.0,2025-12-05 14:28:00,Apartman/Mesken,1.0,2025.0,6.0,29838.709677419356
KAYSERİ,MELİKGAZİ,KEYKUBAT MAHALLESİ,38.7438,35.3956,107.0,1995.0,,3.0,1700000.0,2025-12-08 10:25:00,Apartman/Mesken,2.0,2025.0,30.0,15887.85046728972
KAYSERİ,KOCASİNAN,ERTUĞRUL GAZİ MAHALLESİ,38.785305,35.451125,133.0,2020.0,,2.0,3700000.0,2025-12-08 10:48:00,Apartman/Mesken,8.0,2025.0,5.0,27819.54887218045
KAYSERİ,MELİKGAZİ,HÜRRİYET MAHALLESİ,38.7173,35.4663,124.0,2020.0,,2.0,3900000.0,2025-12-08 11:17:00,Apartman/Mesken,2.0,2025.0,5.0,31451.612903225807
KAYSERİ,MELİKGAZİ,MİMARSİNAN MAHALLESİ,38.766645,35.60698,55.0,2012.0,,2.0,1550000.0,2025-12-08 14:35:00,Apartman/Mesken,3.0,2025.0,13.0,28181.81818181818
KAYSERİ,MELİKGAZİ,GÜLTEPE MAHALLESİ,38.718793,35.506885,155.0,2013.0,,2.0,5000000.0,2025-12-09 10:52:00,Apartman/Mesken,8.0,2025.0,12.0,32258.064516129034
KAYSERİ,KOCASİNAN,ERKİLET CAMİKEBİR MAHALLESİ,38.7797,35.4459,70.0,2025.0,,2.0,2250000.0,2025-12-10 10:28:00,Apartman/Mesken,3.0,2025.0,0.0,32142.85714285714
KAYSERİ,MELİKGAZİ,ALTINOLUK MAHALLESİ,38.69232,35.43803,286.0,2025.0,,2.0,14050000.0,2025-12-10 11:14:00,Villa,1.0,2025.0,0.0,49125.87412587413
KAYSERİ,KOCASİNAN,ŞEKER MAHALLESİ,38.7725,35.4084,95.0,2024.0,,2.0,3000000.0,2025-12-11 10:40:00,Apartman/Mesken,9.0,2025.0,1.0,31578.947368421053
KAYSERİ,MELİKGAZİ,BATTALGAZİ MAHALLESİ,38.69946,35.478325,95.0,2025.0,,3.0,2450000.0,2025-12-11 11:45:00,Apartman/Mesken,6.0,2025.0,0.0,25789.473684210527
KAYSERİ,MELİKGAZİ,MELİKGAZİ  MAHALLESİ,38.7313,35.5265,131.0,2025.0,,2.0,9600000.0,2025-12-12 16:25:00,Apartman/Mesken,6.0,2025.0,0.0,73282.4427480916
KAYSERİ,KOCASİNAN,SÜMER MAHALLESİ,38.74218,35.45951,114.0,2018.0,,3.0,2800000.0,2025-12-12 09:44:00,Apartman/Mesken,7.0,2025.0,7.0,24561.40350877193
KAYSERİ,KOCASİNAN,PERVANE MAHALLESİ,38.7386,35.4893,102.0,1981.0,,3.0,2000000.0,2025-12-11 12:55:00,Apartman/Mesken,2.0,2025.0,44.0,19607.843137254902
KAYSERİ,TALAS,TALAS MAHALLESİ,38.710877,35.561983,135.0,2016.0,,3.0,3500000.0,2025-12-15 08:45:00,Apartman/Mesken,9.0,2025.0,9.0,25925.925925925927
KAYSERİ,TALAS,TALAS MAHALLESİ,38.7044,35.5553,145.0,2010.0,,2.0,3500000.0,2025-12-14 23:14:00,Apartman/Mesken,6.0,2025.0,15.0,24137.931034482757
KAYSERİ,MELİKGAZİ,ANBAR MAHALLESİ,38.7364,35.3807,115.0,2002.0,,3.0,2250000.0,2025-12-15 09:50:00,Apartman/Mesken,13.0,2025.0,23.0,19565.217391304348
KAYSERİ,KOCASİNAN,ERTUĞRUL GAZİ MAHALLESİ,38.7869,35.4531,124.0,2020.0,,2.0,3250000.0,2025-12-15 17:10:00,Apartman/Mesken,5.0,2025.0,5.0,26209.677419354837
KAYSERİ,KOCASİNAN,ERKİLET OSMANGAZİ MAHALLESİ,38.7873,35.4566,125.0,2016.0,,3.0,3000000.0,2025-12-16 12:05:00,Apartman/Mesken,4.0,2025.0,9.0,24000.0
KAYSERİ,KOCASİNAN,KAVAKYAZISI 2.MINTIKA MAHALLESİ,38.7317,35.5188,144.0,2012.0,,3.0,4150000.0,2025-12-16 14:28:00,Apartman/Mesken,6.0,2025.0,13.0,28819.444444444445
KAYSERİ,KOCASİNAN,SÜMER MAHALLESİ,38.732585,35.47055,120.0,2003.0,,3.0,2500000.0,2025-12-16 17:50:00,Apartman/Mesken,13.0,2025.0,22.0,20833.333333333332
KAYSERİ,KOCASİNAN,MİTHATPAŞA MAHALLESİ,38.7566,35.4602,126.0,2025.0,,2.0,3000000.0,2025-12-16 23:14:00,Apartman/Mesken,0.0,2025.0,0.0,23809.52380952381
KAYSERİ,KOCASİNAN,PERVANE MAHALLESİ,38.7423,35.491,186.0,2000.0,,3.0,3750000.0,2025-12-19 09:44:00,Apartman/Mesken,2.0,2025.0,25.0,20161.290322580644
KAYSERİ,KOCASİNAN,ERKİLET OSMANGAZİ MAHALLESİ,38.78613,35.45856,135.0,2023.0,,2.0,3650000.0,2025-12-18 15:15:00,Apartman/Mesken,3.0,2025.0,2.0,27037.037037037036
KAYSERİ,KOCASİNAN,ERKİLET CAMİKEBİR MAHALLESİ,38.7824,35.4526,128.0,2008.0,,3.0,2200000.0,2025-12-19 12:05:00,Apartman/Mesken,0.0,2025.0,17.0,17187.5
KAYSERİ,MELİKGAZİ,MİMARSİNAN MAHALLESİ,38.76222,35.61637,75.0,2014.0,,3.0,1800000.0,2025-12-22 10:00:00,Apartman/Mesken,4.0,2025.0,11.0,24000.0
KAYSERİ,MELİKGAZİ,BAHÇELİEVLER MAHALLESİ,38.77236,35.584495,123.0,2019.0,,2.0,3450000.0,2025-12-19 09:24:00,Apartman/Mesken,4.0,2025.0,6.0,28048.780487804877
KAYSERİ,MELİKGAZİ,1.ESKİŞEHİR MAHALLESİ,38.7142,35.4761,130.0,2007.0,,3.0,2900000.0,2025-12-19 10:25:00,Apartman/Mesken,12.0,2025.0,18.0,22307.69230769231
KAYSERİ,MELİKGAZİ,KEYKUBAT MAHALLESİ,38.739355,35.39049,100.0,1995.0,,3.0,1950000.0,2025-12-22 10:00:00,Apartman/Mesken,3.0,2025.0,30.0,19500.0
KAYSERİ,TALAS,TABLAKAYA Mah. MAHALLESİ,38.6984,35.5714,289.0,2019.0,,2.0,16750000.0,2025-12-22 13:20:00,Apartman/Mesken,,2025.0,6.0,57958.47750865052
KAYSERİ,TALAS,TALAS MAHALLESİ,38.7024,35.5605,120.0,2004.0,,3.0,2600000.0,2025-12-23 13:12:00,Apartman/Mesken,4.0,2025.0,21.0,21666.666666666668
KAYSERİ,MELİKGAZİ,GESİ MAHALLESİ,38.785903,35.609035,127.0,2010.0,,3.0,3100000.0,2025-12-23 23:00:00,Apartman/Mesken,3.0,2025.0,15.0,24409.44881889764
KAYSERİ,TALAS,TALAS MAHALLESİ,38.7064,35.5688,72.0,2025.0,,2.0,2400000.0,2025-12-24 16:24:00,Apartman/Mesken,1.0,2025.0,0.0,33333.333333333336
KAYSERİ,TALAS,TALAS MAHALLESİ,38.7104,35.5613,136.0,2013.0,,3.0,3500000.0,2025-12-26 10:11:00,Apartman/Mesken,9.0,2025.0,12.0,25735.29411764706
KAYSERİ,KOCASİNAN,KAVAKYAZISI MAHALLESİ,38.73102,35.504379,110.0,1976.0,,3.0,1750000.0,2025-12-25 16:51:00,Apartman/Mesken,1.0,2025.0,49.0,15909.09090909091
KAYSERİ,KOCASİNAN,UĞUREVLER MAHALLESİ,38.73904,35.527,141.0,2013.0,,3.0,3760000.0,2025-12-26 10:31:00,Apartman/Mesken,6.0,2025.0,12.0,26666.666666666668
KAYSERİ,TALAS,TALAS MAHALLESİ,38.699653,35.567861,80.0,2014.0,,3.0,2250000.0,2025-12-25 14:46:00,Apartman/Mesken,13.0,2025.0,11.0,28125.0
KAYSERİ,ÖZVATAN,CUMHURİYET Mah. MAHALLESİ,39.11674,35.691255,290.0,2013.0,,3.0,3275000.0,2025-12-29 09:40:00,Apartman/Mesken,,2025.0,12.0,11293.103448275862
KAYSERİ,KOCASİNAN,ŞEKER MAHALLESİ,38.77309,35.411617,144.0,2024.0,,2.0,4650000.0,2025-12-26 11:20:00,Apartman/Mesken,5.0,2025.0,1.0,32291.666666666668
KAYSERİ,KOCASİNAN,BEYAZŞEHİR MAHALLESİ,38.7879,35.5861,100.0,2025.0,,2.0,2900000.0,2025-12-29 10:15:00,Apartman/Mesken,6.0,2025.0,0.0,29000.0
KAYSERİ,KOCASİNAN,ERKİLET CAMİKEBİR MAHALLESİ,38.779695,35.44395,106.0,2025.0,,2.0,2850000.0,2025-12-28 00:39:00,Apartman/Mesken,6.0,2025.0,0.0,26886.79245283019
KAYSERİ,MELİKGAZİ,GÜLTEPE MAHALLESİ,38.7156,35.5024,182.0,2019.0,,2.0,9750000.0,2025-12-29 10:31:00,Apartman/Mesken,8.0,2025.0,6.0,53571.42857142857
KAYSERİ,MELİKGAZİ,BECEN MAHALLESİ,38.6681,35.4832,200.0,2025.0,,2.0,12250000.0,2025-12-31 22:15:00,Apartman/Mesken,-1.0,2025.0,0.0,61250.0
KAYSERİ,KOCASİNAN,BEYAZŞEHİR MAHALLESİ,38.784495,35.581665,123.0,2013.0,,3.0,2800000.0,2025-12-31 15:15:00,Apartman/Mesken,11.0,2025.0,12.0,22764.227642276423
KAYSERİ,MELİKGAZİ,BATTALGAZİ MAHALLESİ,38.7092,35.4739,131.0,2025.0,,2.0,4100000.0,2025-12-31 13:10:00,Apartman/Mesken,3.0,2025.0,0.0,31297.709923664122
KAYSERİ,MELİKGAZİ,AŞAĞI MERKEP MEYDANI MAHALLESİ,38.66,35.4909,277.0,2021.0,,3.0,11440000.0,2025-12-31 14:08:00,Apartman/Mesken,1.0,2025.0,4.0,41299.638989169674
KAYSERİ,MELİKGAZİ,YENİ MAHALLE MAHALLESİ,38.720695,35.532335,135.0,2013.0,,3.0,4085000.0,2025-12-31 12:10:00,Apartman/Mesken,7.0,2025.0,12.0,30259.25925925926
KAYSERİ,TALAS,HARMAN MAHALLESİ,38.6883,35.5434,84.0,2023.0,,2.0,5000000.0,2026-01-02 17:04:00,Apartman/Mesken,13.0,2026.0,3.0,59523.80952380953
KAYSERİ,MELİKGAZİ,BATTALGAZİ MAHALLESİ,38.69946,35.478325,95.0,2024.0,,2.0,2450000.0,2025-12-31 15:50:00,Apartman/Mesken,6.0,2025.0,1.0,25789.473684210527
KAYSERİ,MELİKGAZİ,GÖKKENT MAHALLESİ,38.7487,35.5649,125.0,2021.0,,2.0,3600000.0,2026-01-02 10:50:00,Apartman/Mesken,12.0,2026.0,5.0,28800.0
KAYSERİ,MELİKGAZİ,EĞRİBUCAK MAHALLESİ,38.6831,35.4438,199.0,2026.0,,2.0,11500000.0,2026-01-07 14:12:00,Apartman/Mesken,1.0,2026.0,0.0,57788.94472361809
KAYSERİ,MELİKGAZİ,KAZIM KARABEKİR M MAHALLESİ,38.711,35.4362,96.0,2012.0,,4.0,8600000.0,2026-01-08 14:11:00,Apartman/Mesken,,2026.0,14.0,89583.33333333333
KAYSERİ,KOCASİNAN,ERTUĞRUL GAZİ MAHALLESİ,38.78668,35.447965,134.0,2024.0,,2.0,3850000.0,2026-01-07 09:06:00,Apartman/Mesken,6.0,2026.0,2.0,28731.34328358209
KAYSERİ,KOCASİNAN,ERKİLET CAMİKEBİR MAHALLESİ,38.779715,35.44342,106.0,2026.0,,2.0,3100000.0,2026-01-07 13:36:00,Apartman/Mesken,1.0,2026.0,0.0,29245.283018867925
KAYSERİ,KOCASİNAN,BEYAZŞEHİR MAHALLESİ,38.780985,35.581665,114.0,2002.0,,3.0,2700000.0,2026-01-08 10:40:00,Apartman/Mesken,1.0,2026.0,24.0,23684.21052631579
KAYSERİ,MELİKGAZİ,KEYKUBAT MAHALLESİ,38.74117,35.41581,100.0,1995.0,,3.0,1600000.0,2026-01-08 16:58:00,Apartman/Mesken,0.0,2026.0,31.0,16000.0
KAYSERİ,MELİKGAZİ,DEMOKRASİ MAHALLESİ,38.767655,35.598445,109.0,2008.0,,3.0,2400000.0,2026-01-08 10:32:00,Apartman/Mesken,5.0,2026.0,18.0,22018.34862385321
KAYSERİ,MELİKGAZİ,YUKARI MERKEP MEYDANI MAHALLESİ,38.6572,35.4808,231.0,2026.0,,2.0,17500000.0,2026-01-10 17:40:00,Apartman/Mesken,1.0,2026.0,0.0,75757.57575757576
KAYSERİ,KOCASİNAN,SÜMER MAHALLESİ,38.7441,35.4588,117.0,2022.0,,2.0,3500000.0,2026-01-09 16:30:00,Apartman/Mesken,6.0,2026.0,4.0,29914.529914529914
KAYSERİ,KOCASİNAN,ERTUĞRUL GAZİ MAHALLESİ,38.78817,35.44924,107.0,2018.0,,3.0,2850000.0,2026-01-09 11:52:00,Apartman/Mesken,1.0,2026.0,8.0,26635.51401869159
KAYSERİ,MELİKGAZİ,KAZIM KARABEKİR MAHALLESİ,38.7262,35.4445,84.0,2020.0,,2.0,3100000.0,2026-01-10 16:50:00,Apartman/Mesken,11.0,2026.0,6.0,36904.76190476191
KAYSERİ,MELİKGAZİ,BATTALGAZİ MAHALLESİ,38.7117,35.4781,133.0,2023.0,,2.0,4000000.0,2026-01-10 16:50:00,Apartman/Mesken,3.0,2026.0,3.0,30075.187969924813
KAYSERİ,KOCASİNAN,KAVAKYAZISI MAHALLESİ,38.7321,35.5132,100.0,1992.0,,3.0,1950000.0,2026-01-11 22:00:00,Apartman/Mesken,3.0,2026.0,34.0,19500.0
KAYSERİ,MELİKGAZİ,YILDIRIM BEYAZIT MAHALLESİ,38.7253,35.5441,123.0,2026.0,,2.0,4000000.0,2026-01-13 15:29:00,Apartman/Mesken,2.0,2026.0,0.0,32520.325203252032
KAYSERİ,YEŞİLHİSAR,HACIBEKTAŞ Mah. MAHALLESİ,38.357001,35.0904,309.0,1999.0,,3.0,6750000.0,2026-01-12 09:58:00,Apartman/Mesken,,2026.0,27.0,21844.660194174758
KAYSERİ,YEŞİLHİSAR,HACIBEKTAŞ Mah. MAHALLESİ,38.3573,35.0884,337.0,1991.0,,3.0,7500000.0,2026-01-14 11:44:00,Apartman/Mesken,,2026.0,35.0,22255.19287833828
KAYSERİ,MELİKGAZİ,ŞİRİNTEPE MAHALLESİ,38.750345,35.58016,78.0,2024.0,,2.0,2150000.0,2026-01-12 13:10:00,Apartman/Mesken,0.0,2026.0,2.0,27564.102564102563
KAYSERİ,KOCASİNAN,KÖTÜGÖLLER MAHALLESİ,38.774311,35.460509,127.0,2024.0,,2.0,3750000.0,2026-01-12 11:30:00,Apartman/Mesken,7.0,2026.0,2.0,29527.55905511811
KAYSERİ,KOCASİNAN,ERKİLET OSMANGAZİ MAHALLESİ,38.79534,35.461657,131.0,2023.0,,2.0,3600000.0,2026-01-12 12:05:00,Apartman/Mesken,7.0,2026.0,3.0,27480.91603053435
KAYSERİ,MELİKGAZİ,DEMOKRASİ MAHALLESİ,38.770425,35.60488,75.0,2009.0,,3.0,1730000.0,2026-01-11 21:25:00,Apartman/Mesken,0.0,2026.0,17.0,23066.666666666668
KAYSERİ,KOCASİNAN,ZİYA GÖKALP MAHALLESİ,38.7471,35.4406,97.0,1995.0,,3.0,1750000.0,2026-01-14 17:12:00,Apartman/Mesken,1.0,2026.0,31.0,18041.23711340206
KAYSERİ,MELİKGAZİ,EĞRİBUCAK  MAHALLESİ,38.6962,35.4485,160.0,2020.0,,2.0,8300000.0,2026-01-14 11:07:00,Apartman/Mesken,,2026.0,6.0,51875.0
KAYSERİ,PINARBAŞI,HÜRRİYET MAHALLESİ,38.720685,36.373825,120.0,2006.0,,3.0,2250000.0,2026-01-15 10:00:00,Apartman/Mesken,1.0,2026.0,20.0,18750.0
KAYSERİ,DEVELİ,YENİMAHALLE MAHALLESİ,38.3975,35.4871,115.0,2017.0,,3.0,3100000.0,2026-01-15 09:20:00,Apartman/Mesken,4.0,2026.0,9.0,26956.521739130436
KAYSERİ,HACILAR,BEĞENDİK Mah. MAHALLESİ,38.6614,35.4106,450.0,2005.0,,3.0,13000000.0,2026-01-16 11:53:00,Apartman/Mesken,,2026.0,21.0,28888.88888888889
KAYSERİ,TALAS,HARMAN MAHALLESİ,38.6863,35.5467,145.0,2006.0,,3.0,3500000.0,2026-01-19 14:45:00,Apartman/Mesken,9.0,2026.0,20.0,24137.931034482757
KAYSERİ,TALAS,HARMAN MAHALLESİ,38.6843,35.5442,147.0,2001.0,,3.0,4000000.0,2026-01-19 14:57:00,Apartman/Mesken,10.0,2026.0,25.0,27210.884353741498
KAYSERİ,TALAS,YUKARI TALAS MAHALLESİ,38.66822,35.5689,183.0,2022.0,,2.0,9850000.0,2026-01-21 12:25:00,Apartman/Mesken,1.0,2026.0,4.0,53825.13661202186
KAYSERİ,KOCASİNAN,MİTHATPAŞA MAHALLESİ,38.762445,35.456475,138.0,2022.0,,2.0,9000000.0,2026-01-21 11:35:00,Apartman/Mesken,3.0,2026.0,4.0,65217.391304347824
KAYSERİ,KOCASİNAN,KAVAKYAZISI MAHALLESİ,38.73381,35.504665,95.0,1977.0,,4.0,1750000.0,2026-01-21 09:20:00,Apartman/Mesken,1.0,2026.0,49.0,18421.052631578947
KAYSERİ,KOCASİNAN,ERKİLET OSMANGAZİ MAHALLESİ,38.7892,35.4544,125.0,2016.0,,2.0,3250000.0,2026-01-21 21:25:00,Apartman/Mesken,7.0,2026.0,10.0,26000.0
KAYSERİ,MELİKGAZİ,BATTALGAZİ MAHALLESİ,38.703228,35.488811,115.0,2001.0,,2.0,2100000.0,2026-01-22 12:18:00,Apartman/Mesken,0.0,2026.0,25.0,18260.869565217392
KAYSERİ,KOCASİNAN,ERKİLET ZADE MAHALLESİ,38.8167,35.4562,177.0,2026.0,,2.0,8500000.0,2026-01-23 11:37:00,Villa,-1.0,2026.0,0.0,48022.5988700565
KAYSERİ,KOCASİNAN,ERKİLET CAMİKEBİR MAHALLESİ,38.7798,35.4429,106.0,2023.0,,2.0,2950000.0,2026-01-23 10:10:00,Apartman/Mesken,3.0,2026.0,3.0,27830.188679245282
KAYSERİ,TALAS,TALAS MAHALLESİ,38.703765,35.568275,110.0,2018.0,,3.0,3250000.0,2026-01-23 10:55:00,Apartman/Mesken,1.0,2026.0,8.0,29545.454545454544
KAYSERİ,MELİKGAZİ,GESİ MAHALLESİ,38.7847,35.6128,100.0,2003.0,,3.0,2500000.0,2026-01-26 09:50:00,Apartman/Mesken,6.0,2026.0,23.0,25000.0
KAYSERİ,MELİKGAZİ,ALPASLAN MAHALLESİ,38.7249,35.5164,200.0,2003.0,,2.0,5500000.0,2026-01-26 13:35:00,Apartman/Mesken,9.0,2026.0,23.0,27500.0
KAYSERİ,MELİKGAZİ,BAHÇELİEVLER MAHALLESİ,38.76,35.58983,85.0,2026.0,,2.0,2600000.0,2026-01-23 17:55:00,Apartman/Mesken,2.0,2026.0,0.0,30588.235294117647
KAYSERİ,KOCASİNAN,KÖTÜGÖLLER MAHALLESİ,38.7571,35.4835,132.0,2006.0,,2.0,3000000.0,2026-01-25 21:46:00,Apartman/Mesken,10.0,2026.0,20.0,22727.272727272728
KAYSERİ,MELİKGAZİ,KÖŞKDAĞI MAHALLESİ,38.7176,35.5049,132.0,2026.0,,2.0,6000000.0,2026-01-27 11:56:00,Apartman/Mesken,13.0,2026.0,0.0,45454.545454545456
KAYSERİ,KOCASİNAN,ŞEKER MAHALLESİ,38.7665,35.4179,72.0,2024.0,,2.0,2600000.0,2026-01-27 17:30:00,Apartman/Mesken,3.0,2026.0,2.0,36111.11111111111
KAYSERİ,YEŞİLHİSAR,KÖŞK MAHALLESİ,38.3557,35.0903,127.0,2022.0,,2.0,3400000.0,2026-01-28 13:15:00,Apartman/Mesken,0.0,2026.0,4.0,26771.653543307086
KAYSERİ,KOCASİNAN,AHİEVRAN MAHALLESİ,38.76083,35.571355,108.0,2007.0,,3.0,2350000.0,2026-01-27 15:05:00,Apartman/Mesken,3.0,2026.0,19.0,21759.25925925926
KAYSERİ,MELİKGAZİ,DEMİRCİYAZISI MAHALLESİ,38.7171,35.4566,93.0,1982.0,,3.0,1900000.0,2026-01-29 17:00:00,Apartman/Mesken,2.0,2026.0,44.0,20430.107526881722
KAYSERİ,TALAS,TALAS MAHALLESİ,38.702,35.5727,83.0,2024.0,,2.0,3400000.0,2026-01-30 09:44:00,Apartman/Mesken,1.0,2026.0,2.0,40963.85542168675
KAYSERİ,MELİKGAZİ,YEŞİLYURT MAHALLESİ,38.7917,35.6116,133.0,2018.0,,2.0,3300000.0,2026-02-02 14:30:00,Apartman/Mesken,1.0,2026.0,8.0,24812.03007518797
KAYSERİ,KOCASİNAN,BEYAZŞEHİR MAHALLESİ,38.78843,35.58502,94.0,2021.0,,2.0,2900000.0,2026-01-30 16:10:00,Apartman/Mesken,3.0,2026.0,5.0,30851.063829787236
KAYSERİ,MELİKGAZİ,ŞİRİNTEPE MAHALLESİ,38.750345,35.58016,78.0,2024.0,,2.0,2200000.0,2026-01-30 17:00:00,Apartman/Mesken,1.0,2026.0,2.0,28205.128205128207
KAYSERİ,KOCASİNAN,PERVANE MAHALLESİ,38.7605,35.4964,116.0,2019.0,,2.0,3250000.0,2026-02-04 10:22:00,Apartman/Mesken,2.0,2026.0,7.0,28017.241379310344
KAYSERİ,KOCASİNAN,PERVANE MAHALLESİ,38.755875,35.50551,130.0,2024.0,,2.0,3725000.0,2026-02-03 16:50:00,Apartman/Mesken,14.0,2026.0,2.0,28653.846153846152
KAYSERİ,MELİKGAZİ,EĞRİBUCAK MAHALLESİ,38.6961,35.4518,315.0,2021.0,,2.0,17100000.0,2026-02-05 12:30:00,Apartman/Mesken,0.0,2026.0,5.0,54285.71428571428
KAYSERİ,MELİKGAZİ,YILDIRIM BEYAZIT MAHALLESİ,38.723977,35.534505,124.0,2024.0,,1.0,6000000.0,2026-02-05 13:04:00,Apartman/Mesken,2.0,2026.0,2.0,48387.096774193546
KAYSERİ,KOCASİNAN,PERVANE MAHALLESİ,38.7414,35.5039,157.0,2025.0,,2.0,5000000.0,2026-02-04 11:00:00,Apartman/Mesken,14.0,2026.0,1.0,31847.133757961783
KAYSERİ,DEVELİ,YENİMAHALLE MAHALLESİ,38.3959,35.4729,100.0,2021.0,,3.0,2600000.0,2026-02-05 09:45:00,Apartman/Mesken,1.0,2026.0,5.0,26000.0
KAYSERİ,KOCASİNAN,ERKİLET CAMİKEBİR MAHALLESİ,38.7797,35.447,73.0,2026.0,,2.0,2250000.0,2026-02-05 17:05:00,Apartman/Mesken,5.0,2026.0,0.0,30821.91780821918
KAYSERİ,MELİKGAZİ,AYDINLIKEVLER MAHALLESİ,38.71768,35.469935,122.0,2008.0,,3.0,3300000.0,2026-02-06 12:09:00,Apartman/Mesken,3.0,2026.0,18.0,27049.180327868853
KAYSERİ,MELİKGAZİ,BAHÇELİEVLER MAHALLESİ,38.7719,35.5828,128.0,2021.0,,2.0,3600000.0,2026-02-09 11:35:00,Apartman/Mesken,1.0,2026.0,5.0,28125.0
KAYSERİ,KOCASİNAN,ALSANCAK MAHALLESİ,38.7516,35.5156,123.0,2018.0,,3.0,3200000.0,2026-02-06 16:30:00,Apartman/Mesken,12.0,2026.0,8.0,26016.260162601626
KAYSERİ,MELİKGAZİ,KEYKUBAT MAHALLESİ,38.74774,35.39246,131.0,2000.0,,3.0,2425000.0,2026-02-09 16:30:00,Apartman/Mesken,2.0,2026.0,26.0,18511.450381679388
KAYSERİ,MELİKGAZİ,DEMOKRASİ MAHALLESİ,38.75855,35.593991,129.0,2025.0,,2.0,3200000.0,2026-02-09 14:55:00,Apartman/Mesken,1.0,2026.0,1.0,24806.201550387595
KAYSERİ,MELİKGAZİ,GESİ MAHALLESİ,38.7823,35.6079,135.0,2016.0,,2.0,3300000.0,2026-02-09 17:00:00,Apartman/Mesken,5.0,2026.0,10.0,24444.444444444445
KAYSERİ,MELİKGAZİ,KEYKUBAT MAHALLESİ,38.7412,35.3882,80.0,1995.0,,3.0,1700000.0,2026-02-09 17:40:00,Apartman/Mesken,0.0,2026.0,31.0,21250.0
KAYSERİ,KOCASİNAN,BEYAZŞEHİR MAHALLESİ,38.7825,35.5926,130.0,2019.0,,3.0,4000000.0,2026-02-11 09:45:00,Apartman/Mesken,10.0,2026.0,7.0,30769.23076923077
KAYSERİ,MELİKGAZİ,ESENTEPE MAHALLESİ,38.73141,35.429195,130.0,2022.0,,2.0,3600000.0,2026-02-10 12:40:00,Apartman/Mesken,4.0,2026.0,4.0,27692.30769230769
KAYSERİ,MELİKGAZİ,HÜRRİYET MAHALLESİ,38.71368,35.463745,125.0,1973.0,,3.0,2475000.0,2026-02-10 13:10:00,Apartman/Mesken,0.0,2026.0,53.0,19800.0
KAYSERİ,MELİKGAZİ,FATİH MAHALLESİ,38.7264,35.5903,60.0,2021.0,,2.0,1700000.0,2026-02-10 14:05:00,Apartman/Mesken,0.0,2026.0,5.0,28333.333333333332
KAYSERİ,KOCASİNAN,KARPUZATAN DÜZ MAHALLESİ,38.75047,35.458175,137.0,2024.0,,2.0,4250000.0,2026-02-10 11:30:00,Apartman/Mesken,13.0,2026.0,2.0,31021.89781021898
KAYSERİ,MELİKGAZİ,BATTALGAZİ MAHALLESİ,38.7099,35.4771,102.0,1992.0,,4.0,1700000.0,2026-02-11 10:24:00,Apartman/Mesken,0.0,2026.0,34.0,16666.666666666668
KAYSERİ,KOCASİNAN,ERKİLET OSMANGAZİ MAHALLESİ,38.787809,35.45737,128.0,2015.0,,3.0,3300000.0,2026-02-10 16:50:00,Apartman/Mesken,8.0,2026.0,11.0,25781.25
KAYSERİ,KOCASİNAN,SÜMER MAHALLESİ,38.7472,35.4668,85.0,1999.0,,3.0,1575000.0,2026-02-11 15:33:00,Apartman/Mesken,0.0,2026.0,27.0,18529.41176470588
KAYSERİ,TALAS,TALAS MAHALLESİ,38.70179,35.563605,110.0,2000.0,,3.0,2500000.0,2026-02-13 12:08:00,Apartman/Mesken,3.0,2026.0,26.0,22727.272727272728
KAYSERİ,DEVELİ,YENİMAHALLE MAHALLESİ,38.3906,35.4908,110.0,2012.0,,2.0,2850000.0,2026-02-12 16:06:00,Apartman/Mesken,1.0,2026.0,14.0,25909.090909090908
KAYSERİ,KOCASİNAN,ERKİLET ZADE MAHALLESİ,38.8158,35.4552,174.0,2024.0,,2.0,9000000.0,2026-02-13 11:10:00,Villa,1.0,2026.0,2.0,51724.137931034486
KAYSERİ,DEVELİ,YENİMAHALLE MAHALLESİ,38.3967,35.4798,113.0,2017.0,,2.0,2500000.0,2026-02-13 11:30:00,Apartman/Mesken,1.0,2026.0,9.0,22123.893805309734
KAYSERİ,KOCASİNAN,ERKİLET OSMANGAZİ MAHALLESİ,38.7916,35.4619,118.0,2022.0,,2.0,2900000.0,2026-02-13 12:25:00,Apartman/Mesken,4.0,2026.0,4.0,24576.271186440677
KAYSERİ,MELİKGAZİ,KÖŞKDAĞI MAHALLESİ,38.717,35.5046,154.0,2022.0,,2.0,8500000.0,2026-02-23 00:21:00,Apartman/Mesken,4.0,2026.0,4.0,55194.805194805194
KAYSERİ,MELİKGAZİ,OSMANLI MAHALLESİ,38.694365,35.477655,105.0,2010.0,,3.0,2650000.0,2026-02-13 10:20:00,Apartman/Mesken,3.0,2026.0,16.0,25238.095238095237
KAYSERİ,MELİKGAZİ,DEMİRCİYAZISI MAHALLESİ,38.7162,35.4541,126.0,2004.0,,3.0,2900000.0,2026-02-16 14:19:00,Apartman/Mesken,2.0,2026.0,22.0,23015.873015873014
KAYSERİ,HACILAR,KARPUZSEKİSİ Köyü MAHALLESİ,38.6796,35.3616,310.0,2013.0,,2.0,8710000.0,2026-02-16 14:45:00,Apartman/Mesken,,2026.0,13.0,28096.774193548386
KAYSERİ,KOCASİNAN,ERTUĞRUL GAZİ MAHALLESİ,38.7909,35.4487,130.0,2026.0,,2.0,3000000.0,2026-02-17 09:59:00,Apartman/Mesken,6.0,2026.0,0.0,23076.923076923078
KAYSERİ,KOCASİNAN,KAVAKYAZISI MAHALLESİ,38.73038,35.51657,103.0,1979.0,,4.0,2700000.0,2026-02-17 10:35:00,Apartman/Mesken,1.0,2026.0,47.0,26213.59223300971
KAYSERİ,FELAHİYE,CUMHURİYET Mah. MAHALLESİ,39.090135,35.56389,199.0,2022.0,,3.0,5700000.0,2026-02-18 09:50:00,Apartman/Mesken,,2026.0,4.0,28643.21608040201
KAYSERİ,MELİKGAZİ,ÇAY MAHALLESİ,38.6937,35.5306,180.0,2026.0,,2.0,25400000.0,2026-02-18 11:52:00,Villa,1.0,2026.0,0.0,141111.11111111112
KAYSERİ,MELİKGAZİ,DEMOKRASİ MAHALLESİ,38.77095,35.596845,120.0,2019.0,,3.0,3150000.0,2026-02-18 15:30:00,Apartman/Mesken,9.0,2026.0,7.0,26250.0
KAYSERİ,KOCASİNAN,SEYRANİ MAHALLESİ,38.7493,35.4799,157.0,2024.0,,2.0,5750000.0,2026-02-19 10:35:00,Apartman/Mesken,2.0,2026.0,2.0,36624.203821656054
KAYSERİ,KOCASİNAN,ERTUĞRUL GAZİ MAHALLESİ,38.7869,35.451915,135.0,2013.0,,3.0,3400000.0,2026-02-18 10:30:00,Apartman/Mesken,9.0,2026.0,13.0,25185.185185185186
KAYSERİ,KOCASİNAN,UĞUREVLER MAHALLESİ,38.7408,35.5311,159.0,2026.0,,2.0,5500000.0,2026-02-19 12:10:00,Apartman/Mesken,7.0,2026.0,0.0,34591.19496855346
KAYSERİ,KOCASİNAN,BEYAZŞEHİR MAHALLESİ,38.7846,35.5884,115.0,2005.0,,3.0,2400000.0,2026-02-19 14:39:00,Apartman/Mesken,0.0,2026.0,21.0,20869.565217391304
KAYSERİ,MELİKGAZİ,MİMARSİNAN MAHALLESİ,38.76427,35.61488,75.0,2014.0,,3.0,1750000.0,2026-02-18 17:10:00,Apartman/Mesken,0.0,2026.0,12.0,23333.333333333332
KAYSERİ,KOCASİNAN,KAVAKYAZISI MAHALLESİ,38.7341,35.51091,97.0,1979.0,,4.0,1950000.0,2026-02-19 16:20:00,Apartman/Mesken,3.0,2026.0,47.0,20103.092783505155
KAYSERİ,MELİKGAZİ,ALTINOLUK MAHALLESİ,38.6888,35.4276,290.0,2025.0,,2.0,19000000.0,2026-02-23 12:45:00,Apartman/Mesken,1.0,2026.0,1.0,65517.24137931035
KAYSERİ,KOCASİNAN,KAVAKYAZISI MAHALLESİ,38.735,35.5013,106.0,1977.0,,3.0,2200000.0,2026-02-20 13:55:00,Apartman/Mesken,0.0,2026.0,49.0,20754.716981132075
KAYSERİ,ÖZVATAN,CUMHURİYET MAHALLESİ,39.116365,35.695495,108.0,1998.0,,3.0,1900000.0,2026-02-23 16:35:00,Apartman/Mesken,3.0,2026.0,28.0,17592.59259259259
KAYSERİ,KOCASİNAN,KÖTÜGÖLLER MAHALLESİ,38.7693,35.4626,127.0,2024.0,,2.0,4200000.0,2026-02-23 16:44:00,Apartman/Mesken,2.0,2026.0,2.0,33070.86614173228
KAYSERİ,MELİKGAZİ,SAKARYA MAHALLESİ,38.739059,35.403485,115.0,2016.0,,3.0,2800000.0,2026-02-23 11:40:00,Apartman/Mesken,12.0,2026.0,10.0,24347.82608695652
KAYSERİ,MELİKGAZİ,ANBAR MAHALLESİ,38.7368,35.3963,118.0,2021.0,,2.0,4000000.0,2026-02-23 12:46:00,Apartman/Mesken,8.0,2026.0,5.0,33898.30508474576
KAYSERİ,MELİKGAZİ,SELİMİYE MAHALLESİ,38.7465,35.4025,82.0,2026.0,,2.0,13450000.0,2026-02-25 14:00:00,Apartman/Mesken,1.0,2026.0,0.0,164024.39024390245
KAYSERİ,TALAS,HARMAN MAHALLESİ,38.689049,35.54271,140.0,2015.0,,3.0,4250000.0,2026-02-25 09:50:00,Apartman/Mesken,7.0,2026.0,11.0,30357.14285714286
KAYSERİ,YAHYALI,100.YIL MAHALLESİ,38.1108,35.3535,140.0,2022.0,,2.0,3700000.0,2026-02-26 09:45:00,Apartman/Mesken,0.0,2026.0,4.0,26428.571428571428
KAYSERİ,KOCASİNAN,KAVAKYAZISI MAHALLESİ,38.73448,35.50865,123.0,1986.0,,4.0,2150000.0,2026-02-25 09:25:00,Apartman/Mesken,3.0,2026.0,40.0,17479.674796747968
KAYSERİ,TALAS,TALAS MAHALLESİ,38.710155,35.571675,115.0,2021.0,,3.0,3500000.0,2026-02-25 16:35:00,Apartman/Mesken,14.0,2026.0,5.0,30434.782608695652
KAYSERİ,MELİKGAZİ,GESİ MAHALLESİ,38.7889,35.6081,127.0,2014.0,,3.0,2900000.0,2026-03-01 13:55:00,Apartman/Mesken,0.0,2026.0,12.0,22834.645669291338
KAYSERİ,MELİKGAZİ,ŞİRİNTEPE MAHALLESİ,38.7354,35.5782,115.0,2006.0,,3.0,2500000.0,2026-02-26 10:40:00,Apartman/Mesken,4.0,2026.0,20.0,21739.130434782608
KAYSERİ,MELİKGAZİ,BAHÇELİEVLER MAHALLESİ,38.7681,35.5873,122.0,2022.0,,2.0,3100000.0,2026-02-26 13:25:00,Apartman/Mesken,1.0,2026.0,4.0,25409.83606557377
KAYSERİ,MELİKGAZİ,ERENKÖY MAHALLESİ,38.69486,35.53459,213.0,2024.0,,2.0,24750000.0,2026-02-27 16:39:00,Villa,1.0,2026.0,2.0,116197.18309859154
KAYSERİ,MELİKGAZİ,30 AĞUSTOS MAHALLESİ,38.749905,35.39231,156.0,2025.0,,2.0,5000000.0,2026-02-27 09:55:00,Apartman/Mesken,10.0,2026.0,1.0,32051.28205128205
KAYSERİ,KOCASİNAN,MEHMET AKİF MAHALLESİ,38.7485,35.5167,100.0,2022.0,,2.0,3000000.0,2026-02-27 14:19:00,Apartman/Mesken,4.0,2026.0,4.0,30000.0
KAYSERİ,MELİKGAZİ,YILDIRIM BEYAZIT MAHALLESİ,38.7243,35.5443,132.0,2016.0,,3.0,3300000.0,2026-03-02 10:05:00,Apartman/Mesken,2.0,2026.0,10.0,25000.0
KAYSERİ,MELİKGAZİ,KEYKUBAT MAHALLESİ,38.73604,35.41922,90.0,2018.0,,3.0,2700000.0,2026-03-02 16:19:00,Apartman/Mesken,4.0,2026.0,8.0,30000.0
KAYSERİ,MELİKGAZİ,ALTINOLUK MAHALLESİ,38.6888,35.4276,290.0,2025.0,,2.0,19000000.0,2026-03-02 11:45:00,Apartman/Mesken,1.0,2026.0,1.0,65517.24137931035
KAYSERİ,KOCASİNAN,ŞEKER MAHALLESİ,38.7665,35.4179,72.0,2024.0,,2.0,2700000.0,2026-03-03 14:24:00,Apartman/Mesken,2.0,2026.0,2.0,37500.0
KAYSERİ,KOCASİNAN,ALSANCAK MAHALLESİ,38.75283,35.51698,105.0,2024.0,,3.0,3500000.0,2026-03-03 10:05:00,Apartman/Mesken,5.0,2026.0,2.0,33333.333333333336
KAYSERİ,MELİKGAZİ,ALPASLAN MAHALLESİ,38.7249,35.5187,170.0,1999.0,,2.0,5650000.0,2026-03-03 14:50:00,Apartman/Mesken,4.0,2026.0,27.0,33235.294117647056
KAYSERİ,TALAS,TALAS MAHALLESİ,38.7071,35.5707,115.0,2017.0,,2.0,3100000.0,2026-03-05 00:20:00,Apartman/Mesken,2.0,2026.0,9.0,26956.521739130436
KAYSERİ,MELİKGAZİ,YAZIBAĞLARI MAHALLESİ,38.7349,35.4012,106.0,1995.0,,3.0,2600000.0,2026-03-05 01:00:00,Apartman/Mesken,6.0,2026.0,31.0,24528.30188679245
KAYSERİ,HACILAR,YEDİAĞAÇ MAHALLESİ,38.61598,35.440515,60.0,2021.0,,3.0,3100000.0,2026-03-05 15:13:00,Apartman/Mesken,0.0,2026.0,5.0,51666.666666666664
KAYSERİ,KOCASİNAN,KARPUZATAN DÜZ MAHALLESİ,38.75142,35.46135,140.0,2002.0,,3.0,3200000.0,2026-03-04 09:45:00,Apartman/Mesken,4.0,2026.0,24.0,22857.14285714286
KAYSERİ,MELİKGAZİ,MİMARSİNAN MAHALLESİ,38.764415,35.59781,100.0,2025.0,,3.0,3000000.0,2026-03-08 01:18:00,Apartman/Mesken,1.0,2026.0,1.0,30000.0
KAYSERİ,MELİKGAZİ,DEMİRCİYAZISI MAHALLESİ,38.7174,35.4521,90.0,1996.0,,3.0,2100000.0,2026-03-05 10:05:00,Apartman/Mesken,2.0,2026.0,30.0,23333.333333333332
KAYSERİ,MELİKGAZİ,ERENKÖY MAHALLESİ,38.693485,35.51947,248.0,2023.0,,2.0,27120000.0,2026-03-12 12:35:00,Apartman/Mesken,1.0,2026.0,3.0,109354.83870967742
KAYSERİ,TALAS,TALAS MAHALLESİ,38.7078,35.5711,120.0,2021.0,,3.0,3000000.0,2026-03-06 10:05:00,Apartman/Mesken,2.0,2026.0,5.0,25000.0
KAYSERİ,TALAS,TALAS MAHALLESİ,38.7045,35.5619,127.0,2007.0,,3.0,2600000.0,2026-03-08 23:53:00,Apartman/Mesken,9.0,2026.0,19.0,20472.44094488189
KAYSERİ,MELİKGAZİ,ERENKÖY  MAHALLESİ,38.6934,35.5192,243.0,2008.0,,2.0,17770000.0,2026-03-09 16:25:00,Apartman/Mesken,3.0,2026.0,18.0,73127.57201646091
KAYSERİ,KOCASİNAN,SEYRANİ MAHALLESİ,38.7487,35.4765,127.0,2016.0,,2.0,3750000.0,2026-03-09 13:38:00,Apartman/Mesken,1.0,2026.0,10.0,29527.55905511811
KAYSERİ,KOCASİNAN,BEYAZŞEHİR MAHALLESİ,38.78166,35.584835,115.0,2002.0,,3.0,2600000.0,2026-03-10 06:45:00,Apartman/Mesken,5.0,2026.0,24.0,22608.695652173912
KAYSERİ,MELİKGAZİ,DEMOKRASİ MAHALLESİ,38.754215,35.60801,120.0,2008.0,,3.0,2150000.0,2026-03-10 06:20:00,Apartman/Mesken,0.0,2026.0,18.0,17916.666666666668
KAYSERİ,MELİKGAZİ,ŞİRİNTEPE MAHALLESİ,38.74014,35.582045,100.0,2020.0,,3.0,2400000.0,2026-03-10 07:15:00,Apartman/Mesken,1.0,2026.0,6.0,24000.0
KAYSERİ,KOCASİNAN,PERVANE MAHALLESİ,38.7476,35.4956,164.0,2022.0,,2.0,7000000.0,2026-03-10 16:25:00,Apartman/Mesken,10.0,2026.0,4.0,42682.92682926829
KAYSERİ,MELİKGAZİ,KEYKUBAT MAHALLESİ,38.7463,35.3916,129.0,2018.0,,3.0,3400000.0,2026-03-10 08:05:00,Apartman/Mesken,10.0,2026.0,8.0,26356.58914728682
KAYSERİ,DEVELİ,YENİMAHALLE MAHALLESİ,38.3958,35.4861,80.0,2025.0,,3.0,2200000.0,2026-03-11 09:25:00,Apartman/Mesken,0.0,2026.0,1.0,27500.0
KAYSERİ,İNCESU,AKSUBAĞLARI MAHALLESİ,38.6129,35.1649,75.0,2019.0,,3.0,2200000.0,2026-03-12 10:10:00,Apartman/Mesken,1.0,2026.0,7.0,29333.333333333332
KAYSERİ,MELİKGAZİ,KEYKUBAT MAHALLESİ,38.74374,35.398,105.0,1995.0,,4.0,2150000.0,2026-03-13 09:50:00,Apartman/Mesken,1.0,2026.0,31.0,20476.190476190477
KAYSERİ,TALAS,TALAS MAHALLESİ,38.7101,35.5694,114.0,2016.0,,2.0,3200000.0,2026-03-12 14:26:00,Apartman/Mesken,6.0,2026.0,10.0,28070.175438596492
KAYSERİ,MELİKGAZİ,ALPASLAN MAHALLESİ,38.7272,35.5104,168.0,1989.0,,3.0,4000000.0,2026-03-13 12:46:00,Apartman/Mesken,4.0,2026.0,37.0,23809.52380952381
KAYSERİ,KOCASİNAN,BEYAZŞEHİR MAHALLESİ,38.784565,35.59026,140.0,2023.0,,2.0,5000000.0,2026-03-14 14:00:00,Apartman/Mesken,4.0,2026.0,3.0,35714.28571428572
KAYSERİ,HACILAR,AŞAĞI MAHALLESİ,38.6392,35.4519,125.0,2019.0,,2.0,2500000.0,2026-03-16 12:47:00,Apartman/Mesken,5.0,2026.0,7.0,20000.0
KAYSERİ,MELİKGAZİ,ANBAR MAHALLESİ,38.737195,35.386935,105.0,1995.0,,4.0,1700000.0,2026-03-15 17:55:00,Apartman/Mesken,4.0,2026.0,31.0,16190.47619047619
KAYSERİ,TALAS,REŞADİYE MAHALLESİ,38.6614,35.5734,258.0,2026.0,,2.0,17500000.0,2026-03-17 15:59:00,Apartman/Mesken,1.0,2026.0,0.0,67829.45736434108
KAYSERİ,KOCASİNAN,PERVANE MAHALLESİ,38.7436,35.4909,157.0,1998.0,,3.0,3350000.0,2026-03-15 14:35:00,Apartman/Mesken,10.0,2026.0,28.0,21337.579617834395
KAYSERİ,KOCASİNAN,SÜMER MAHALLESİ,38.7366,35.4683,108.0,2001.0,,3.0,2400000.0,2026-03-16 11:38:00,Apartman/Mesken,0.0,2026.0,25.0,22222.222222222223
KAYSERİ,MELİKGAZİ,KEYKUBAT MAHALLESİ,38.7439,35.4001,80.0,1995.0,,3.0,2100000.0,2026-03-16 10:25:00,Apartman/Mesken,4.0,2026.0,31.0,26250.0
KAYSERİ,MELİKGAZİ,KEYKUBAT MAHALLESİ,38.7479,35.3921,102.0,1995.0,,3.0,2200000.0,2026-03-18 13:40:00,Apartman/Mesken,9.0,2026.0,31.0,21568.62745098039
KAYSERİ,KOCASİNAN,SÜMER MAHALLESİ,38.7409,35.4719,155.0,2012.0,,2.0,5450000.0,2026-03-18 16:02:00,Apartman/Mesken,6.0,2026.0,14.0,35161.290322580644
KAYSERİ,KOCASİNAN,SÜMER MAHALLESİ,38.7454,35.4677,113.0,2017.0,,2.0,3000000.0,2026-03-18 15:45:00,Apartman/Mesken,1.0,2026.0,9.0,26548.672566371682
KAYSERİ,HACILAR,ERCİYES Mah. MAHALLESİ,38.6569,35.4675,199.0,2026.0,,2.0,12000000.0,2026-03-24 09:52:00,Apartman/Mesken,,2026.0,0.0,60301.50753768844
KAYSERİ,MELİKGAZİ,YILDIRIM BEYAZIT MAHALLESİ,38.7215,35.5426,184.0,2026.0,,2.0,9750000.0,2026-03-23 15:41:00,Apartman/Mesken,5.0,2026.0,0.0,52989.13043478261
KAYSERİ,TALAS,HARMAN MAHALLESİ,38.6867,35.5428,133.0,2010.0,,3.0,4600000.0,2026-03-23 17:12:00,Apartman/Mesken,7.0,2026.0,16.0,34586.466165413534
KAYSERİ,MELİKGAZİ,BATTALGAZİ MAHALLESİ,38.7085,35.4724,85.0,2025.0,,3.0,2900000.0,2026-03-24 09:30:00,Apartman/Mesken,9.0,2026.0,1.0,34117.64705882353
KAYSERİ,TALAS,TALAS MAHALLESİ,38.7092,35.5723,113.0,2010.0,,3.0,2600000.0,2026-03-24 12:58:00,Apartman/Mesken,11.0,2026.0,16.0,23008.849557522124
KAYSERİ,MELİKGAZİ,BAHÇELİEVLER MAHALLESİ,38.7653,35.5921,118.0,2025.0,,2.0,3800000.0,2026-03-25 14:00:00,Apartman/Mesken,3.0,2026.0,1.0,32203.389830508473
KAYSERİ,KOCASİNAN,KAVAKYAZISI MAHALLESİ,38.7296,35.5091,78.0,1977.0,,4.0,1000000.0,2026-03-25 10:50:00,Apartman/Mesken,-1.0,2026.0,49.0,12820.51282051282
KAYSERİ,MELİKGAZİ,BAHÇELİEVLER MAHALLESİ,38.7638,35.5889,120.0,2022.0,,2.0,3800000.0,2026-03-26 09:05:00,Apartman/Mesken,10.0,2026.0,4.0,31666.666666666668
KAYSERİ,KOCASİNAN,PERVANE MAHALLESİ,38.7385,35.5039,144.0,2025.0,,1.0,6000000.0,2026-03-26 10:56:00,Apartman/Mesken,10.0,2026.0,1.0,41666.666666666664
KAYSERİ,KOCASİNAN,SÜMER MAHALLESİ,38.7416,35.4636,114.0,2011.0,,3.0,2600000.0,2026-03-29 23:30:00,Apartman/Mesken,0.0,2026.0,15.0,22807.01754385965
KAYSERİ,MELİKGAZİ,ŞİRİNTEPE MAHALLESİ,38.7317,35.5807,105.0,2005.0,,3.0,1900000.0,2026-03-27 10:40:00,Apartman/Mesken,8.0,2026.0,21.0,18095.238095238095
KAYSERİ,MELİKGAZİ,GESİ MAHALLESİ,38.7901,35.6159,115.0,2010.0,,3.0,2700000.0,2026-03-30 10:10:00,Apartman/Mesken,7.0,2026.0,16.0,23478.260869565216
KAYSERİ,TALAS,TALAS MAHALLESİ,38.710805,35.56719,136.0,2026.0,,3.0,3230000.0,2026-03-27 15:55:00,Apartman/Mesken,3.0,2026.0,0.0,23750.0
KAYSERİ,MELİKGAZİ,DEMİRCİYAZISI MAHALLESİ,38.7157,35.4584,85.0,1986.0,,3.0,1750000.0,2026-03-30 11:15:00,Apartman/Mesken,0.0,2026.0,40.0,20588.235294117647
KAYSERİ,TALAS,TALAS MAHALLESİ,38.7071,35.5661,116.0,2002.0,,3.0,2400000.0,2026-03-27 11:30:00,Apartman/Mesken,0.0,2026.0,24.0,20689.655172413793
KAYSERİ,TALAS,HARMAN MAHALLESİ,38.6852,35.5469,162.0,2015.0,,3.0,4300000.0,2026-03-30 11:45:00,Apartman/Mesken,4.0,2026.0,11.0,26543.20987654321
KAYSERİ,MELİKGAZİ,DEMOKRASİ MAHALLESİ,38.7709,35.5955,115.0,2018.0,,2.0,3400000.0,2026-03-30 13:25:00,Apartman/Mesken,11.0,2026.0,8.0,29565.217391304348
KAYSERİ,KOCASİNAN,SÜMER MAHALLESİ,38.7359,35.4502,129.0,2021.0,,2.0,3800000.0,2026-03-31 16:47:00,Apartman/Mesken,11.0,2026.0,5.0,29457.36434108527
KAYSERİ,KOCASİNAN,ŞEKER MAHALLESİ,38.76741,35.417125,100.0,2021.0,,2.0,2800000.0,2026-03-31 12:10:00,Apartman/Mesken,9.0,2026.0,5.0,28000.0
KAYSERİ,KOCASİNAN,ERKİLET GENERALEMİR MAHALLESİ,38.803259,35.4541,118.0,2020.0,,3.0,3125000.0,2026-03-31 17:07:00,Apartman/Mesken,0.0,2026.0,6.0,26483.050847457627
KAYSERİ,MELİKGAZİ,SAKARYA MAHALLESİ,38.731505,35.40904,113.0,2025.0,,2.0,3145000.0,2026-03-31 17:45:00,Apartman/Mesken,6.0,2026.0,1.0,27831.858407079646
KAYSERİ,KOCASİNAN,ERTUĞRUL GAZİ MAHALLESİ,38.7866,35.4499,140.0,2016.0,,3.0,3600000.0,2026-04-01 09:15:00,Apartman/Mesken,9.0,2026.0,10.0,25714.285714285714
KAYSERİ,KOCASİNAN,ŞEKER MAHALLESİ,38.77232,35.40871,70.0,2023.0,,3.0,2400000.0,2026-04-01 09:40:00,Apartman/Mesken,3.0,2026.0,3.0,34285.71428571428
KAYSERİ,KOCASİNAN,ERTUĞRUL GAZİ MAHALLESİ,38.7867,35.4507,126.0,2021.0,,3.0,3450000.0,2026-04-01 11:30:00,Apartman/Mesken,9.0,2026.0,5.0,27380.95238095238
KAYSERİ,TALAS,TALAS MAHALLESİ,38.6999,35.5694,74.0,2025.0,,2.0,3200000.0,2026-04-03 15:03:00,Apartman/Mesken,14.0,2026.0,1.0,43243.24324324324
KAYSERİ,KOCASİNAN,BEYAZŞEHİR MAHALLESİ,38.785935,35.589645,115.0,2008.0,,3.0,2550000.0,2026-04-01 18:15:00,Apartman/Mesken,0.0,2026.0,18.0,22173.91304347826
KAYSERİ,MELİKGAZİ,ANBAR MAHALLESİ,38.737615,35.386995,105.0,1995.0,,3.0,2000000.0,2026-04-03 11:30:00,Apartman/Mesken,4.0,2026.0,31.0,19047.619047619046
KAYSERİ,KOCASİNAN,MİTHATPAŞA MAHALLESİ,38.7515,35.4636,131.0,2023.0,,2.0,4000000.0,2026-04-06 09:30:00,Apartman/Mesken,8.0,2026.0,3.0,30534.351145038167
KAYSERİ,MELİKGAZİ,KEYKUBAT MAHALLESİ,38.74332,35.39763,105.0,1995.0,,3.0,2250000.0,2026-04-03 14:45:00,Apartman/Mesken,6.0,2026.0,31.0,21428.571428571428
KAYSERİ,KOCASİNAN,ERKİLET GENERALEMİR MAHALLESİ,38.8071,35.4539,86.0,1991.0,,3.0,2000000.0,2026-04-03 16:25:00,Apartman/Mesken,2.0,2026.0,35.0,23255.81395348837
KAYSERİ,KOCASİNAN,ERKİLET OSMANGAZİ MAHALLESİ,38.7884,35.4544,130.0,2015.0,,2.0,3600000.0,2026-04-06 11:11:00,Apartman/Mesken,8.0,2026.0,11.0,27692.30769230769
KAYSERİ,MELİKGAZİ,FATİH MAHALLESİ,38.726195,35.590215,105.0,2020.0,,3.0,2300000.0,2026-04-05 20:54:00,Apartman/Mesken,8.0,2026.0,6.0,21904.761904761905
KAYSERİ,MELİKGAZİ,19 MAYIS MAHALLESİ,38.7415,35.3778,121.0,2021.0,,2.0,3800000.0,2026-04-03 12:30:00,Apartman/Mesken,11.0,2026.0,5.0,31404.95867768595
KAYSERİ,KOCASİNAN,ERKİLET OSMANGAZİ MAHALLESİ,38.79096,35.462115,160.0,2023.0,,3.0,4000000.0,2026-04-08 09:40:00,Apartman/Mesken,3.0,2026.0,3.0,25000.0
KAYSERİ,MELİKGAZİ,YILDIRIM BEYAZIT MAHALLESİ,38.7259,35.5384,131.0,2026.0,,2.0,5500000.0,2026-04-07 17:21:00,Apartman/Mesken,10.0,2026.0,0.0,41984.73282442748
KAYSERİ,KOCASİNAN,PERVANE MAHALLESİ,38.7362,35.4845,81.0,1974.0,,4.0,1100000.0,2026-04-08 11:15:00,Apartman/Mesken,1.0,2026.0,52.0,13580.246913580248
KAYSERİ,TALAS,TALAS MAHALLESİ,38.7047,35.5712,142.0,2024.0,,1.0,5200000.0,2026-04-09 10:31:00,Apartman/Mesken,3.0,2026.0,2.0,36619.718309859156
KAYSERİ,TALAS,TALAS MAHALLESİ,38.704905,35.561805,132.0,2009.0,,3.0,2850000.0,2026-04-08 14:29:00,Apartman/Mesken,10.0,2026.0,17.0,21590.909090909092
KAYSERİ,MELİKGAZİ,ŞİRİNTEPE MAHALLESİ,38.7422,35.5814,121.0,2019.0,,3.0,3100000.0,2026-04-09 12:00:00,Apartman/Mesken,1.0,2026.0,7.0,25619.834710743802
KAYSERİ,MELİKGAZİ,GESİ MAHALLESİ,38.7883,35.5911,85.0,2018.0,,2.0,2400000.0,2026-04-10 15:48:00,Apartman/Mesken,6.0,2026.0,8.0,28235.29411764706
KAYSERİ,MELİKGAZİ,KÖŞKDAĞI MAHALLESİ,38.717171,35.505055,127.0,2025.0,,3.0,6200000.0,2026-04-13 10:10:00,Apartman/Mesken,2.0,2026.0,1.0,48818.89763779528
KAYSERİ,KOCASİNAN,ERKİLET OSMANGAZİ MAHALLESİ,38.80095,35.454125,116.0,2015.0,,3.0,3200000.0,2026-04-10 15:20:00,Apartman/Mesken,1.0,2026.0,11.0,27586.206896551725
KAYSERİ,MELİKGAZİ,KILIÇASLAN MAHALLESİ,38.7237,35.5058,80.0,1970.0,,4.0,1300000.0,2026-04-10 09:55:00,Apartman/Mesken,2.0,2026.0,56.0,16250.0
KAYSERİ,MELİKGAZİ,GESİ MAHALLESİ,38.7883,35.5911,85.0,2014.0,,3.0,2350000.0,2026-04-10 17:00:00,Apartman/Mesken,11.0,2026.0,12.0,27647.058823529413
KAYSERİ,TALAS,HARMAN MAHALLESİ,38.6924,35.5427,143.0,2000.0,,3.0,3500000.0,2026-04-13 13:37:00,Apartman/Mesken,6.0,2026.0,26.0,24475.524475524475
KAYSERİ,MELİKGAZİ,FATİH MAHALLESİ,38.743785,35.58333,123.0,2026.0,,3.0,3600000.0,2026-04-13 13:10:00,Apartman/Mesken,11.0,2026.0,0.0,29268.29268292683
KAYSERİ,MELİKGAZİ,BECEN MAHALLESİ,38.6748,35.4818,144.0,2026.0,,2.0,12150000.0,2026-04-16 12:24:00,Apartman/Mesken,1.0,2026.0,0.0,84375.0
KAYSERİ,KOCASİNAN,ESENTEPE Mah. MAHALLESİ,38.760015,35.5241,300.0,2000.0,,3.0,4910000.0,2026-04-14 09:25:00,Apartman/Mesken,,2026.0,26.0,16366.666666666666
KAYSERİ,TALAS,TALAS MAHALLESİ,38.7048,35.5722,75.0,2025.0,,3.0,2800000.0,2026-04-15 10:15:00,Apartman/Mesken,3.0,2026.0,1.0,37333.333333333336
KAYSERİ,HACILAR,YUKARI Mah. MAHALLESİ,38.6612,35.4283,180.0,2024.0,,2.0,15750000.0,2026-04-18 23:51:00,Apartman/Mesken,,2026.0,2.0,87500.0
KAYSERİ,MELİKGAZİ,GESİ MAHALLESİ,38.7909,35.6333,200.0,2024.0,,2.0,9100000.0,2026-04-16 15:03:00,Apartman/Mesken,1.0,2026.0,2.0,45500.0
KAYSERİ,TALAS,TALAS MAHALLESİ,38.7184,35.5594,137.0,2025.0,,2.0,5250000.0,2026-04-17 16:45:00,Apartman/Mesken,1.0,2026.0,1.0,38321.16788321168
KAYSERİ,KOCASİNAN,SÜMER MAHALLESİ,38.74526,35.453525,100.0,1989.0,,4.0,1850000.0,2026-04-17 14:55:00,Apartman/Mesken,1.0,2026.0,37.0,18500.0
KAYSERİ,KOCASİNAN,BEYAZŞEHİR MAHALLESİ,38.7813,35.583135,121.0,2000.0,,3.0,2750000.0,2026-04-21 15:45:00,Apartman/Mesken,2.0,2026.0,26.0,22727.272727272728
KAYSERİ,KOCASİNAN,ERKİLET OSMANGAZİ MAHALLESİ,38.79429,35.45886,130.0,2021.0,,2.0,3600000.0,2026-04-21 14:30:00,Apartman/Mesken,2.0,2026.0,5.0,27692.30769230769
KAYSERİ,KOCASİNAN,ERKİLET 100.YIL M MAHALLESİ,38.81509,35.456954,332.0,2010.0,,3.0,6225000.0,2026-04-22 13:50:00,Apartman/Mesken,,2026.0,16.0,18750.0
KAYSERİ,MELİKGAZİ,TONTAR MAHALLESİ,38.707,35.4924,128.0,2015.0,,2.0,3600000.0,2026-04-21 10:45:00,Apartman/Mesken,3.0,2026.0,11.0,28125.0
KAYSERİ,MELİKGAZİ,MELİKGAZİ MAHALLESİ,38.7259,35.5232,248.0,2002.0,,2.0,5400000.0,2026-04-22 10:13:00,Apartman/Mesken,14.0,2026.0,24.0,21774.1935483871
KAYSERİ,KOCASİNAN,ERKİLET OSMANGAZİ MAHALLESİ,38.800025,35.458265,113.0,2024.0,,3.0,3300000.0,2026-04-22 11:45:00,Apartman/Mesken,2.0,2026.0,2.0,29203.53982300885
KAYSERİ,TALAS,KİÇİKÖY MAHALLESİ,38.6869,35.5568,125.0,1998.0,,3.0,2500000.0,2026-04-22 16:39:00,Apartman/Mesken,1.0,2026.0,28.0,20000.0
KAYSERİ,TALAS,TALAS MAHALLESİ,38.7103,35.5671,132.0,2023.0,,3.0,3600000.0,2026-04-22 12:40:00,Apartman/Mesken,12.0,2026.0,3.0,27272.727272727272
KAYSERİ,KOCASİNAN,SÜMER MAHALLESİ,38.7362,35.4616,100.0,2021.0,,2.0,2500000.0,2026-04-24 11:22:00,Apartman/Mesken,3.0,2026.0,5.0,25000.0
KAYSERİ,MELİKGAZİ,ESENYURT MAHALLESİ,38.691355,35.488195,118.0,2011.0,,3.0,2500000.0,2026-04-27 14:45:00,Apartman/Mesken,1.0,2026.0,15.0,21186.4406779661
KAYSERİ,KOCASİNAN,SÜMER MAHALLESİ,38.741485,35.46983,159.0,2010.0,,3.0,5100000.0,2026-04-27 17:16:00,Apartman/Mesken,3.0,2026.0,16.0,32075.471698113208
KAYSERİ,MELİKGAZİ,GESİ MAHALLESİ,38.78466,35.60576,118.0,2011.0,,3.0,3700000.0,2026-05-06 13:15:00,Apartman/Mesken,8.0,2026.0,15.0,31355.93220338983
KAYSERİ,MELİKGAZİ,KEYKUBAT MAHALLESİ,38.7405,35.4021,80.0,2002.0,,3.0,1700000.0,2026-04-27 13:38:00,Apartman/Mesken,7.0,2026.0,24.0,21250.0
KAYSERİ,TALAS,TALAS MAHALLESİ,38.70638,35.56885,76.0,2025.0,,2.0,2700000.0,2026-04-29 13:45:00,Apartman/Mesken,11.0,2026.0,1.0,35526.31578947369
KAYSERİ,MELİKGAZİ,KAZIM KARABEKİR MAHALLESİ,38.7202,35.4509,110.0,2022.0,,2.0,3500000.0,2026-04-30 10:07:00,Apartman/Mesken,1.0,2026.0,4.0,31818.18181818182
KAYSERİ,MELİKGAZİ,ÇAY MAHALLESİ,38.6919,35.5199,516.0,2008.0,,2.0,24775000.0,2026-05-04 16:20:00,Apartman/Mesken,1.0,2026.0,18.0,48013.56589147287
KAYSERİ,MELİKGAZİ,DEMİRCİYAZISI MAHALLESİ,38.6938,35.4377,100.0,1998.0,,3.0,2800000.0,2026-05-04 13:45:00,Apartman/Mesken,4.0,2026.0,28.0,28000.0
KAYSERİ,MELİKGAZİ,KEYKUBAT MAHALLESİ,38.74584,35.396595,127.0,2004.0,,3.0,3150000.0,2026-04-30 09:25:00,Apartman/Mesken,2.0,2026.0,22.0,24803.149606299212
KAYSERİ,KOCASİNAN,ZİYA GÖKALP MAHALLESİ,38.7406,35.4351,100.0,1993.0,,3.0,2200000.0,2026-04-29 17:45:00,Apartman/Mesken,3.0,2026.0,33.0,22000.0
KAYSERİ,TALAS,HARMAN MAHALLESİ,38.68935,35.55153,97.0,2025.0,,2.0,4000000.0,2026-04-30 16:30:00,Apartman/Mesken,8.0,2026.0,1.0,41237.113402061856
KAYSERİ,KOCASİNAN,ERKİLET OSMANGAZİ MAHALLESİ,38.792065,35.461295,154.0,2021.0,,3.0,4000000.0,2026-04-30 10:10:00,Apartman/Mesken,2.0,2026.0,5.0,25974.025974025975
KAYSERİ,KOCASİNAN,ERKİLET MAHALLESİ,38.7899,35.4548,135.0,2025.0,,2.0,3500000.0,2026-04-30 14:40:00,Apartman/Mesken,8.0,2026.0,1.0,25925.925925925927
KAYSERİ,MELİKGAZİ,BECEN MAHALLESİ,38.6683,35.4849,201.0,2024.0,,2.0,16775000.0,2026-05-05 10:40:00,Apartman/Mesken,1.0,2026.0,2.0,83457.71144278607
KAYSERİ,TALAS,HARMAN MAHALLESİ,38.6832,35.5533,81.0,2026.0,,2.0,3700000.0,2026-05-06 22:08:00,Apartman/Mesken,8.0,2026.0,0.0,45679.01234567901
KAYSERİ,KOCASİNAN,PERVANE MAHALLESİ,38.7407,35.4872,77.0,1987.0,,3.0,1600000.0,2026-05-04 09:35:00,Apartman/Mesken,2.0,2026.0,39.0,20779.22077922078
KAYSERİ,MELİKGAZİ,DEMOKRASİ MAHALLESİ,38.75726,35.601775,87.0,2007.0,,3.0,2200000.0,2026-05-04 17:05:00,Apartman/Mesken,4.0,2026.0,19.0,25287.35632183908
KAYSERİ,KOCASİNAN,PERVANE MAHALLESİ,38.753905,35.50696,139.0,2021.0,,2.0,6000000.0,2026-05-05 09:30:00,Apartman/Mesken,8.0,2026.0,5.0,43165.467625899284
KAYSERİ,KOCASİNAN,ŞEKER MAHALLESİ,38.7735,35.4148,71.0,2025.0,,2.0,2600000.0,2026-05-06 13:41:00,Apartman/Mesken,4.0,2026.0,1.0,36619.718309859156
KAYSERİ,MELİKGAZİ,ANBAR MAHALLESİ,38.737055,35.387345,105.0,1995.0,,3.0,2100000.0,2026-05-06 12:35:00,Apartman/Mesken,3.0,2026.0,31.0,20000.0
KAYSERİ,KOCASİNAN,PERVANE MAHALLESİ,38.7431,35.5046,157.0,2020.0,,2.0,5800000.0,2026-05-07 11:25:00,Apartman/Mesken,14.0,2026.0,6.0,36942.67515923567
KAYSERİ,KOCASİNAN,CENGİZTOPEL MAHALLESİ,38.7434,35.5226,115.0,1995.0,,3.0,2400000.0,2026-05-07 12:20:00,Apartman/Mesken,1.0,2026.0,31.0,20869.565217391304
KAYSERİ,KOCASİNAN,KAVAKYAZISI MAHALLESİ,38.73909,35.516445,133.0,1990.0,,3.0,3275000.0,2026-05-08 09:55:00,Apartman/Mesken,4.0,2026.0,36.0,24624.06015037594
KAYSERİ,SARIZ,BAHÇELİ MAHALLESİ,38.477595,36.49515,110.0,2018.0,,3.0,2750000.0,2026-05-08 16:05:00,Apartman/Mesken,1.0,2026.0,8.0,25000.0
KAYSERİ,MELİKGAZİ,MİMARSİNAN MAHALLESİ,38.761775,35.59475,123.0,2020.0,,2.0,3595000.0,2026-05-11 11:20:00,Apartman/Mesken,10.0,2026.0,6.0,29227.642276422765
KAYSERİ,MELİKGAZİ,SAKARYA MAHALLESİ,38.7374,35.4065,125.0,2014.0,,2.0,3500000.0,2026-05-11 11:03:00,Apartman/Mesken,6.0,2026.0,12.0,28000.0
KAYSERİ,ÖZVATAN,KÜPELİ/KALE Mah. MAHALLESİ,39.09592,35.771455,240.0,1990.0,,4.0,1320000.0,2026-05-13 13:00:00,Apartman/Mesken,,2026.0,36.0,5500.0
KAYSERİ,MELİKGAZİ,DEMİRCİYAZISI MAHALLESİ,38.6869,35.4456,305.0,2022.0,,2.0,14100000.0,2026-05-11 15:10:00,Apartman/Mesken,1.0,2026.0,4.0,46229.50819672131
KAYSERİ,YAHYALI,YENİCE MAHALLESİ,38.0916,35.3569,110.0,2018.0,,3.0,2500000.0,2026-05-11 17:45:00,Apartman/Mesken,0.0,2026.0,8.0,22727.272727272728
KAYSERİ,KOCASİNAN,YENİDOĞAN MAHALLESİ,38.7517,35.4381,124.0,2021.0,,3.0,3500000.0,2026-05-11 10:10:00,Apartman/Mesken,5.0,2026.0,5.0,28225.8064516129
KAYSERİ,MELİKGAZİ,DEMOKRASİ MAHALLESİ,38.7686,35.6046,120.0,2009.0,,3.0,2900000.0,2026-05-12 12:50:00,Apartman/Mesken,5.0,2026.0,17.0,24166.666666666668
KAYSERİ,MELİKGAZİ,ŞİRİNTEPE MAHALLESİ,38.742075,35.578895,127.0,2022.0,,3.0,3300000.0,2026-05-11 16:10:00,Apartman/Mesken,7.0,2026.0,4.0,25984.251968503937
KAYSERİ,MELİKGAZİ,KÜÇÜKALİ MAHALLESİ,38.7118,35.4747,116.0,2019.0,,3.0,4150000.0,2026-05-13 09:45:00,Apartman/Mesken,1.0,2026.0,7.0,35775.862068965514
KAYSERİ,MELİKGAZİ,MİMARSİNAN MAHALLESİ,38.7653,35.6137,75.0,2014.0,,3.0,1850000.0,2026-05-12 17:20:00,Apartman/Mesken,0.0,2026.0,12.0,24666.666666666668
KAYSERİ,MELİKGAZİ,HUNAT MAHALLESİ,38.722695,35.49717,176.0,2008.0,,2.0,13000000.0,2026-05-14 16:42:00,Apartman/Mesken,14.0,2026.0,18.0,73863.63636363637
KAYSERİ,KOCASİNAN,HACI KILINÇ MAHALLESİ,38.728325,35.487295,105.0,1981.0,,4.0,1550000.0,2026-05-18 17:00:00,Apartman/Mesken,0.0,2026.0,45.0,14761.904761904761
KAYSERİ,MELİKGAZİ,FATİH MAHALLESİ,38.757348,35.589593,122.0,2023.0,,3.0,3500000.0,2026-05-15 14:05:00,Apartman/Mesken,3.0,2026.0,3.0,28688.524590163935
KAYSERİ,TALAS,TALAS MAHALLESİ,38.7036,35.5698,112.0,2016.0,,2.0,3500000.0,2026-05-18 10:09:00,Apartman/Mesken,14.0,2026.0,10.0,31250.0
KAYSERİ,MELİKGAZİ,GESİ MAHALLESİ,38.7889,35.5987,136.0,2018.0,,3.0,3900000.0,2026-05-18 14:00:00,Apartman/Mesken,6.0,2026.0,8.0,28676.470588235294
KAYSERİ,DEVELİ,YENİMAHALLE MAHALLESİ,38.397857,35.470953,127.0,2013.0,,3.0,2900000.0,2026-05-20 12:25:00,Apartman/Mesken,3.0,2026.0,13.0,22834.645669291338
KAYSERİ,KOCASİNAN,ZEKAİBEY MAHALLESİ,38.7255,35.4945,160.0,1991.0,,3.0,3000000.0,2026-05-20 13:39:00,Apartman/Mesken,3.0,2026.0,35.0,18750.0
KAYSERİ,KOCASİNAN,SÜMER MAHALLESİ,38.74218,35.45951,120.0,2016.0,,3.0,2800000.0,2026-05-20 15:25:00,Apartman/Mesken,4.0,2026.0,10.0,23333.333333333332
KAYSERİ,KOCASİNAN,PERVANE MAHALLESİ,38.74159,35.48972,100.0,1976.0,,3.0,1950000.0,2026-05-21 09:50:00,Apartman/Mesken,2.0,2026.0,50.0,19500.0
KAYSERİ,KOCASİNAN,SEYRANİ MAHALLESİ,38.7493,35.4766,144.0,2023.0,,3.0,5800000.0,2026-05-21 12:35:00,Apartman/Mesken,12.0,2026.0,3.0,40277.77777777778
KAYSERİ,KOCASİNAN,ZİYA GÖKALP MAHALLESİ,38.745345,35.44237,97.0,1992.0,,3.0,2250000.0,2026-05-21 15:50:00,Apartman/Mesken,3.0,2026.0,34.0,23195.876288659794
KAYSERİ,MELİKGAZİ,MİMARSİNAN MAHALLESİ,38.76354,35.610809,75.0,2015.0,,3.0,1800000.0,2026-05-22 14:10:00,Apartman/Mesken,0.0,2026.0,11.0,24000.0
KAYSERİ,MELİKGAZİ,BATTALGAZİ MAHALLESİ,38.7104,35.4732,112.0,2020.0,,2.0,3800000.0,2026-05-25 22:27:00,Apartman/Mesken,7.0,2026.0,6.0,33928.57142857143
KAYSERİ,TALAS,TALAS MAHALLESİ,38.712495,35.56336,135.0,2021.0,,2.0,4600000.0,2026-05-25 19:17:00,Apartman/Mesken,9.0,2026.0,5.0,34074.07407407407
KAYSERİ,KOCASİNAN,ERKİLET CAMİKEBİR MAHALLESİ,38.779664,35.444795,77.0,2024.0,,3.0,2250000.0,2026-06-01 15:25:00,Apartman/Mesken,2.0,2026.0,2.0,29220.77922077922
KAYSERİ,KOCASİNAN,ERKİLET OSMANGAZİ MAHALLESİ,38.7892,35.4612,183.0,2026.0,,3.0,4350000.0,2026-06-02 12:50:00,Apartman/Mesken,8.0,2026.0,0.0,23770.491803278688
KAYSERİ,KOCASİNAN,PERVANE MAHALLESİ,38.7455,35.4986,125.0,2017.0,,2.0,4000000.0,2026-06-03 11:20:00,Apartman/Mesken,1.0,2026.0,9.0,32000.0
KAYSERİ,TALAS,TALAS MAHALLESİ,38.702,35.57404,72.0,2024.0,,3.0,2850000.0,2026-06-03 08:50:00,Apartman/Mesken,3.0,2026.0,2.0,39583.333333333336
KAYSERİ,MELİKGAZİ,ŞİRİNTEPE MAHALLESİ,38.741585,35.581239,108.0,2025.0,,2.0,3700000.0,2026-06-03 09:50:00,Apartman/Mesken,10.0,2026.0,1.0,34259.25925925926
KAYSERİ,ÖZVATAN,CUMHURİYET Mah. MAHALLESİ,39.116985,35.69161,155.0,2010.0,,3.0,2785000.0,2026-06-04 08:25:00,Apartman/Mesken,,2026.0,16.0,17967.74193548387
KAYSERİ,MELİKGAZİ,HUNAT MAHALLESİ,38.7218,35.4979,180.0,2017.0,,1.0,13000000.0,2026-06-04 11:15:00,Apartman/Mesken,15.0,2026.0,9.0,72222.22222222222
KAYSERİ,SARIOĞLAN,ŞENYURT MAHALLESİ,39.064825,35.97126,135.0,2026.0,,3.0,3300000.0,2026-06-05 14:00:00,Apartman/Mesken,2.0,2026.0,0.0,24444.444444444445
KAYSERİ,KOCASİNAN,ERKİLET GENERALEMİR M MAHALLESİ,38.80772,35.467715,192.0,2026.0,,2.0,7300000.0,2026-06-06 22:39:00,Apartman/Mesken,,2026.0,0.0,38020.833333333336
KAYSERİ,MELİKGAZİ,KEYKUBAT MAHALLESİ,38.743,35.4019,105.0,1985.0,,4.0,1700000.0,2026-06-05 12:30:00,Apartman/Mesken,0.0,2026.0,41.0,16190.47619047619
KAYSERİ,MELİKGAZİ,HÜRRİYET MAHALLESİ,38.714735,35.46694,75.0,1980.0,,4.0,1350000.0,2026-06-08 14:54:00,Apartman/Mesken,0.0,2026.0,46.0,18000.0
KAYSERİ,MELİKGAZİ,YILDIRIM BEYAZIT MAHALLESİ,38.72176,35.54014,144.0,2022.0,,2.0,8000000.0,2026-06-09 15:45:00,Apartman/Mesken,3.0,2026.0,4.0,55555.555555555555
KAYSERİ,MELİKGAZİ,MELİKGAZİ MAHALLESİ,38.73051,35.526075,172.0,2020.0,,2.0,12000000.0,2026-06-09 16:37:00,Apartman/Mesken,11.0,2026.0,6.0,69767.44186046511
KAYSERİ,MELİKGAZİ,ERENKÖY MAHALLESİ,38.6757,35.5104,440.0,2021.0,,2.0,28600000.0,2026-06-09 16:51:00,Apartman/Mesken,-1.0,2026.0,5.0,65000.0
KAYSERİ,MELİKGAZİ,19 MAYIS MAHALLESİ,38.7428,35.3834,113.0,2023.0,,2.0,4000000.0,2026-06-09 10:07:00,Apartman/Mesken,2.0,2026.0,3.0,35398.23008849558
KAYSERİ,MELİKGAZİ,KEYKUBAT MAHALLESİ,38.7419,35.3931,100.0,1995.0,,3.0,2400000.0,2026-06-08 16:07:00,Apartman/Mesken,8.0,2026.0,31.0,24000.0
KAYSERİ,MELİKGAZİ,GESİ MAHALLESİ,38.788755,35.605385,133.0,2022.0,,2.0,4800000.0,2026-06-08 16:06:00,Apartman/Mesken,6.0,2026.0,4.0,36090.22556390977
KAYSERİ,KOCASİNAN,SARAYBOSNA MAHALLESİ,38.755345,35.51032,134.0,2022.0,,2.0,8800000.0,2026-06-10 13:00:00,Apartman/Mesken,6.0,2026.0,4.0,65671.64179104478
KAYSERİ,MELİKGAZİ,KÖŞKDAĞI MAHALLESİ,38.7171,35.5021,138.0,2004.0,,3.0,3250000.0,2026-06-10 17:19:00,Apartman/Mesken,3.0,2026.0,22.0,23550.72463768116
KAYSERİ,KOCASİNAN,ERTUĞRUL GAZİ MAHALLESİ,38.7955,35.4455,138.0,2010.0,,3.0,3250000.0,2026-06-10 15:50:00,Apartman/Mesken,5.0,2026.0,16.0,23550.72463768116
KAYSERİ,KOCASİNAN,PERVANE MAHALLESİ,38.7572,35.4948,134.0,2013.0,,2.0,3550000.0,2026-06-10 14:51:00,Apartman/Mesken,9.0,2026.0,13.0,26492.537313432837
KAYSERİ,KOCASİNAN,PERVANE MAHALLESİ,38.7415,35.4983,173.0,2016.0,,2.0,5750000.0,2026-06-11 10:55:00,Apartman/Mesken,11.0,2026.0,10.0,33236.99421965318
KAYSERİ,KOCASİNAN,PERVANE MAHALLESİ,38.73911,35.488785,159.0,1996.0,,4.0,3150000.0,2026-06-10 13:44:00,Apartman/Mesken,1.0,2026.0,30.0,19811.32075471698
KAYSERİ,KOCASİNAN,YENİDOĞAN MAHALLESİ,38.751705,35.43801,124.0,2023.0,,2.0,3550000.0,2026-06-11 07:05:00,Apartman/Mesken,3.0,2026.0,3.0,28629.032258064515
KAYSERİ,KOCASİNAN,ERTUĞRUL GAZİ MAHALLESİ,38.7941,35.4463,130.0,2016.0,,2.0,3200000.0,2026-06-12 10:10:00,Apartman/Mesken,6.0,2026.0,10.0,24615.384615384617
KAYSERİ,MELİKGAZİ,ALTINOLUK MAHALLESİ,38.6897,35.4272,200.0,2024.0,,2.0,12000000.0,2026-06-15 10:42:00,Apartman/Mesken,-1.0,2026.0,2.0,60000.0
KAYSERİ,MELİKGAZİ,ALTINOLUK MAHALLESİ,38.6882,35.4277,222.0,2025.0,,2.0,13200000.0,2026-06-15 11:19:00,Apartman/Mesken,1.0,2026.0,1.0,59459.45945945946
KAYSERİ,MELİKGAZİ,EĞRİBUCAK MAHALLESİ,38.6859,35.4289,210.0,2023.0,,2.0,12400000.0,2026-06-16 01:28:00,Apartman/Mesken,-1.0,2026.0,3.0,59047.619047619046
KAYSERİ,MELİKGAZİ,ALTINOLUK MAHALLESİ,38.6883,35.4333,308.0,2022.0,,2.0,13750000.0,2026-06-15 22:09:00,Apartman/Mesken,-1.0,2026.0,4.0,44642.857142857145
KAYSERİ,TALAS,TALAS MAHALLESİ,38.7079,35.5716,70.0,2025.0,,2.0,2900000.0,2026-06-15 22:43:00,Apartman/Mesken,11.0,2026.0,1.0,41428.57142857143
KAYSERİ,KOCASİNAN,ERTUĞRUL GAZİ MAHALLESİ,38.78482,35.447805,127.0,2025.0,,3.0,4000000.0,2026-06-15 14:05:00,Apartman/Mesken,2.0,2026.0,1.0,31496.062992125986
KAYSERİ,KOCASİNAN,PERVANE MAHALLESİ,38.748594,35.49955,158.0,2022.0,,2.0,6750000.0,2026-06-15 14:35:00,Apartman/Mesken,4.0,2026.0,4.0,42721.51898734177
KAYSERİ,MELİKGAZİ,BATTALGAZİ MAHALLESİ,38.708794,35.4735,116.0,2025.0,,2.0,4200000.0,2026-06-15 12:49:00,Apartman/Mesken,3.0,2026.0,1.0,36206.89655172414
KAYSERİ,KOCASİNAN,BUĞDAYLI Mah. MAHALLESİ,38.798869,35.544075,202.0,1986.0,,4.0,4265000.0,2026-06-15 15:25:00,Apartman/Mesken,,2026.0,40.0,21113.861386138615
KAYSERİ,TALAS,TALAS MAHALLESİ,38.6993,35.5665,119.0,2013.0,,3.0,3100000.0,2026-06-17 10:05:00,Apartman/Mesken,3.0,2026.0,13.0,26050.420168067227
KAYSERİ,TOMARZA,KURTULUŞ Mah. MAHALLESİ,38.4494,35.7916,183.0,2001.0,,3.0,9100000.0,2026-06-18 11:13:00,Apartman/Mesken,,2026.0,25.0,49726.77595628415
KAYSERİ,MELİKGAZİ,GESİ MAHALLESİ,38.788805,35.601855,131.0,2019.0,,3.0,4000000.0,2026-06-16 17:25:00,Apartman/Mesken,8.0,2026.0,7.0,30534.351145038167
KAYSERİ,MELİKGAZİ,ERENKÖY MAHALLESİ,38.67559,35.513435,307.0,2023.0,,1.0,25700000.0,2026-06-18 15:22:00,Apartman/Mesken,1.0,2026.0,3.0,83713.35504885993
KAYSERİ,MELİKGAZİ,DEMOKRASİ MAHALLESİ,38.76461,35.59914,110.0,2007.0,,3.0,2600000.0,2026-06-17 16:45:00,Apartman/Mesken,5.0,2026.0,19.0,23636.363636363636
KAYSERİ,MELİKGAZİ,KAYABAĞ Mah. MAHALLESİ,38.7603,35.6724,234.0,2022.0,,2.0,9850000.0,2026-06-22 10:47:00,Apartman/Mesken,,2026.0,4.0,42094.017094017094
KAYSERİ,MELİKGAZİ,GESİ MAHALLESİ,38.7929,35.5923,80.0,1989.0,,3.0,2000000.0,2026-06-19 09:45:00,Apartman/Mesken,4.0,2026.0,37.0,25000.0
KAYSERİ,MELİKGAZİ,KEYKUBAT MAHALLESİ,38.7489,35.3902,74.0,1995.0,,3.0,2000000.0,2026-06-22 12:00:00,Apartman/Mesken,6.0,2026.0,31.0,27027.027027027027
KAYSERİ,KOCASİNAN,PERVANE MAHALLESİ,38.7379,35.4959,139.0,2016.0,,3.0,4500000.0,2026-06-22 10:35:00,Apartman/Mesken,9.0,2026.0,10.0,32374.10071942446
KAYSERİ,MELİKGAZİ,KILIÇASLAN MAHALLESİ,38.723675,35.499255,138.0,1992.0,,4.0,3000000.0,2026-06-22 08:25:00,Apartman/Mesken,5.0,2026.0,34.0,21739.130434782608
KAYSERİ,MELİKGAZİ,ALPASLAN MAHALLESİ,38.72572,35.51126,236.0,1993.0,,2.0,8350000.0,2026-06-22 09:15:00,Apartman/Mesken,9.0,2026.0,33.0,35381.35593220339
KAYSERİ,MELİKGAZİ,1.ESKİŞEHİR MAHALLESİ,38.6979,35.4884,124.0,1998.0,,3.0,3200000.0,2026-06-22 17:18:00,Apartman/Mesken,7.0,2026.0,28.0,25806.451612903227
KAYSERİ,KOCASİNAN,ERKİLET GENERALEMİR MAHALLESİ,38.80574,35.45403,100.0,1988.0,,4.0,2100000.0,2026-06-22 07:45:00,Apartman/Mesken,2.0,2026.0,38.0,21000.0
KAYSERİ,PINARBAŞI,HÜRRİYET MAHALLESİ,38.72457,36.37447,100.0,2010.0,,3.0,2600000.0,2026-06-24 12:40:00,Apartman/Mesken,1.0,2026.0,16.0,26000.0
KAYSERİ,TALAS,HARMAN MAHALLESİ,38.6789,35.5514,211.0,2026.0,,2.0,16200000.0,2026-06-25 09:37:00,Apartman/Mesken,1.0,2026.0,0.0,76777.25118483412
KAYSERİ,KOCASİNAN,PERVANE MAHALLESİ,38.74598,35.49663,127.0,2022.0,,2.0,5000000.0,2026-06-23 09:05:00,Apartman/Mesken,8.0,2026.0,4.0,39370.07874015748
KAYSERİ,TALAS,TALAS MAHALLESİ,38.715475,35.56487,88.0,2023.0,,2.0,3600000.0,2026-06-24 16:26:00,Apartman/Mesken,13.0,2026.0,3.0,40909.09090909091
KAYSERİ,MELİKGAZİ,KEYKUBAT MAHALLESİ,38.7488,35.3892,121.0,1998.0,,3.0,2700000.0,2026-06-25 12:48:00,Apartman/Mesken,6.0,2026.0,28.0,22314.04958677686
KAYSERİ,KOCASİNAN,SÜMER MAHALLESİ,38.744075,35.46285,102.0,1975.0,,4.0,1850000.0,2026-06-24 09:50:00,Apartman/Mesken,0.0,2026.0,51.0,18137.254901960783
KAYSERİ,TALAS,TALAS MAHALLESİ,38.70476,35.572245,75.0,2025.0,,3.0,2900000.0,2026-06-24 17:40:00,Apartman/Mesken,3.0,2026.0,1.0,38666.666666666664
KAYSERİ,MELİKGAZİ,ALTINOLUK MAHALLESİ,38.69617,35.441935,272.0,2022.0,,3.0,15000000.0,2026-06-25 17:08:00,Apartman/Mesken,1.0,2026.0,4.0,55147.05882352941
KAYSERİ,KOCASİNAN,KÖTÜGÖLLER MAHALLESİ,38.758695,35.49263,100.0,1998.0,,3.0,2400000.0,2026-06-26 09:40:00,Apartman/Mesken,0.0,2026.0,28.0,24000.0
KAYSERİ,KOCASİNAN,SARAYBOSNA MAHALLESİ,38.756376,35.510476,136.0,2020.0,,3.0,5050000.0,2026-06-26 10:25:00,Apartman/Mesken,3.0,2026.0,6.0,37132.35294117647
KAYSERİ,İNCESU,SARIKÜRKLÜ Mah. MAHALLESİ,38.6615,35.2889,440.0,2015.0,,3.0,10490000.0,2026-06-26 11:50:00,Apartman/Mesken,,2026.0,11.0,23840.909090909092
KAYSERİ,MELİKGAZİ,YEŞİLYURT MAHALLESİ,38.7918,35.6199,120.0,2021.0,,3.0,4300000.0,2026-06-30 15:15:00,Apartman/Mesken,7.0,2026.0,5.0,35833.333333333336
KAYSERİ,MELİKGAZİ,YEŞİLYURT MAHALLESİ,38.7955,35.6101,133.0,2020.0,,3.0,3700000.0,2026-07-01 10:00:00,Apartman/Mesken,14.0,2026.0,6.0,27819.54887218045
KAYSERİ,TALAS,TALAS MAHALLESİ,38.7145,35.5659,135.0,2026.0,,2.0,5400000.0,2026-07-02 10:38:00,Apartman/Mesken,10.0,2026.0,0.0,40000.0
KAYSERİ,KOCASİNAN,SÜMER MAHALLESİ,38.7465,35.4529,143.0,2013.0,,2.0,3500000.0,2026-07-06 10:25:00,Apartman/Mesken,14.0,2026.0,13.0,24475.524475524475
KAYSERİ,KOCASİNAN,HACI KILINÇ MAHALLESİ,38.7276,35.4927,217.0,2024.0,,2.0,13500000.0,2026-07-06 11:14:00,Apartman/Mesken,7.0,2026.0,2.0,62211.98156682028
KAYSERİ,TALAS,TALAS MAHALLESİ,38.7024,35.5528,100.0,2015.0,,2.0,3300000.0,2026-07-03 16:50:00,Apartman/Mesken,9.0,2026.0,11.0,33000.0
KAYSERİ,KOCASİNAN,PERVANE MAHALLESİ,38.7472,35.5063,165.0,2026.0,,2.0,6000000.0,2026-07-06 17:52:00,Apartman/Mesken,14.0,2026.0,0.0,36363.63636363636
KAYSERİ,BÜNYAN,SAĞLIK MAHALLESİ,38.850435,35.868595,95.0,1988.0,,4.0,1550000.0,2026-07-06 10:30:00,Apartman/Mesken,2.0,2026.0,38.0,16315.78947368421
KAYSERİ,KOCASİNAN,ERKİLET OSMANGAZİ MAHALLESİ,38.7919,35.4622,120.0,2024.0,,3.0,3300000.0,2026-07-07 09:50:00,Apartman/Mesken,4.0,2026.0,2.0,27500.0
KAYSERİ,MELİKGAZİ,KEYKUBAT MAHALLESİ,38.74469,35.396078,80.0,1995.0,,3.0,1900000.0,2026-07-07 15:41:00,Apartman/Mesken,4.0,2026.0,31.0,23750.0
KAYSERİ,KOCASİNAN,YENİDOĞAN MAHALLESİ,38.75,35.4454,102.0,2022.0,,2.0,2600000.0,2026-07-08 16:14:00,Apartman/Mesken,0.0,2026.0,4.0,25490.196078431374
KAYSERİ,KOCASİNAN,ERKİLET CAMİKEBİR MAHALLESİ,38.7775,35.439,138.0,2023.0,,3.0,3500000.0,2026-07-08 11:20:00,Apartman/Mesken,2.0,2026.0,3.0,25362.318840579712
KAYSERİ,KOCASİNAN,PERVANE MAHALLESİ,38.7554,35.4971,113.0,2026.0,,2.0,3500000.0,2026-07-13 11:54:00,Apartman/Mesken,10.0,2026.0,0.0,30973.451327433628
KAYSERİ,TALAS,KİÇİKÖY MAHALLESİ,38.69956,35.545604,128.0,2010.0,,3.0,3500000.0,2026-07-10 15:30:00,Apartman/Mesken,5.0,2026.0,16.0,27343.75
KAYSERİ,MELİKGAZİ,BATTALGAZİ MAHALLESİ,38.7003,35.4793,67.0,2014.0,,2.0,1850000.0,2026-07-14 10:17:00,Apartman/Mesken,1.0,2026.0,12.0,27611.940298507463
KAYSERİ,TALAS,HARMAN MAHALLESİ,38.683525,35.548485,141.0,2015.0,,3.0,4950000.0,2026-07-14 10:50:00,Apartman/Mesken,5.0,2026.0,11.0,35106.382978723406
KAYSERİ,MELİKGAZİ,KIRANARDI MAHALLESİ,38.63145,35.539275,105.0,2005.0,,3.0,2165000.0,,Apartman/Mesken,5.0,,,20619.04761904762
KAYSERİ,KOCASİNAN,ERKİLET OSMANGAZİ MAHALLESİ,38.7876,35.4561,132.0,2020.0,,3.0,3800000.0,2026-07-14 16:00:00,Apartman/Mesken,1.0,2026.0,6.0,28787.878787878788
